{
    "testproblem": "quadratic_deep",
    "batch_size": 128,
    "num_epochs": 100,
    "random_seed": 42,
    "l2_reg": null,
    "optimizer_name": "NAG",
    "optimizer_hyperparams": {
        "learning_rate": 0.0004207988669606635,
        "momentum": 0.9995792946049712,
        "use_locking": false,
        "use_nesterov": true
    },
    "training_params": {
        "lr_sched_epochs": [
            1,
            2,
            3,
            4,
            5,
            6,
            7,
            8,
            9,
            10,
            11,
            12,
            13,
            14,
            15,
            16,
            17,
            18,
            19,
            20,
            21,
            22,
            23,
            24,
            25,
            26,
            27,
            28,
            29,
            30,
            31,
            32,
            33,
            34,
            35,
            36,
            37,
            38,
            39,
            40,
            41,
            42,
            43,
            44,
            45,
            46,
            47,
            48,
            49,
            50,
            51,
            52,
            53,
            54,
            55,
            56,
            57,
            58,
            59,
            60,
            61,
            62,
            63,
            64,
            65,
            66,
            67,
            68,
            69,
            70,
            71,
            72,
            73,
            74,
            75,
            76,
            77,
            78,
            79,
            80,
            81,
            82,
            83,
            84,
            85,
            86,
            87,
            88,
            89,
            90,
            91,
            92,
            93,
            94,
            95,
            96,
            97,
            98,
            99,
            100
        ],
        "lr_sched_factors": [
            0.1,
            0.2,
            0.3,
            0.4,
            0.5,
            0.6,
            0.7,
            0.8,
            0.9,
            1.0,
            1.0,
            1.0,
            1.0,
            1.0,
            1.0,
            1.0,
            1.0,
            1.0,
            1.0,
            1.0,
            1.0,
            1.0,
            1.0,
            1.0,
            1.0,
            1.0,
            1.0,
            1.0,
            1.0,
            1.0,
            1.0,
            1.0,
            1.0,
            1.0,
            1.0,
            1.0,
            1.0,
            1.0,
            1.0,
            1.0,
            1.0,
            1.0,
            1.0,
            1.0,
            1.0,
            1.0,
            1.0,
            1.0,
            1.0,
            1.0,
            1.0,
            1.0,
            1.0,
            1.0,
            1.0,
            1.0,
            1.0,
            1.0,
            1.0,
            1.0,
            1.0,
            1.0,
            1.0,
            1.0,
            1.0,
            1.0,
            1.0,
            1.0,
            1.0,
            1.0,
            1.0,
            1.0,
            1.0,
            1.0,
            1.0,
            1.0,
            1.0,
            1.0,
            1.0,
            1.0,
            1.0,
            1.0,
            1.0,
            1.0,
            1.0,
            1.0,
            1.0,
            1.0,
            1.0,
            1.0,
            0.9090909090909091,
            0.8181818181818181,
            0.7272727272727273,
            0.6363636363636364,
            0.5454545454545454,
            0.4545454545454546,
            0.36363636363636365,
            0.2727272727272727,
            0.18181818181818177,
            0.09090909090909094
        ]
    },
    "train_losses": [
        355.276114327567,
        149.12036786760603,
        131.0302233014788,
        107.92007991245815,
        130.09381757463728,
        211.4717036655971,
        250.15928431919642,
        172.14929417201452,
        119.0703364780971,
        184.92212568010603,
        192.47142246791296,
        129.1115482875279,
        142.74016462053572,
        143.9862322126116,
        117.700681413923,
        128.31106458391463,
        126.08077893938336,
        107.24546922956195,
        117.9077649797712,
        125.11085292271206,
        110.32155936104911,
        110.41708265032086,
        122.20909772600446,
        117.9951640537807,
        109.45139530726841,
        114.53613935198102,
        118.7195053100586,
        110.9761483328683,
        106.77073887416294,
        110.567138671875,
        108.1740962437221,
        101.56516810825893,
        101.15782056535993,
        101.60427965436664,
        98.09152439662388,
        95.9782943725586,
        96.20092119489398,
        96.08281489780971,
        95.94075230189732,
        96.0146484375,
        96.79844120570591,
        98.58562578473773,
        99.45982360839844,
        99.73197937011719,
        101.38687351771763,
        102.78559330531529,
        102.49819728306362,
        102.48022133963448,
        102.96356092180524,
        102.23977334158761,
        100.8291516985212,
        99.8480224609375,
        98.6944111415318,
        96.95972551618304,
        95.27133287702289,
        93.96292877197266,
        92.81358664376395,
        91.73072705950055,
        90.98825291224888,
        90.79891422816685,
        90.95388357979911,
        91.28128487723214,
        91.98875645228794,
        93.10591452462333,
        94.30067988804409,
        95.46400560651507,
        96.7230246407645,
        97.95175497872489,
        98.90520804268974,
        99.59491620744977,
        100.09664916992188,
        100.30167497907367,
        100.1309323992048,
        99.69027818952289,
        99.06949615478516,
        98.25498635428292,
        97.29225703648159,
        96.31188092912946,
        95.39119502476284,
        94.54704175676618,
        93.83318982805524,
        93.32784598214286,
        93.0516106741769,
        92.97725677490234,
        93.0947734287807,
        93.39896065848214,
        93.83760942731585,
        94.336916242327,
        94.85248783656529,
        95.34528459821429,
        95.75029863630023,
        96.01325225830078,
        96.09962354387555,
        96.02016230991909,
        95.79210989815849,
        95.44983346121651,
        95.0399169921875,
        94.6077128819057,
        94.19223240443638,
        93.82837894984654,
        93.54981013706752
    ],