{
    "testproblem": "quadratic_deep",
    "batch_size": 128,
    "num_epochs": 100,
    "random_seed": 42,
    "l2_reg": null,
    "optimizer_name": "GradientDescentOptimizer",
    "optimizer_hyperparams": {
        "learning_rate": 0.00017073967431528115
    },
    "training_params": {
        "lr_sched_epochs": [
            1,
            2,
            3,
            4,
            5,
            6,
            7,
            8,
            9,
            10,
            11,
            12,
            13,
            14,
            15,
            16,
            17,
            18,
            19,
            20,
            21,
            22,
            23,
            24,
            25,
            26,
            27,
            28,
            29,
            30,
            31,
            32,
            33,
            34,
            35,
            36,
            37,
            38,
            39,
            40,
            41,
            42,
            43,
            44,
            45,
            46,
            47,
            48,
            49,
            50,
            51,
            52,
            53,
            54,
            55,
            56,
            57,
            58,
            59,
            60,
            61,
            62,
            63,
            64,
            65,
            66,
            67,
            68,
            69,
            70,
            71,
            72,
            73,
            74,
            75,
            76,
            77,
            78,
            79,
            80,
            81,
            82,
            83,
            84,
            85,
            86,
            87,
            88,
            89,
            90,
            91,
            92,
            93,
            94,
            95,
            96,
            97,
            98,
            99,
            100
        ],
        "lr_sched_factors": [
            0.9755282581475768,
            0.9045084971874737,
            0.7938926261462366,
            0.6545084971874737,
            0.5,
            0.34549150281252633,
            0.2061073738537635,
            0.09549150281252633,
            0.024471741852423234,
            1,
            0.9938441702975689,
            0.9755282581475768,
            0.9455032620941839,
            0.9045084971874737,
            0.8535533905932737,
            0.7938926261462366,
            0.7269952498697734,
            0.6545084971874737,
            0.5782172325201155,
            0.5,
            0.42178276747988447,
            0.34549150281252633,
            0.2730047501302266,
            0.2061073738537635,
            0.14644660940672627,
            0.09549150281252633,
            0.054496737905816106,
            0.024471741852423234,
            0.00615582970243117,
            1,
            0.998458666866564,
            0.9938441702975689,
            0.9861849601988383,
            0.9755282581475768,
            0.9619397662556434,
            0.9455032620941839,
            0.9263200821770461,
            0.9045084971874737,
            0.8802029828000155,
            0.8535533905932737,
            0.8247240241650917,
            0.7938926261462366,
            0.7612492823579744,
            0.7269952498697734,
            0.6913417161825449,
            0.6545084971874737,
            0.6167226819279528,
            0.5782172325201155,
            0.5392295478639225,
            0.5,
            0.4607704521360776,
            0.42178276747988447,
            0.38327731807204746,
            0.34549150281252633,
            0.30865828381745514,
            0.2730047501302266,
            0.2387507176420256,
            0.2061073738537635,
            0.17527597583490823,
            0.14644660940672627,
            0.11979701719998453,
            0.09549150281252633,
            0.07367991782295391,
            0.054496737905816106,
            0.03806023374435663,
            0.024471741852423234,
            0.013815039801161721,
            0.00615582970243117,
            0.001541333133436018,
            1,
            0.9996145181203615,
            0.998458666866564,
            0.9965342284774632,
            0.9938441702975689,
            0.9903926402016152,
            0.9861849601988383,
            0.9812276182268236,
            0.9755282581475768,
            0.9690956679612421,
            0.9619397662556434,
            0.9540715869125407,
            0.9455032620941839,
            0.9362480035363986,
            0.9263200821770461,
            0.9157348061512727,
            0.9045084971874737,
            0.8926584654403724,
            0.8802029828000155,
            0.8671612547178428,
            0.8535533905932737,
            0.839400372766471,
            0.8247240241650917,
            0.8095469746549171,
            0.7938926261462366,
            0.7777851165098011,
            0.7612492823579744,
            0.7443106207484775,
            0.7269952498697734,
            0.7093298687687141,
            0.6913417161825449
        ]
    },
    "train_losses": [
        408.22987147739957,
        377.14363752092635,
        349.92834908621654,
        327.16404506138394,
        308.95931134905135,
        295.0963832310268,
        285.1561017717634,
        278.59948294503346,
        274.80528041294644,
        273.0765947614397,
        272.6365705217634,
        255.55284118652344,
        240.31108747209822,
        226.86051068987166,
        215.10726710728235,
        204.92984662737166,
        196.19200570242745,
        188.75276402064733,
        182.47369820731026,
        177.22365025111608,
        172.8813956124442,
        169.336665562221,
        166.4900142124721,
        164.2518027169364,
        162.5406014578683,
        161.28133937290735,
        160.40330505371094,
        159.83813694545202,
        159.51819065638952,
        159.3751438685826,
        159.33921377999442,
        153.7817121233259,
        148.7881862095424,
        144.31255449567522,
        140.3098406110491,
        136.73680550711495,
        133.5524444580078,
        130.7183064052037,
        128.1987021309989,
        125.96078709193638,
        123.97452872140067,
        122.21270533970424,
        120.65072958809989,
        119.26651000976562,
        118.04031263078961,
        116.9545429774693,
        115.9935771397182,
        115.14357212611607,
        114.39228275844029,
        113.72890908377511,
        113.14391544886998,
        112.62891496930804,
        112.17649514334542,
        111.78011757986886,
        111.43402753557477,
        111.13311004638672,
        110.87281363351005,
        110.64910016741071,
        110.45833260672433,
        110.29721069335938,
        110.16273280552456,
        110.05213383265904,
        109.96283612932477,
        109.8924091884068,
        109.83852059500558,
        109.79891204833984,
        109.77137320382255,
        109.75371769496373,
        109.74377332414899,
        109.73934827532086,
        109.73823765345982,
        109.05072348458427,
        108.42696162632534,
        107.86106436593192,
        107.34763554164341,
        106.88171931675502,
        106.45879799979073,
        106.07475934709821,
        105.72585623604911,
        105.40868159702846,
        105.12015969412667,
        104.85748400006976,
        104.61813790457589,
        104.39983367919922,
        104.20052337646484,
        104.01833888462612,
        103.85162026541573,
        103.69885907854352,
        103.55871473039899,
        103.42996651785714,
        103.31152452741351,
        103.20241437639508,
        103.10175541469029,
        103.0087661743164,
        102.92274257114956,
        102.84304482596261,
        102.76910945347377,
        102.70042964390346,
        102.6365498134068,
        102.57705579485211,
        102.52158791678292
    ],