{"testproblem": "mnist_mlp", "batch_size": 128, "num_epochs": 100, "random_seed": 44, "weight_decay": null, "optimizer_name": "SGD", "optimizer_hyperparams": {"lr": 1.0}, "train_losses": [2.301740973423689, 2.3016174664864173, 2.306551068257063, 2.303278629596417, 2.302790195513994, 2.301544956671886, 2.3032021553088455, 2.303873899655464, 2.302903270110106, 2.304023809922047, 2.3021925137593198, 2.303079054905818, 2.302244097758562, 2.3030096934391904, 2.3032177411592922, 2.3032847948563404, 2.3036993864255075, 2.3023319244384766, 2.301946759223938, 2.3041374561114187, 2.3034710028232674, 2.302726932061024, 2.3026301830242843, 2.303359566590725, 2.30232036113739, 2.3037033875783286, 2.3028701757773375, 2.3034621538260045, 2.3053948329045224, 2.303222906895173, 2.3016793789007726, 2.3058456763243065, 2.304253180821737, 2.303812023920891, 2.302728506234976, 2.304392484518198, 2.301388223965963, 2.303431679040958, 2.3042766008621607, 2.3047939172157874, 2.3027807015639086, 2.306524212543781, 2.3027189694918118, 2.301926239942893, 2.303520997365316, 2.3028953870137534, 2.302126881403801, 2.3037543143981543, 2.3046713792360745, 2.302362772134634, 2.303157396805592, 2.30267142638182, 2.305215062239231, 2.3026858231960197, 2.3021046014932485, 2.3024688439491467, 2.304576577284397, 2.304936464016254, 2.3047145360555406, 2.3017774392396975, 2.3053040473889084, 2.3049861192703247, 2.3025856751662035, 2.303302826025547, 2.3025692945871596, 2.3039369827661758, 2.3018001379110875, 2.303535235233796, 2.304634173711141, 2.30388238796821, 2.306452977351653, 2.3023773645743346, 2.3018851708143186, 2.304206349910834, 2.3026423179186306, 2.30484524445656, 2.301365824846121, 2.304551194875668, 2.30126966879918, 2.301658061834482, 2.302600701649984, 2.3013212833649073, 2.3017510145138473, 2.301954672886775, 2.3022906535711045, 2.3047341719651833, 2.3057760489292636, 2.303581173603351, 2.3036965865355272, 2.3029633393654456, 2.3035272512680445, 2.304255629197145, 2.3029242295485277, 2.3022773571503468, 2.3046723848734145, 2.302119655486865, 2.303709088227688, 2.302597369903173, 2.3024711028123512, 2.302970167918083, 2.3036341606042323], "test_losses": [2.301934132209191, 2.3024583015686426, 2.3044504935924826, 2.302050223717323, 2.302472099279746, 2.3018980484742384, 2.303371316347367, 2.3034977454405565, 2.302779488074474, 2.3029248317082724, 2.3022584517796836, 2.3033180848146095, 2.3017544135069237, 2.3026799941674256, 2.3036615267778053, 2.303122049722916, 2.3023885824741464, 2.3036489547827306, 2.303492014224713, 2.3024725638903103, 2.3023717525677805, 2.302687788620973, 2.303423606432401, 2.302431201323485, 2.3026849306546726, 2.301383198835911, 2.302385531938993, 2.3039050713563576, 2.3040428314453516, 2.3022720844317703, 2.3017746148965297, 2.3053681544768505, 2.30341684512603, 2.304543000001174, 2.302694030297108, 2.3035859358616366, 2.3028791898336167, 2.3026644052603307, 2.3028393800442037, 2.303414298937871, 2.30242330294389, 2.306649061349722, 2.303737001541333, 2.3016482836160903, 2.302180696756412, 2.3036809915151353, 2.3027731027358618, 2.3026361220922227, 2.30429399624849, 2.3023558335426526, 2.303842679048196, 2.3029102973448925, 2.3046871026357016, 2.3023735590470142, 2.3017217960113134, 2.302648889712798, 2.303675746306395, 2.3026779339863706, 2.303571404554905, 2.3027152526072965, 2.305265955435924, 2.303415218989054, 2.302708252882346, 2.302933870217739, 2.302102593275217, 2.3031606001731677, 2.302668137428088, 2.3020705595994606, 2.303380901996906, 2.3032223077920766, 2.3047234339591784, 2.3020541423406358, 2.301345409491123, 2.302805008032383, 2.3031907754066663, 2.3052849494493923, 2.301684544636653, 2.3045273377345157, 2.302117271301074, 2.301849692295759, 2.3033426663814445, 2.302370838629894, 2.301496582153516, 2.301950292709546, 2.301637683159266, 2.3035403856864343, 2.3056976275566297, 2.3027753952221994, 2.3040691980948815, 2.30380441286625, 2.3037739319679065, 2.30261291601719, 2.302079063195449, 2.302440887842423, 2.30393770413521, 2.3037974070280027, 2.3033784322249584, 2.3027321833830614, 2.302245849218124, 2.3031843105951944, 2.3024332584478917], "train_accuracies": [0.13291266025641027, 0.10596955128205128, 0.09825721153846154, 0.10657051282051282, 0.10526842948717949, 0.11478365384615384, 0.11438301282051282, 0.11348157051282051, 0.11568509615384616, 0.11157852564102565, 0.11137820512820513, 0.10576923076923077, 0.11227964743589744, 0.11087740384615384, 0.10486778846153846, 0.10196314102564102, 0.10797275641025642, 0.10987580128205128, 0.11658653846153846, 0.11107772435897435, 0.10837339743589744, 0.10486778846153846, 0.10296474358974358, 0.10867387820512821, 0.11578525641025642, 0.10797275641025642, 0.10817307692307693, 0.10947516025641026, 0.0946514423076923, 0.09845753205128205, 0.11127804487179487, 0.11318108974358974, 0.10026041666666667, 0.11087740384615384, 0.11298076923076923, 0.10657051282051282, 0.10737179487179487, 0.11067708333333333, 0.11358173076923077, 0.11067708333333333, 0.10616987179487179, 0.10346554487179487, 0.11909054487179487, 0.11428285256410256, 0.10096153846153846, 0.1024639423076923, 0.11828926282051282, 0.11007612179487179, 0.09745592948717949, 0.0946514423076923, 0.11247996794871795, 0.11137820512820513, 0.11207932692307693, 0.11047676282051282, 0.11408253205128205, 0.11528445512820513, 0.09865785256410256, 0.10787259615384616, 0.09965945512820513, 0.11578525641025642, 0.09515224358974358, 0.09865785256410256, 0.09955929487179487, 0.09835737179487179, 0.11137820512820513, 0.10276442307692307, 0.1148838141025641, 0.11017628205128205, 0.09635416666666667, 0.10076121794871795, 0.10807291666666667, 0.10196314102564102, 0.11147836538461539, 0.11047676282051282, 0.11328125, 0.09935897435897435, 0.11278044871794872, 0.11247996794871795, 0.11358173076923077, 0.11187900641025642, 0.10436698717948718, 0.11127804487179487, 0.11588541666666667, 0.10216346153846154, 0.11207932692307693, 0.11067708333333333, 0.11258012820512821, 0.10536858974358974, 0.10486778846153846, 0.10106169871794872, 0.10446714743589744, 0.09385016025641026, 0.1006610576923077, 0.10186298076923077, 0.11037660256410256, 0.11708733974358974, 0.0999599358974359, 0.11107772435897435, 0.10556891025641026, 0.11157852564102565, 0.10957532051282051],