{
    "testproblem": "quadratic_deep",
    "batch_size": 128,
    "num_epochs": 100,
    "random_seed": 42,
    "l2_reg": null,
    "optimizer_name": "AdadeltaOptimizer",
    "optimizer_hyperparams": {
        "learning_rate": 0.025378155082656628,
        "rho": 0.9320342190924185,
        "epsilon": 1e-08,
        "use_locking": false
    },
    "training_params": {
        "lr_sched_epochs": [
            1,
            2,
            3,
            4,
            5,
            6,
            7,
            8,
            9,
            10,
            11,
            12,
            13,
            14,
            15,
            16,
            17,
            18,
            19,
            20,
            21,
            22,
            23,
            24,
            25,
            26,
            27,
            28,
            29,
            30,
            31,
            32,
            33,
            34,
            35,
            36,
            37,
            38,
            39,
            40,
            41,
            42,
            43,
            44,
            45,
            46,
            47,
            48,
            49,
            50,
            51,
            52,
            53,
            54,
            55,
            56,
            57,
            58,
            59,
            60,
            61,
            62,
            63,
            64,
            65,
            66,
            67,
            68,
            69,
            70,
            71,
            72,
            73,
            74,
            75,
            76,
            77,
            78,
            79,
            80,
            81,
            82,
            83,
            84,
            85,
            86,
            87,
            88,
            89,
            90,
            91,
            92,
            93,
            94,
            95,
            96,
            97,
            98,
            99,
            100
        ],
        "lr_sched_factors": [
            0.1,
            0.2,
            0.3,
            0.4,
            0.5,
            0.6,
            0.7,
            0.8,
            0.9,
            1.0,
            1.0,
            1.0,
            1.0,
            1.0,
            1.0,
            1.0,
            1.0,
            1.0,
            1.0,
            1.0,
            1.0,
            1.0,
            1.0,
            1.0,
            1.0,
            1.0,
            1.0,
            1.0,
            1.0,
            1.0,
            1.0,
            1.0,
            1.0,
            1.0,
            1.0,
            1.0,
            1.0,
            1.0,
            1.0,
            1.0,
            1.0,
            1.0,
            1.0,
            1.0,
            1.0,
            1.0,
            1.0,
            1.0,
            1.0,
            1.0,
            1.0,
            1.0,
            1.0,
            1.0,
            1.0,
            1.0,
            1.0,
            1.0,
            1.0,
            1.0,
            1.0,
            1.0,
            1.0,
            1.0,
            1.0,
            1.0,
            1.0,
            1.0,
            1.0,
            1.0,
            1.0,
            1.0,
            1.0,
            1.0,
            1.0,
            1.0,
            1.0,
            1.0,
            1.0,
            1.0,
            1.0,
            1.0,
            1.0,
            1.0,
            1.0,
            1.0,
            1.0,
            1.0,
            1.0,
            1.0,
            0.9090909090909091,
            0.8181818181818181,
            0.7272727272727273,
            0.6363636363636364,
            0.5454545454545454,
            0.4545454545454546,
            0.36363636363636365,
            0.2727272727272727,
            0.18181818181818177,
            0.09090909090909094
        ]
    },
    "train_losses": [
        355.276114327567,
        355.1908700125558,
        355.18200247628346,
        355.1639883858817,
        355.136474609375,
        355.09924752371654,
        355.05211966378346,
        354.994873046875,
        354.92728097098217,
        354.8491864885603,
        354.7603846958705,
        354.6606663295201,
        354.55992344447543,
        354.4581996372768,
        354.35548618861606,
        354.2517743791853,
        354.1471252441406,
        354.04150826590404,
        353.9349670410156,
        353.82747541155135,
        353.7190420968192,
        353.6096888950893,
        353.4994637625558,
        353.3883623395647,
        353.27633231026783,
        353.16345650809154,
        353.04970005580356,
        352.93507603236606,
        352.81961931501115,
        352.70330810546875,
        352.58619471958707,
        352.4682355608259,
        352.3494655064174,
        352.2299019949777,
        352.10951450892856,
        351.98834228515625,
        351.8663809640067,
        351.74363490513394,
        351.6201171875,
        351.49584524972096,
        351.3708016531808,
        351.2449951171875,
        351.1184561593192,
        350.9911673409598,
        350.8631678989955,
        350.7344229561942,
        350.60494559151783,
        350.47477068219865,
        350.3438982282366,
        350.2123020717076,
        350.07999093191967,
        349.94700840541293,
        349.81335013253346,
        349.6790073939732,
        349.54396275111606,
        349.4082772391183,
        349.27193341936385,
        349.13489205496654,
        348.9972185407366,
        348.85888671875,
        348.7199183872768,
        348.580322265625,
        348.44005911690846,
        348.2991943359375,
        348.15767996651783,
        348.01556396484375,
        347.87281581333707,
        347.7294616699219,
        347.5854971749442,
        347.4409397670201,
        347.29577200753346,
        347.15000697544644,
        347.0036882672991,
        346.8567461286272,
        346.70922415597096,
        346.56115286690846,
        346.41249302455356,
        346.26326642717635,
        346.1134948730469,
        345.96311732700894,
        345.8121991838728,
        345.6607578822545,
        345.5087323869978,
        345.3561706542969,
        345.2030552455357,
        345.0494166782924,
        344.8952418736049,
        344.7405439104353,
        344.5852966308594,
        344.42953055245533,
        344.2732500348772,
        344.116463797433,
        343.9734671456473,
        343.8443298339844,
        343.7291564941406,
        343.6280517578125,
        343.5410810198103,
        343.46834891183033,
        343.4099600655692,
        343.3660234723772,
        343.3366176060268
    ],