{
    "testproblem": "quadratic_deep",
    "batch_size": 128,
    "num_epochs": 100,
    "random_seed": 42,
    "l2_reg": null,
    "optimizer_name": "AdaBoundOptimizer",
    "optimizer_hyperparams": {
        "learning_rate": 0.5167425813322413,
        "final_lr": 0.014310968187514513,
        "beta1": 0.9762194112414493,
        "beta2": 0.990969799344675,
        "gamma": 0.03622666594728665,
        "epsilon": 1e-08,
        "amsbound": false,
        "use_locking": false
    },
    "training_params": {
        "lr_sched_epochs": [
            1,
            2,
            3,
            4,
            5,
            6,
            7,
            8,
            9,
            10,
            11,
            12,
            13,
            14,
            15,
            16,
            17,
            18,
            19,
            20,
            21,
            22,
            23,
            24,
            25,
            26,
            27,
            28,
            29,
            30,
            31,
            32,
            33,
            34,
            35,
            36,
            37,
            38,
            39,
            40,
            41,
            42,
            43,
            44,
            45,
            46,
            47,
            48,
            49,
            50,
            51,
            52,
            53,
            54,
            55,
            56,
            57,
            58,
            59,
            60,
            61,
            62,
            63,
            64,
            65,
            66,
            67,
            68,
            69,
            70,
            71,
            72,
            73,
            74,
            75,
            76,
            77,
            78,
            79,
            80,
            81,
            82,
            83,
            84,
            85,
            86,
            87,
            88,
            89,
            90,
            91,
            92,
            93,
            94,
            95,
            96,
            97,
            98,
            99,
            100
        ],
        "lr_sched_factors": [
            0.1,
            0.2,
            0.3,
            0.4,
            0.5,
            0.6,
            0.7,
            0.8,
            0.9,
            1.0,
            1.0,
            1.0,
            1.0,
            1.0,
            1.0,
            1.0,
            1.0,
            1.0,
            1.0,
            1.0,
            1.0,
            1.0,
            1.0,
            1.0,
            1.0,
            1.0,
            1.0,
            1.0,
            1.0,
            1.0,
            1.0,
            1.0,
            1.0,
            1.0,
            1.0,
            1.0,
            1.0,
            1.0,
            1.0,
            1.0,
            1.0,
            1.0,
            1.0,
            1.0,
            1.0,
            1.0,
            1.0,
            1.0,
            1.0,
            1.0,
            1.0,
            1.0,
            1.0,
            1.0,
            1.0,
            1.0,
            1.0,
            1.0,
            1.0,
            1.0,
            1.0,
            1.0,
            1.0,
            1.0,
            1.0,
            1.0,
            1.0,
            1.0,
            1.0,
            1.0,
            1.0,
            1.0,
            1.0,
            1.0,
            1.0,
            1.0,
            1.0,
            1.0,
            1.0,
            1.0,
            1.0,
            1.0,
            1.0,
            1.0,
            1.0,
            1.0,
            1.0,
            1.0,
            1.0,
            1.0,
            0.9090909090909091,
            0.8181818181818181,
            0.7272727272727273,
            0.6363636363636364,
            0.5454545454545454,
            0.4545454545454546,
            0.36363636363636365,
            0.2727272727272727,
            0.18181818181818177,
            0.09090909090909094
        ]
    },
    "train_losses": [
        382.5070059640067,
        155.66441127232142,
        124.29622868129185,
        122.98485238211495,
        119.37013680594308,
        115.10569872174945,
        104.85211835588727,
        98.88101959228516,
        104.9232668195452,
        95.58207484654018,
        91.05439213344029,
        93.93393816266742,
        92.03241729736328,
        88.09600830078125,
        86.95098767961774,
        88.46643393380302,
        87.14334760393415,
        84.55387551443917,
        85.30906568254743,
        85.54159218924386,
        84.13128662109375,
        84.04584285191127,
        84.02993992396763,
        83.5755124773298,
        83.63893018450055,
        83.30274309430804,
        82.92872401646206,
        83.21034458705357,
        83.09783826555524,
        82.67393057686942,
        82.73400224958148,
        82.78829302106585,
        82.59278869628906,
        82.53045872279576,
        82.52316066196987,
        82.45760454450335,
        82.42155347551618,
        82.3687973022461,
        82.31539154052734,
        82.31401715959821,
        82.29122270856585,
        82.2414071219308,
        82.21835327148438,
        82.20296369280133,
        82.18326350620815,
        82.1671622140067,
        82.1454849243164,
        82.12943158830915,
        82.12213134765625,
        82.10481807163784,
        82.08737618582589,
        82.08219473702567,
        82.07406071254185,
        82.06024387904576,
        82.05094691685268,
        82.04317910330636,
        82.03453826904297,
        82.02789960588727,
        82.02071598597935,
        82.01268332345145,
        82.0067618233817,
        82.00113351004464,
        81.99446977887835,
        81.98887416294643,
        81.98407963344029,
        81.97870091029576,
        81.97338540213448,
        81.96869768415179,
        81.96440669468471,
        81.9602791922433,
        81.95600237165179,
        81.951662336077,
        81.94767652239118,
        81.94396427699498,
        81.94037628173828,
        81.93697902134487,
        81.9336438860212,
        81.93024662562779,
        81.92693110874721,
        81.92376382010323,
        81.92076219831195,
        81.9179447719029,
        81.91517421177456,
        81.91235242571149,
        81.90958186558315,
        81.9069355555943,
        81.90438515799386,
        81.90192195347377,
        81.89952959333148,
        81.89715140206474,
        81.89479500906808,
        81.89250728062221,
        81.89029911586216,
        81.8881596156529,
        81.88607570103237,
        81.88400704520089,
        81.88195691789899,
        81.87995256696429,
        81.87801143101284,
        81.8761215209961,
        81.87427956717355
    ],