{
    "testproblem": "quadratic_deep",
    "batch_size": 128,
    "num_epochs": 100,
    "random_seed": 42,
    "l2_reg": null,
    "optimizer_name": "AMSGrad",
    "optimizer_hyperparams": {
        "learning_rate": 0.05063344150613905,
        "beta1": 0.6057097595795136,
        "beta2": 0.9591046444967956,
        "epsilon": 1e-08,
        "use_locking": false
    },
    "training_params": {
        "lr_sched_epochs": null,
        "lr_sched_factors": null
    },
    "train_losses": [
        355.276114327567,
        124.38728550502232,
        104.01728057861328,
        101.4401354108538,
        99.24856785365513,
        97.42903791155133,
        95.92268371582031,
        94.67671639578683,
        93.64164515904018,
        92.77514975411552,
        92.04361288888114,
        91.42045266287667,
        90.88481903076172,
        90.42055075509208,
        90.01496124267578,
        89.65807233537946,
        89.3419679914202,
        89.06031690325055,
        88.80799538748605,
        88.58082471575055,
        88.37538037981305,
        88.18882315499442,
        88.0187737601144,
        87.86324855259487,
        87.72055162702289,
        87.58924974714007,
        87.46810368129185,
        87.3560562133789,
        87.25218963623047,
        87.15570286342076,
        87.06589726039341,
        86.98215593610492,
        86.90393938337054,
        86.83077130998883,
        86.76221793038505,
        86.6979010445731,
        86.63748604910714,
        86.5806655883789,
        86.52715737479073,
        86.47671944754464,
        86.4291272844587,
        86.38417598179409,
        86.34168352399554,
        86.30147334507534,
        86.26339721679688,
        86.22730691092355,
        86.19307490757534,
        86.16058567592076,
        86.12972477504185,
        86.10039411272321,
        86.07249559674945,
        86.0459453037807,
        86.02066584995815,
        85.99657331194196,
        85.9736077444894,
        85.95169939313617,
        85.93078722272601,
        85.91082109723773,
        85.89174216134208,
        85.8735111781529,
        85.85607474190849,
        85.83938816615513,
        85.8234133039202,
        85.80811963762555,
        85.79346248081752,
        85.77941131591797,
        85.76594543457031,
        85.75302015032086,
        85.74061802455357,
        85.7287128993443,
        85.71727425711495,
        85.70628574916294,
        85.69571903773716,
        85.68556213378906,
        85.67578887939453,
        85.6663840157645,
        85.65733119419643,
        85.64861515590123,
        85.64021410260882,
        85.63212367466518,
        85.62431989397321,
        85.61679295131138,
        85.60954066685268,
        85.602536882673,
        85.5957761492048,
        85.58924865722656,
        85.58294568743024,
        85.57685307094029,
        85.57096753801618,
        85.56527600969586,
        85.55976976667132,
        85.55445098876953,
        85.54929896763393,
        85.54431588309151,
        85.53948974609375,
        85.5348129272461,
        85.53028542654855,
        85.5259017944336,
        85.52164895193917,
        85.5175301688058,
        85.51353018624442
    ],
    "valid_losses": [
        353.8127659388951,
        124.81586238316127,
        104.65568324497768,
        102.10571616036552,
        99.90586853027344,
        98.09132930210659,
        96.58858925955636,
        95.3458480834961,
        94.3140127999442,
        93.45077514648438,
        92.72242627825055,
        92.1023679460798,
        91.56975773402623,
        91.10838099888393,
        90.70556531633649,
        90.35131290980748,
        90.03772081647601,
        89.75845009940011,
        89.50838470458984,
        89.2833480834961,
        89.07992553710938,
        88.89526694161552,
        88.72701590401786,
        88.57317897251674,
        88.43207550048828,
        88.30226571219308,
        88.18252345493862,
        88.07179260253906,
        87.96916743687221,
        87.87384360177177,
        87.7851322719029,
        87.70242309570312,
        87.62517765590123,
        87.55291966029576,
        87.4852273123605,
        87.42171914236886,
        87.36206599644252,
        87.30596378871373,
        87.25314004080636,
        87.20334734235492,
        87.15636008126395,
        87.1119886125837,
        87.07003784179688,
        87.03034210205078,
        86.99275425502232,
        86.9571293422154,
        86.923342023577,
        86.89127349853516,
        86.86080605643136,
        86.83185795375279,
        86.8043212890625,
        86.77811104910714,
        86.75316183907645,
        86.72938210623605,
        86.7067151750837,
        86.68509238106864,
        86.6644515991211,
        86.64474596296039,
        86.62591770717076,
        86.60792323521206,
        86.59070805140904,
        86.57423945835659,
        86.55847821916852,
        86.54338073730469,
        86.52891649518695,
        86.51505388532367,
        86.5017558506557,
        86.48900277273995,
        86.47676413399833,
        86.46500941685268,
        86.45372227260044,
        86.442873273577,
        86.4324471609933,
        86.42242322649274,
        86.41277531215123,
        86.40349469866071,
        86.39456067766461,
        86.38595254080636,
        86.3776604788644,
        86.36967359270368,
        86.36197008405414,
        86.35454341343471,
        86.34737941196987,
        86.34046173095703,
        86.3337871006557,
        86.3273435320173,
        86.3211168561663,
        86.31510380336216,
        86.30928802490234,
        86.30366734095982,
        86.29823303222656,
        86.29297310965401,
        86.28788648332868,
        86.28296007428851,
        86.27818734305245,
        86.27356937953404,
        86.26909746442523,
        86.26476178850446,
        86.26055799211774,
        86.25648389543805,
        86.25253404889789
    ],