{
    "testproblem": "quadratic_deep",
    "batch_size": 128,
    "num_epochs": 100,
    "random_seed": 100,
    "l2_reg": null,
    "optimizer_name": "AdadeltaOptimizer",
    "optimizer_hyperparams": {
        "learning_rate": 0.0002633848203396747,
        "rho": 0.9966288833562404,
        "epsilon": 1e-08,
        "use_locking": false
    },
    "training_params": {
        "lr_sched_epochs": null,
        "lr_sched_factors": null
    },
    "train_losses": [
        354.3492344447545,
        354.3453587123326,
        354.3414611816406,
        354.3375898088728,
        354.3337097167969,
        354.32982090541293,
        354.32593209402904,
        354.32206072126115,
        354.31817626953125,
        354.31429617745533,
        354.3103942871094,
        354.30651419503346,
        354.30260794503346,
        354.2987278529576,
        354.29483468191967,
        354.2909458705357,
        354.2870570591518,
        354.28316388811385,
        354.2792707170759,
        354.27537754603793,
        354.271475655692,
        354.2675999232701,
        354.26368931361606,
        354.2598135811942,
        354.25592041015625,
        354.2520228794643,
        354.2481384277344,
        354.24422345842635,
        354.2403259277344,
        354.2364414760045,
        354.2325352260045,
        354.22864205496654,
        354.22474452427457,
        354.22084263392856,
        354.2169494628906,
        354.2130344935826,
        354.20914132254467,
        354.20523943219865,
        354.2013375418527,
        354.1974356515067,
        354.19354248046875,
        354.1896275111607,
        354.1857430594308,
        354.1818324497768,
        354.1779218401228,
        354.1740286690848,
        354.17012677873885,
        354.16622052873885,
        354.1623229980469,
        354.1584167480469,
        354.15450613839283,
        354.1506129673549,
        354.14671543666293,
        354.1427917480469,
        354.1388898577009,
        354.13499232700894,
        354.13109043666293,
        354.127188546317,
        354.12328665597096,
        354.11938040597096,
        354.11546543666293,
        354.1115461077009,
        354.10764857700894,
        354.1037379673549,
        354.099844796317,
        354.0959167480469,
        354.09202357700894,
        354.0881042480469,
        354.0841979980469,
        354.08028738839283,
        354.0763898577009,
        354.0724792480469,
        354.06856863839283,
        354.0646536690848,
        354.0607474190848,
        354.0568368094308,
        354.05293927873885,
        354.0490155901228,
        354.0451136997768,
        354.0412118094308,
        354.0372968401228,
        354.0333949497768,
        354.0294712611607,
        354.0255824497768,
        354.0216631208147,
        354.0177568708147,
        354.0138506208147,
        354.0099356515067,
        354.0060294015067,
        354.00211007254467,
        353.9982125418527,
        353.9942932128906,
        353.99039132254467,
        353.9864807128906,
        353.98256138392856,
        353.9786638532366,
        353.9747532435826,
        353.97082955496654,
        353.96693202427457,
        353.9630126953125,
        353.9591151646205
    ],
    "valid_losses": [
        353.8127659388951,
        353.8088902064732,
        353.80503627232144,
        353.8011736188616,
        353.7972935267857,
        353.79343959263394,
        353.7895812988281,
        353.7857142857143,
        353.78184291294644,
        353.7779758998326,
        353.77410888671875,
        353.77025931222096,
        353.7663792201451,
        353.7625078473772,
        353.75862775530135,
        353.7547825404576,
        353.7508980887277,
        353.74703107561385,
        353.7431422642299,
        353.73927525111606,
        353.7354082380022,
        353.73153250558033,
        353.72766549246654,
        353.7237854003906,
        353.71990966796875,
        353.7160339355469,
        353.712158203125,
        353.70828683035717,
        353.7044110979353,
        353.70052664620533,
        353.69665963309154,
        353.69278826032365,
        353.6888907296317,
        353.68502371651783,
        353.68113926478793,
        353.67726353236606,
        353.67337472098217,
        353.6694902692522,
        353.6656188964844,
        353.6617431640625,
        353.65784999302457,
        353.6539742606027,
        353.6500941685268,
        353.6462097167969,
        353.642325265067,
        353.63844517299106,
        353.63456072126115,
        353.6306849888393,
        353.6268005371094,
        353.6229030064174,
        353.61902291434154,
        353.6151646205357,
        353.6112758091518,
        353.60738263811385,
        353.6034938267299,
        353.599609375,
        353.59572056361606,
        353.5918491908482,
        353.58795166015625,
        353.5840802873884,
        353.58018275669644,
        353.57629830496654,
        353.5724138532366,
        353.5685381208147,
        353.56463623046875,
        353.5607474190848,
        353.5568586077009,
        353.552978515625,
        353.549080984933,
        353.54520525251115,
        353.5413077218192,
        353.5374189104353,
        353.5335388183594,
        353.52964564732144,
        353.5257568359375,
        353.52186366489957,
        353.51798357282365,
        353.5140904017857,
        353.5102015904018,
        353.50630841936385,
        353.502432686942,
        353.49853951590404,
        353.4946507045201,
        353.4907531738281,
        353.4868600027902,
        353.4829799107143,
        353.47909109933033,
        353.4751979282924,
        353.4713134765625,
        353.46742466517856,
        353.46353585379467,
        353.4596514020647,
        353.4557538713728,
        353.45186505998885,
        353.44798060825894,
        353.444091796875,
        353.44020298549106,
        353.4363054547991,
        353.43241228376115,
        353.4285409109933,
        353.42464338030135
    ],