{
    "testproblem": "quadratic_deep",
    "batch_size": 128,
    "num_epochs": 100,
    "random_seed": 42,
    "l2_reg": null,
    "optimizer_name": "LookaheadOptimizerMBGDMomentum",
    "optimizer_hyperparams": {
        "learning_rate": 0.07004349545230058,
        "momentum": 0.8552221369307135,
        "use_nesterov": false,
        "k": 5,
        "alpha": 0.5072283440670032,
        "use_locking": false
    },
    "training_params": {
        "lr_sched_epochs": [
            1,
            2,
            3,
            4,
            5,
            6,
            7,
            8,
            9,
            10,
            11,
            12,
            13,
            14,
            15,
            16,
            17,
            18,
            19,
            20,
            21,
            22,
            23,
            24,
            25,
            26,
            27,
            28,
            29,
            30,
            31,
            32,
            33,
            34,
            35,
            36,
            37,
            38,
            39,
            40,
            41,
            42,
            43,
            44,
            45,
            46,
            47,
            48,
            49,
            50,
            51,
            52,
            53,
            54,
            55,
            56,
            57,
            58,
            59,
            60,
            61,
            62,
            63,
            64,
            65,
            66,
            67,
            68,
            69,
            70,
            71,
            72,
            73,
            74,
            75,
            76,
            77,
            78,
            79,
            80,
            81,
            82,
            83,
            84,
            85,
            86,
            87,
            88,
            89,
            90,
            91,
            92,
            93,
            94,
            95,
            96,
            97,
            98,
            99,
            100
        ],
        "lr_sched_factors": [
            0.1,
            0.2,
            0.3,
            0.4,
            0.5,
            0.6,
            0.7,
            0.8,
            0.9,
            1.0,
            1.0,
            1.0,
            1.0,
            1.0,
            1.0,
            1.0,
            1.0,
            1.0,
            1.0,
            1.0,
            1.0,
            1.0,
            1.0,
            1.0,
            1.0,
            1.0,
            1.0,
            1.0,
            1.0,
            1.0,
            1.0,
            1.0,
            1.0,
            1.0,
            1.0,
            1.0,
            1.0,
            1.0,
            1.0,
            1.0,
            1.0,
            1.0,
            1.0,
            1.0,
            1.0,
            1.0,
            1.0,
            1.0,
            1.0,
            1.0,
            1.0,
            1.0,
            1.0,
            1.0,
            1.0,
            1.0,
            1.0,
            1.0,
            1.0,
            1.0,
            1.0,
            1.0,
            1.0,
            1.0,
            1.0,
            1.0,
            1.0,
            1.0,
            1.0,
            1.0,
            1.0,
            1.0,
            1.0,
            1.0,
            1.0,
            1.0,
            1.0,
            1.0,
            1.0,
            1.0,
            1.0,
            1.0,
            1.0,
            1.0,
            1.0,
            1.0,
            1.0,
            1.0,
            1.0,
            1.0,
            0.9090909090909091,
            0.8181818181818181,
            0.7272727272727273,
            0.6363636363636364,
            0.5454545454545454,
            0.4545454545454546,
            0.36363636363636365,
            0.2727272727272727,
            0.18181818181818177,
            0.09090909090909094
        ]
    },
    "train_losses": [
        355.276114327567,
        220.62013026646204,
        166.09512765066964,
        96.14909362792969,
        93.62942722865513,
        88.75834001813617,
        90.98945072719029,
        88.97054508754185,
        89.32227543422154,
        100.74181256975446,
        98.60323006766183,
        111.5715800694057,
        2488.3713030133927,
        3049.7712751116073,
        100737.64955357143,
        1764335.8392857143,
        1366743.857142857,
        107717072.0,
        143117977.14285713,
        4667281554.285714,
        86728759003.42857,
        63749243465.14286,
        5345339281993.143,
        7285261430198.857,
        233600534146486.84,
        4477695605866496.0,
        3199730771296256.0,
        2.765182752134267e+17,
        3.816338202118062e+17,
        1.213374413120576e+19,
        2.361436428176374e+20,
        1.66390255715621e+20,
        1.4595042744200749e+22,
        2.0267909691025633e+22,
        6.416205610944767e+23,
        1.258264057774925e+25,
        8.801519211240635e+24,
        7.77914250131496e+26,
        1.0837980865747714e+27,
        3.4226652096563784e+28,
        6.740226880792109e+29,
        4.6950092471504034e+29,
        4.167406183953583e+31,
        5.81735007684494e+31,
        1.8342723136571734e+33,
        3.621735452857882e+34,
        2.5157523941200876e+34,
        2.239230786199379e+36,
        Infinity,
        355.276114327567,
        355.276114327567,
        355.276114327567,
        355.276114327567,
        355.276114327567,
        355.276114327567,
        355.276114327567,
        355.276114327567,
        355.276114327567,
        355.276114327567,
        355.276114327567,
        355.276114327567,
        355.276114327567,
        355.276114327567,
        355.276114327567,
        355.276114327567,
        355.276114327567,
        355.276114327567,
        355.276114327567,
        355.276114327567,
        355.276114327567,
        355.276114327567,
        355.276114327567,
        355.276114327567,
        355.276114327567,
        355.276114327567,
        355.276114327567,
        355.276114327567,
        355.276114327567,
        355.276114327567,
        355.276114327567,
        355.276114327567,
        355.276114327567,
        355.276114327567,
        355.276114327567,
        355.276114327567,
        355.276114327567,
        355.276114327567,
        355.276114327567,
        355.276114327567,
        355.276114327567,
        355.276114327567,
        355.276114327567,
        355.276114327567,
        355.276114327567,
        355.276114327567,
        355.276114327567,
        355.276114327567,
        355.276114327567,
        355.276114327567,
        355.276114327567,
        355.276114327567
    ],