{
    "testproblem": "quadratic_deep",
    "batch_size": 128,
    "num_epochs": 100,
    "random_seed": 42,
    "l2_reg": null,
    "optimizer_name": "RMSPropOptimizer",
    "optimizer_hyperparams": {
        "learning_rate": 0.00010521761868451127,
        "decay": 0.8172549114018399,
        "momentum": 0.0,
        "epsilon": 1e-10,
        "use_locking": false,
        "centered": false
    },
    "training_params": {
        "lr_sched_epochs": null,
        "lr_sched_factors": null
    },
    "train_losses": [
        355.276114327567,
        353.9572187151228,
        353.0181318010603,
        352.125497000558,
        351.2443629673549,
        350.3672572544643,
        349.49239676339283,
        348.619384765625,
        347.7481035505022,
        346.8785182407924,
        346.01063755580356,
        345.14442661830356,
        344.2799159458705,
        343.4171055385045,
        342.5559735979353,
        341.69653756277904,
        340.8387930733817,
        339.9827357700893,
        339.1283743722098,
        338.27569580078125,
        337.42472185407365,
        336.5754132952009,
        335.727791922433,
        334.8818577357701,
        334.0376194545201,
        333.19508579799106,
        332.35420880998885,
        331.51503208705356,
        330.6775381905692,
        329.8417401994978,
        329.0076163155692,
        328.1751926967076,
        327.34444754464283,
        326.515389578683,
        325.68802315848217,
        324.8623308454241,
        324.038321358817,
        323.21597726004467,
        322.3953203473772,
        321.5763375418527,
        320.75903756277904,
        319.9434378487723,
        319.1294904436384,
        318.3172520228795,
        317.50667463030135,
        316.697762625558,
        315.8905290876116,
        315.0849870954241,
        314.2811192103795,
        313.4789123535156,
        312.6783970424107,
        311.87953404017856,
        311.0823495047433,
        310.28686087472096,
        309.49302891322543,
        308.70088849748885,
        307.91041346958707,
        307.1216125488281,
        306.33449009486606,
        305.5490243094308,
        304.7652500697545,
        303.98313685825894,
        303.20269775390625,
        302.4239240373884,
        301.6468244280134,
        300.8714076450893,
        300.09763881138394,
        299.32552664620533,
        298.5551060267857,
        297.7863507952009,
        297.0192609514509,
        296.2538364955357,
        295.4900861467634,
        294.7280011858259,
        293.9675772530692,
        293.20882742745533,
        292.4517342703683,
        291.69629342215404,
        290.94251796177457,
        290.1904296875,
        289.4400111607143,
        288.6912362234933,
        287.9441223144531,
        287.1986607142857,
        286.4548775809152,
        285.7127380371094,
        284.97227260044644,
        284.2334551130022,
        283.49633353097096,
        282.76084681919644,
        282.0270298549107,
        281.2948434012277,
        280.5643528529576,
        279.8355058942522,
        279.1083199637277,
        278.38279942103793,
        277.65891810825894,
        276.9367021833147,
        276.2161385672433,
        275.4972141810826,
        274.77996826171875
    ],
    "valid_losses": [
        353.8127659388951,
        352.50293404715404,
        351.57034737723217,
        350.6838640485491,
        349.80882481166293,
        348.93780517578125,
        348.0690133231027,
        347.2020699637277,
        346.3368486676897,
        345.47332763671875,
        344.61148507254467,
        343.7513427734375,
        342.89288330078125,
        342.036124093192,
        341.18103463309154,
        340.32762363978793,
        339.4759259905134,
        338.6259024483817,
        337.77757045200894,
        336.93092564174106,
        336.08595057896207,
        335.24267578125,
        334.4010750906808,
        333.5611659458705,
        332.7229309082031,
        331.8863830566406,
        331.05153111049106,
        330.2183358328683,
        329.38685389927457,
        328.5570373535156,
        327.7289079938616,
        326.9024658203125,
        326.0776933942522,
        325.25462123325894,
        324.43321010044644,
        323.61348615373885,
        322.79544939313615,
        321.97906494140625,
        321.1643720354353,
        320.3513445172991,
        319.5399954659598,
        318.7303379603795,
        317.9223327636719,
        317.1160234723772,
        316.31138392857144,
        315.5084010532924,
        314.7070966448103,
        313.90746634347096,
        313.10951014927457,
        312.31321498325894,
        311.5185982840402,
        310.72564697265625,
        309.9343784877232,
        309.14475795200894,
        308.35681588309154,
        307.57056971958707,
        306.78597586495533,
        306.00305611746654,
        305.22179739815846,
        304.4422040666853,
        303.66429356166293,
        302.88802664620533,
        302.11344255719865,
        301.3405238560268,
        300.5692705426897,
        299.79967825753346,
        299.031729561942,
        298.2654767717634,
        297.5008762904576,
        296.73792811802457,
        295.9766584123884,
        295.217049734933,
        294.45910208565846,
        293.70281982421875,
        292.9481942313058,
        292.1952165876116,
        291.44390869140625,
        290.69424874441967,
        289.9462585449219,
        289.19991629464283,
        288.4552655901228,
        287.71224539620533,
        286.9708905901228,
        286.23118809291293,
        285.49312918526783,
        284.75673130580356,
        284.0219944545201,
        283.2889142717634,
        282.5574951171875,
        281.82774135044644,
        281.09961373465404,
        280.37315150669644,
        279.6483372279576,
        278.9251970563616,
        278.20370047433033,
        277.4838605608259,
        276.76565987723217,
        276.0490940638951,
        275.3342067173549,
        274.6209411621094,
        273.9093453543527
    ],