{
    "testproblem": "quadratic_deep",
    "batch_size": 128,
    "num_epochs": 100,
    "random_seed": 42,
    "l2_reg": null,
    "optimizer_name": "GradientDescentOptimizer",
    "optimizer_hyperparams": {
        "learning_rate": 0.006743282859764877
    },
    "training_params": {
        "lr_sched_epochs": null,
        "lr_sched_factors": null
    },
    "train_losses": [
        355.276114327567,
        106.67117963518415,
        103.58066667829242,
        102.44660949707031,
        101.42054094587054,
        100.46575164794922,
        99.57596370152065,
        98.7462637765067,
        97.97222028459821,
        97.24974278041294,
        96.57506125313895,
        95.94469233921596,
        95.3554207938058,
        94.80428859165737,
        94.28854588099888,
        93.80567060198102,
        93.35331726074219,
        92.92932237897601,
        92.5316892351423,
        92.15857587541852,
        91.80825805664062,
        91.47916739327567,
        91.16983686174665,
        90.878904070173,
        90.6051265171596,
        90.34733036586216,
        90.1044431413923,
        89.87546648297992,
        89.65948159354073,
        89.45562417166573,
        89.26309749058315,
        89.08116803850446,
        88.90914372035435,
        88.74639783586774,
        88.59232875279018,
        88.44639696393695,
        88.3080804007394,
        88.17691258021763,
        88.05245317731585,
        87.93428257533482,
        87.82202257428851,
        87.71532113211495,
        87.6138414655413,
        87.51727294921875,
        87.42533111572266,
        87.3377434866769,
        87.25425611223493,
        87.17463684082031,
        87.09867095947266,
        87.02615247453961,
        86.95687648228237,
        86.89068276541573,
        86.82738712855748,
        86.76684461321149,
        86.70890590122768,
        86.65342712402344,
        86.60028730119977,
        86.54935782296317,
        86.50052642822266,
        86.4536873953683,
        86.40873391287667,
        86.36558968680245,
        86.3241468157087,
        86.28433118547711,
        86.24605669294085,
        86.20925685337612,
        86.17385755266461,
        86.1397933959961,
        86.10700334821429,
        86.07542528424945,
        86.04501124790737,
        86.01570129394531,
        85.9874518258231,
        85.96020943777901,
        85.9339348929269,
        85.90858241489956,
        85.88411385672433,
        85.86049325125558,
        85.83768136160714,
        85.81564440046039,
        85.79435403006417,
        85.77377646309989,
        85.7538811819894,
        85.73464856828961,
        85.7160404750279,
        85.69803946358817,
        85.68061937604632,
        85.66376059395927,
        85.6474369594029,
        85.63162994384766,
        85.61632210867745,
        85.60148511614118,
        85.58711460658482,
        85.57318442208427,
        85.55968148367745,
        85.54658617292132,
        85.53388977050781,
        85.52157265799386,
        85.50962720598493,
        85.49803488595145,
        85.48678370884487
    ],
    "valid_losses": [
        353.8127659388951,
        107.22414725167411,
        104.22771453857422,
        103.10099356515067,
        102.07768794468471,
        101.12510136195591,
        100.23735046386719,
        99.4096189226423,
        98.63747732979911,
        97.91684940883091,
        97.24396296909877,
        96.61534118652344,
        96.02777862548828,
        95.47830200195312,
        94.96417454310826,
        94.48286982945034,
        94.03204127720424,
        93.60953085763114,
        93.21334729875836,
        92.84162902832031,
        92.49268450055804,
        92.16492353166852,
        91.85688236781529,
        91.56720406668526,
        91.29464830671039,
        91.0380390712193,
        90.79630933489118,
        90.56845528738839,
        90.35355922154018,
        90.1507590157645,
        89.95926339285714,
        89.77833557128906,
        89.60728563581195,
        89.44547925676618,
        89.29232897077289,
        89.14728437151227,
        89.00983537946429,
        88.87951006208148,
        88.755861554827,
        88.63848114013672,
        88.52699606759208,
        88.42103903634208,
        88.32028089250836,
        88.22441755022321,
        88.1331536429269,
        88.04622432163784,
        87.963381086077,
        87.88438633510044,
        87.80901990618024,
        87.7370834350586,
        87.66838073730469,
        87.60273088727679,
        87.53997257777623,
        87.47994668143136,
        87.42250714983258,
        87.36751229422433,
        87.31483786446708,
        87.26436179024833,
        87.21597290039062,
        87.16956002371651,
        87.12502070835659,
        87.08227103097099,
        87.04121398925781,
        87.00176674979073,
        86.96385955810547,
        86.92740740094867,
        86.89234597342355,
        86.85860879080636,
        86.82613699776786,
        86.79486192975726,
        86.76473781040737,
        86.73571450369698,
        86.70773751395089,
        86.6807621547154,
        86.6547382899693,
        86.62963322230748,
        86.60540117536273,
        86.5820061819894,
        86.55942099434989,
        86.53759329659599,
        86.51650565011161,
        86.49612535749164,
        86.47642626081195,
        86.45736803327289,
        86.43893868582589,
        86.42110552106585,
        86.40384565080915,
        86.38714054652623,
        86.37096732003349,
        86.35530090332031,
        86.34013366699219,
        86.32542637416294,
        86.3111801147461,
        86.29736982073102,
        86.28398023332868,
        86.27100045340401,
        86.25840541294643,
        86.2461918422154,
        86.23433576311383,
        86.22283499581474,
        86.21167101178851
    ],