{
    "testproblem": "quadratic_deep",
    "batch_size": 128,
    "num_epochs": 100,
    "random_seed": 51,
    "l2_reg": null,
    "optimizer_name": "LookaheadOptimizerRAdam",
    "optimizer_hyperparams": {
        "learning_rate": 0.02653627132902631,
        "beta1": 0.9493322946053332,
        "beta2": 0.9245052902637473,
        "epsilon": 1e-07,
        "k": 7,
        "alpha": 0.25127790999487254
    },
    "training_params": {
        "lr_sched_epochs": [],
        "lr_sched_factors": []
    },
    "train_losses": [
        192.48524475097656,
        142.74864632742745,
        279.7217755998884,
        253.62717764718192,
        108.97398485456195,
        98.9394760131836,
        90.3062515258789,
        90.13222067696708,
        92.73477063860211,
        93.88140542166573,
        94.12048012869698,
        94.58463832310268,
        95.43584551130023,
        96.44095720563617,
        97.02945382254464,
        96.46636199951172,
        94.6214109148298,
        92.23778097970145,
        90.23016575404576,
        88.92493983677456,
        88.05673653738839,
        87.29288700648716,
        86.60442461286273,
        86.20433589390346,
        86.27925436837333,
        86.82732936314174,
        87.68984549386161,
        88.66686902727399,
        89.59413255964007,
        90.35360499790737,
        90.85879952566964,
        91.05098070417132,
        90.90846252441406,
        90.45638929094586,
        89.77071271623883,
        88.97439466203961,
        88.21930585588727,
        87.64858027866909,
        87.34912545340401,
        87.31997244698661,
        87.47947474888393,
        87.71127101353237,
        87.92256164550781,
        88.08079528808594,
        88.21060507638114,
        88.35880824497768,
        88.55296434674945,
        88.77857971191406,
        88.9851826259068,
        89.11349378313336,
        89.12552097865513,
        89.0209481375558,
        88.83319963727679,
        88.61067962646484,
        88.39541734967914,
        88.21055167061942,
        88.06099591936383,
        87.94344438825335,
        87.85758536202567,
        87.81133052280971,
        87.81781114850726,
        87.88708387102399,
        88.01805550711495,
        88.1950934273856,
        88.39072745186942,
        88.57273864746094,
        88.71218981061664,
        88.78951045445034,
        88.79713221958706,
        88.73887416294643,
        88.62734113420758,
        88.48059517996651,
        88.31908525739398,
        88.16314370291573,
        88.03111267089844,
        87.93784877232143,
        87.89347839355469,
        87.9023917061942,
        87.96249607631138,
        88.06506783621651,
        88.19540514264789,
        88.3345456804548,
        88.46206338065011,
        88.5593981061663,
        88.61318642752511,
        88.61753300258091,
        88.57479640415737,
        88.49458530970982,
        88.39141300746373,
        88.28171866280692,
        88.18104880196708,
        88.1019788469587,
        88.05292728969029,
        88.03776223318917,
        88.0559561593192,
        88.10298810686383,
        88.17101505824498,
        88.24982125418526,
        88.32809884207589,
        88.39504786900112,
        88.4419424874442
    ],
    "valid_losses": [
        192.92198399135046,
        147.15702601841517,
        286.3155212402344,
        260.7166268484933,
        113.42898232596261,
        103.4734878540039,
        94.4899422781808,
        93.69607325962612,
        95.60601261683873,
        96.16404615129743,
        96.0307115827288,
        96.36654118129185,
        97.28629411969867,
        98.46581050327846,
        99.239255632673,
        98.80488041469029,
        97.0100838797433,
        94.61679949079242,
        92.58192661830357,
        91.27472904750279,
        90.4548830304827,
        89.78844887869698,
        89.22180066789899,
        88.93109021868024,
        89.06823294503349,
        89.610595703125,
        90.3985835484096,
        91.2501689365932,
        92.03109959193638,
        92.65613555908203,
        93.06546892438617,
        93.21504211425781,
        93.0840824672154,
        92.68696921212333,
        92.0819091796875,
        91.37256513323102,
        90.69464874267578,
        90.18103354317802,
        89.91490609305245,
        89.89691380092076,
        90.05028206961495,
        90.2644511631557,
        90.45166669573102,
        90.58287157331195,
        90.6847392490932,
        90.80526515415737,
        90.9730715070452,
        91.17516108921596,
        91.36307416643415,
        91.47972869873047,
        91.48893301827567,
        91.39117540631976,
        91.21930367606026,
        91.01967075892857,
        90.83111245291573,
        90.67300742013114,
        90.54659162248883,
        90.44560895647321,
        90.36794607979911,
        90.32102312360492,
        90.31874520438058,
        90.37292153494698,
        90.48483276367188,
        90.64146641322544,
        90.81786346435547,
        90.98395211356026,
        91.11240713936942,
        91.18461499895368,
        91.19327763148716,
        91.14180755615234,
        91.04178510393415,
        90.90973772321429,
        90.76422228131976,
        90.62357766287667,
        90.50425175258091,
        90.41955675397601,
        90.3786381312779,
        90.38559177943638,
        90.4387708391462,
        90.53054700578961,
        90.64780970982143,
        90.77345602852958,
        90.88887677873883,
        90.97709546770368,
        91.02581896100726,
        91.02962929861886,
        90.99070957728794,
        90.91790662493024,
        90.82453264508929,
        90.72555977957589,
        90.6350348336356,
        90.56421661376953,
        90.52052634102958,
        90.50730351039341,
        90.5239737374442,
        90.56644330705915,
        90.62767464773995,
        90.69850267682757,
        90.76878029959542,
        90.8287604195731,
        90.87058912004743
    ],