{
    "testproblem": "quadratic_deep",
    "batch_size": 128,
    "num_epochs": 100,
    "random_seed": 42,
    "l2_reg": null,
    "optimizer_name": "AdadeltaOptimizer",
    "optimizer_hyperparams": {
        "learning_rate": 0.42222897687284466,
        "rho": 0.9991939238551304,
        "epsilon": 1e-08,
        "use_locking": false
    },
    "training_params": {
        "lr_sched_epochs": null,
        "lr_sched_factors": null
    },
    "train_losses": [
        355.276114327567,
        342.9434727260045,
        331.2430332728795,
        320.14449201311385,
        309.6169695172991,
        299.6290762765067,
        290.15064784458707,
        281.1531546456473,
        272.609872000558,
        264.4957493373326,
        256.7874014718192,
        249.46294948032923,
        242.50187029157365,
        235.88492475237166,
        229.59405735560827,
        223.61226327078683,
        217.9235600062779,
        212.51290021623885,
        207.36607578822546,
        202.46964808872767,
        197.81097412109375,
        193.37804303850447,
        189.15955897739954,
        185.14476885114397,
        181.32352120535714,
        177.68618992396765,
        174.22362627301897,
        170.9271981375558,
        167.7886919294085,
        164.80033220563615,
        161.9547162737165,
        159.2448229108538,
        156.66399274553572,
        154.20589556012834,
        151.8645281110491,
        149.63417053222656,
        147.5094212123326,
        145.4850812639509,
        143.5563005719866,
        141.71839904785156,
        139.96695382254464,
        138.29774911063058,
        136.70679582868303,
        135.1902814592634,
        133.7446071079799,
        132.3663112095424,
        131.05214364188058,
        129.79899161202567,
        128.60388837541853,
        127.46403176443917,
        126.37674495152065,
        125.33947862897601,
        124.34982190813336,
        123.4054707118443,
        122.50423649379185,
        121.64403424944196,
        120.82287706647601,
        120.03889792306083,
        119.29029628208706,
        118.5753664289202,
        117.8924811226981,
        117.24010358537946,
        116.61675916399274,
        116.02106257847377,
        115.45167650495257,
        114.90734100341797,
        114.38684735979352,
        113.88905770438058,
        113.41288212367466,
        112.95728519984654,
        112.52127947126117,
        112.1039287022182,
        111.70434025355748,
        111.32166399274554,
        110.95509338378906,
        110.60386221749442,
        110.2672369820731,
        109.94452122279576,
        109.63505445207868,
        109.3382099696568,
        109.05337851388114,
        108.78000095912388,
        108.51752580915179,
        108.26544298444476,
        108.02325657435826,
        107.7905044555664,
        107.56673431396484,
        107.35152980259487,
        107.14447784423828,
        106.94520786830357,
        106.75334821428571,
        106.56855119977679,
        106.39048985072544,
        106.2188470023019,
        106.0533196585519,
        105.8936277117048,
        105.73950086321149,
        105.5906753540039,
        105.44691031319755,
        105.30797358921596,
        105.17363630022321
    ],
    "valid_losses": [
        353.8127659388951,
        341.5700422014509,
        329.9537615094866,
        318.9346182686942,
        308.48201642717635,
        298.5648629324777,
        289.1532461983817,
        280.2189287458147,
        271.73543439592635,
        263.67792837960377,
        256.0232391357422,
        248.74971444266183,
        241.83699689592635,
        235.26602608816964,
        229.0188947405134,
        223.07876586914062,
        217.42977469308036,
        212.05700029645647,
        206.9463370186942,
        202.08447919573103,
        197.4588623046875,
        193.05758449009485,
        188.8694109235491,
        184.8836887904576,
        181.09032113211495,
        177.47975158691406,
        174.04290553501673,
        170.77120535714286,
        167.65648106166296,
        164.6910182407924,
        161.86744689941406,
        159.1788068498884,
        156.61846051897322,
        154.18013872419084,
        151.85784040178572,
        149.64591761997767,
        147.53896004813058,
        145.5318385532924,
        143.61968994140625,
        141.79788643973214,
        140.062016078404,
        138.40790012904577,
        136.83155168805803,
        135.3291952950614,
        133.89723423549108,
        132.53223746163505,
        131.23096793038505,
        129.99031938825334,
        128.80735342843192,
        127.67927987234933,
        126.60342407226562,
        125.57725851876395,
        124.59838976178851,
        123.66451481410435,
        122.77345493861607,
        121.92314038957868,
        121.11160060337612,
        120.33696528843471,
        119.59745134626117,
        118.891355242048,
        118.2170660836356,
        117.57304382324219,
        116.95783233642578,
        116.37004089355469,
        115.80835723876953,
        115.27151053292411,
        114.75831059047154,
        114.26761954171317,
        113.79835074288505,
        113.34947749546596,
        112.9200210571289,
        112.50905173165458,
        112.11567796979632,
        111.73904309953961,
        111.37836238316127,
        111.03286852155414,
        110.70182800292969,
        110.38455745152065,
        110.0803941999163,
        109.78871590750558,
        109.50891985212054,
        109.24043927873883,
        108.98274775913784,
        108.73531995500836,
        108.49767739432198,
        108.2693339756557,
        108.04987444196429,
        107.83886609758649,
        107.63591003417969,
        107.4406258719308,
        107.25265284946987,
        107.07164328438895,
        106.89727020263672,
        106.72922188895089,
        106.56720515659877,
        106.41093226841518,
        106.26013837541852,
        106.11456189836774,
        105.97396196637835,
        105.8381096976144,
        105.70678383963448
    ],