{
    "testproblem": "quadratic_deep",
    "batch_size": 128,
    "num_epochs": 100,
    "random_seed": 48,
    "l2_reg": null,
    "optimizer_name": "AdadeltaOptimizer",
    "optimizer_hyperparams": {
        "learning_rate": 0.42222897687284466,
        "rho": 0.9991939238551304,
        "epsilon": 1e-08,
        "use_locking": false
    },
    "training_params": {
        "lr_sched_epochs": null,
        "lr_sched_factors": null
    },
    "train_losses": [
        353.4622497558594,
        341.301513671875,
        329.7327226911272,
        318.73815482003346,
        308.292733328683,
        298.36956787109375,
        288.94217790876115,
        279.98500279017856,
        271.47376796177457,
        263.38541521344865,
        255.69806344168526,
        248.3910849434989,
        241.4449724469866,
        234.84124537876673,
        228.56243242536272,
        222.59202357700892,
        216.91438511439733,
        211.51473781040735,
        206.37903485979353,
        201.49402073451452,
        196.8471200125558,
        192.42641122000558,
        188.22059631347656,
        184.2189658028739,
        180.41133335658483,
        176.78806849888392,
        173.34000941685267,
        170.05848475864954,
        166.93523297991072,
        163.96244594029017,
        161.13268171037947,
        158.4388885498047,
        155.87435695103235,
        153.4327348981585,
        151.10796247209822,
        148.89428928920202,
        146.78627450125558,
        144.77870614188058,
        142.8666774204799,
        141.04549298967635,
        139.3106972830636,
        137.65806579589844,
        136.08358328683036,
        134.58341108049666,
        133.1539263044085,
        131.79166848318917,
        130.49335370744978,
        129.25586591448103,
        128.0762198311942,
        126.95161437988281,
        125.87935093470982,
        124.85688236781529,
        123.88178362165179,
        122.95174952915737,
        122.06459154401507,
        121.21820504324776,
        120.41062491280692,
        119.63995688302177,
        118.90441131591797,
        118.20227704729352,
        117.53193010602679,
        116.89183153424945,
        116.28051648821149,
        115.69658442905971,
        115.13871329171317,
        114.6056409563337,
        114.09616088867188,
        113.60914175851005,
        113.14349147251674,
        112.69817897251674,
        112.27222442626953,
        111.86468614850726,
        111.4746834891183,
        111.10136413574219,
        110.74393463134766,
        110.40162004743304,
        110.07369886125836,
        109.75947679792132,
        109.45830317905971,
        109.16954367501395,
        108.89261082240513,
        108.62693459647042,
        108.3719722202846,
        108.12722451346261,
        107.8921879359654,
        107.66641017368862,
        107.44945199148995,
        107.24088505336216,
        107.04031154087612,
        106.84735870361328,
        106.66166033063617,
        106.48287854875836,
        106.31068202427456,
        106.14476122174945,
        105.98482295445034,
        105.83058057512555,
        105.68177359444755,
        105.53814043317523,
        105.39944022042411,
        105.26544952392578,
        105.1359372820173
    ],
    "valid_losses": [
        353.8127659388951,
        341.6964896065848,
        330.16807338169644,
        319.21030970982144,
        308.79832240513394,
        298.9054914202009,
        289.5055934361049,
        280.5733119419643,
        272.0845860072545,
        264.0165492466518,
        256.3475102015904,
        249.05704607282365,
        242.1257607596261,
        235.53533281598772,
        229.26842607770647,
        223.30863734654017,
        217.64045061383928,
        212.24918038504464,
        207.12088448660714,
        202.24237714494978,
        197.60116141183036,
        193.18539428710938,
        188.98383440290178,
        184.98582458496094,
        181.18123953683036,
        177.5605185372489,
        174.11451285226005,
        170.83461216517858,
        167.71259198869978,
        164.7406747000558,
        161.9114510672433,
        159.2178998674665,
        156.6533442905971,
        154.2114497593471,
        151.88619995117188,
        149.6718292236328,
        147.56294468470983,
        145.5543496268136,
        143.6411416190011,
        141.81865583147322,
        140.0824454171317,
        138.4282967703683,
        136.8521968296596,
        135.35032871791296,
        133.91908700125558,
        132.55501447405135,
        131.25482940673828,
        130.01542336600167,
        128.83382633754186,
        127.70724051339286,
        126.63296835763114,
        125.6084725516183,
        124.63133457728794,
        123.69925144740513,
        122.81004115513393,
        121.96160343715123,
        121.15197099958148,
        120.37925066266742,
        119.64166695731026,
        118.93750326974052,
        118.26513998849052,
        117.62304142543248,
        117.0097405569894,
        116.42384774344308,
        115.86403002057757,
        115.3290296282087,
        114.8176520211356,
        114.32875605991909,
        113.86124747140067,
        113.41410391671317,
        112.98634556361607,
        112.57703072684151,
        112.18527657645089,
        111.81023515973773,
        111.45110648018974,
        111.10712541852679,
        110.77756064278739,
        110.46173095703125,
        110.15896715436664,
        109.868650163923,
        109.59019034249442,
        109.32301112583706,
        109.0665762765067,
        108.82037789481026,
        108.58392442975726,
        108.35675375802177,
        108.13842337472099,
        107.92852238246373,
        107.72663988385882,
        107.53239985874721,
        107.34543827601841,
        107.16542053222656,
        106.9920163835798,
        106.82490648542132,
        106.66380746023995,
        106.50843048095703,
        106.35850742885044,
        106.21378544398716,
        106.07401820591518,
        105.93897901262555,
        105.80844443184989
    ],