{
    "testproblem": "quadratic_deep",
    "batch_size": 128,
    "num_epochs": 100,
    "random_seed": 42,
    "l2_reg": null,
    "optimizer_name": "AMSGrad",
    "optimizer_hyperparams": {
        "learning_rate": 0.1524647115986382,
        "beta1": 0.6050746459681317,
        "beta2": 0.8375054774884125,
        "epsilon": 1e-08,
        "use_locking": false
    },
    "training_params": {
        "lr_sched_epochs": [
            1,
            2,
            3,
            4,
            5,
            6,
            7,
            8,
            9,
            10,
            11,
            12,
            13,
            14,
            15,
            16,
            17,
            18,
            19,
            20,
            21,
            22,
            23,
            24,
            25,
            26,
            27,
            28,
            29,
            30,
            31,
            32,
            33,
            34,
            35,
            36,
            37,
            38,
            39,
            40,
            41,
            42,
            43,
            44,
            45,
            46,
            47,
            48,
            49,
            50,
            51,
            52,
            53,
            54,
            55,
            56,
            57,
            58,
            59,
            60,
            61,
            62,
            63,
            64,
            65,
            66,
            67,
            68,
            69,
            70,
            71,
            72,
            73,
            74,
            75,
            76,
            77,
            78,
            79,
            80,
            81,
            82,
            83,
            84,
            85,
            86,
            87,
            88,
            89,
            90,
            91,
            92,
            93,
            94,
            95,
            96,
            97,
            98,
            99,
            100
        ],
        "lr_sched_factors": [
            0.1,
            0.2,
            0.3,
            0.4,
            0.5,
            0.6,
            0.7,
            0.8,
            0.9,
            1.0,
            1.0,
            1.0,
            1.0,
            1.0,
            1.0,
            1.0,
            1.0,
            1.0,
            1.0,
            1.0,
            1.0,
            1.0,
            1.0,
            1.0,
            1.0,
            1.0,
            1.0,
            1.0,
            1.0,
            1.0,
            1.0,
            1.0,
            1.0,
            1.0,
            1.0,
            1.0,
            1.0,
            1.0,
            1.0,
            1.0,
            1.0,
            1.0,
            1.0,
            1.0,
            1.0,
            1.0,
            1.0,
            1.0,
            1.0,
            1.0,
            1.0,
            1.0,
            1.0,
            1.0,
            1.0,
            1.0,
            1.0,
            1.0,
            1.0,
            1.0,
            1.0,
            1.0,
            1.0,
            1.0,
            1.0,
            1.0,
            1.0,
            1.0,
            1.0,
            1.0,
            1.0,
            1.0,
            1.0,
            1.0,
            1.0,
            1.0,
            1.0,
            1.0,
            1.0,
            1.0,
            1.0,
            1.0,
            1.0,
            1.0,
            1.0,
            1.0,
            1.0,
            1.0,
            1.0,
            1.0,
            0.9090909090909091,
            0.8181818181818181,
            0.7272727272727273,
            0.6363636363636364,
            0.5454545454545454,
            0.4545454545454546,
            0.36363636363636365,
            0.2727272727272727,
            0.18181818181818177,
            0.09090909090909094
        ]
    },
    "train_losses": [
        355.276114327567,
        107.08265250069755,
        102.87648664202008,
        100.0843734741211,
        98.49544961111886,
        96.88441140311105,
        95.34510149274554,
        93.89849090576172,
        92.5185546875,
        91.27472686767578,
        90.26294926234654,
        89.44220733642578,
        88.8284432547433,
        88.35303170340401,
        87.9724840436663,
        87.66156114850726,
        87.40344674246651,
        87.18641117640904,
        87.00195748465401,
        86.84377179827008,
        86.7070792061942,
        86.58816964285714,
        86.48414611816406,
        86.39268493652344,
        86.31191798618862,
        86.2403073992048,
        86.17658342633929,
        86.11969866071429,
        86.06875501360211,
        86.02301352364677,
        85.98182460239956,
        85.94464656284877,
        85.9110085623605,
        85.88050624302456,
        85.852781023298,
        85.8275386265346,
        85.80450112479073,
        85.78343745640346,
        85.76415034702846,
        85.74644797188895,
        85.73017338344029,
        85.7151870727539,
        85.70137023925781,
        85.68860299246651,
        85.67679377964565,
        85.66585213797433,
        85.65569523402623,
        85.64625767299107,
        85.6374762398856,
        85.62929425920758,
        85.62165832519531,
        85.6145248413086,
        85.60785239083427,
        85.60160718645368,
        85.5957521711077,
        85.59025137765067,
        85.5850851876395,
        85.58022635323661,
        85.57564762660435,
        85.57133047921317,
        85.56725638253349,
        85.56340898786273,
        85.55977194649833,
        85.55632999965123,
        85.55306897844586,
        85.5499768938337,
        85.54704284667969,
        85.54425266810826,
        85.5416030883789,
        85.53908211844308,
        85.53668321881976,
        85.53439549037388,
        85.53221239362445,
        85.5301284790039,
        85.52813829694476,
        85.52623857770648,
        85.52441733224052,
        85.52267674037388,
        85.52100590297154,
        85.51940808977399,
        85.51787458147321,
        85.51640210832868,
        85.51498740059989,
        85.51362718854632,
        85.51232038225446,
        85.5110604422433,
        85.50985281808036,
        85.50868552071708,
        85.50756072998047,
        85.50647626604352,
        85.50542885916573,
        85.50441305977958,
        85.53229413713727,
        85.57000078473773,
        85.61675044468471,
        85.66299220493862,
        85.63713945661273,
        85.45281873430524,
        85.19912719726562,
        85.05292401994977,
        84.99939073835101
    ],