{
    "testproblem": "quadratic_deep",
    "batch_size": 128,
    "num_epochs": 100,
    "random_seed": 46,
    "l2_reg": null,
    "optimizer_name": "RAdamOptimizer",
    "optimizer_hyperparams": {
        "learning_rate": 0.024637685958997447,
        "beta1": 0.9464283452816183,
        "beta2": 0.8158998845429736,
        "epsilon": 1e-07
    },
    "training_params": {
        "lr_sched_epochs": [
            1,
            2,
            3,
            4,
            5,
            6,
            7,
            8,
            9,
            10,
            11,
            12,
            13,
            14,
            15,
            16,
            17,
            18,
            19,
            20,
            21,
            22,
            23,
            24,
            25,
            26,
            27,
            28,
            29,
            30,
            31,
            32,
            33,
            34,
            35,
            36,
            37,
            38,
            39,
            40,
            41,
            42,
            43,
            44,
            45,
            46,
            47,
            48,
            49,
            50,
            51,
            52,
            53,
            54,
            55,
            56,
            57,
            58,
            59,
            60,
            61,
            62,
            63,
            64,
            65,
            66,
            67,
            68,
            69,
            70,
            71,
            72,
            73,
            74,
            75,
            76,
            77,
            78,
            79,
            80,
            81,
            82,
            83,
            84,
            85,
            86,
            87,
            88,
            89,
            90,
            91,
            92,
            93,
            94,
            95,
            96,
            97,
            98,
            99,
            100
        ],
        "lr_sched_factors": [
            0.1,
            0.2,
            0.3,
            0.4,
            0.5,
            0.6,
            0.7,
            0.8,
            0.9,
            1.0,
            1.0,
            1.0,
            1.0,
            1.0,
            1.0,
            1.0,
            1.0,
            1.0,
            1.0,
            1.0,
            1.0,
            1.0,
            1.0,
            1.0,
            1.0,
            1.0,
            1.0,
            1.0,
            1.0,
            1.0,
            1.0,
            1.0,
            1.0,
            1.0,
            1.0,
            1.0,
            1.0,
            1.0,
            1.0,
            1.0,
            1.0,
            1.0,
            1.0,
            1.0,
            1.0,
            1.0,
            1.0,
            1.0,
            1.0,
            1.0,
            1.0,
            1.0,
            1.0,
            1.0,
            1.0,
            1.0,
            1.0,
            1.0,
            1.0,
            1.0,
            1.0,
            1.0,
            1.0,
            1.0,
            1.0,
            1.0,
            1.0,
            1.0,
            1.0,
            1.0,
            1.0,
            1.0,
            1.0,
            1.0,
            1.0,
            1.0,
            1.0,
            1.0,
            1.0,
            1.0,
            1.0,
            1.0,
            1.0,
            1.0,
            1.0,
            1.0,
            1.0,
            1.0,
            1.0,
            1.0,
            0.9090909090909091,
            0.8181818181818181,
            0.7272727272727273,
            0.6363636363636364,
            0.5454545454545454,
            0.4545454545454546,
            0.36363636363636365,
            0.2727272727272727,
            0.18181818181818177,
            0.09090909090909094
        ]
    },
    "train_losses": [
        383.0386701311384,
        121.44136810302734,
        120.37031555175781,
        116.26537649972099,
        111.13853454589844,
        111.36266980852399,
        114.47565024239677,
        111.06585475376674,
        107.18559919084821,
        107.96600559779576,
        106.04927716936383,
        103.75767081124442,
        102.82941654750279,
        102.03019278390067,
        100.56549290248326,
        100.00842394147601,
        99.2494626726423,
        98.49839891706195,
        98.27458844866071,
        97.51154000418526,
        97.48022569928851,
        96.89459555489677,
        96.90375736781529,
        96.48905508858817,
        96.48239462716239,
        96.21132114955357,
        96.14938027518136,
        96.0146985735212,
        95.91099984305245,
        95.85288347516742,
        95.74336896623883,
        95.70247541155133,
        95.63728441510882,
        95.57259586879185,
        95.53603145054409,
        95.49036407470703,
        95.44353376116071,
        95.41359601702008,
        95.37803976876395,
        95.34618159702846,
        95.31976972307477,
        95.29126630510602,
        95.26949419294085,
        95.24652317592076,
        95.22393035888672,
        95.20707484654018,
        95.18866838727679,
        95.17060198102679,
        95.15647452218192,
        95.14210946219308,
        95.12755802699498,
        95.1156256539481,
        95.10421425955636,
        95.0924573625837,
        95.08251517159599,
        95.0731680733817,
        95.06366075788226,
        95.0554929460798,
        95.04763466971261,
        95.0399409702846,
        95.03324127197266,
        95.02659606933594,
        95.02035631452289,
        95.01476614815849,
        95.00921848842076,
        95.00409807477679,
        94.99937438964844,
        94.99480329241071,
        94.99053737095424,
        94.9865471976144,
        94.98278045654297,
        94.97918374197823,
        94.97583443777901,
        94.9726813180106,
        94.9696535382952,
        94.96685028076172,
        94.96417345319476,
        94.96163613455636,
        94.95927974155971,
        94.95699310302734,
        94.95487213134766,
        94.95286560058594,
        94.95092882428851,
        94.94913918631417,
        94.94742366245815,
        94.94578552246094,
        94.94425964355469,
        94.94279153006417,
        94.94140733991351,
        94.94009944370815,
        94.93884822300502,
        94.93766675676618,
        94.93538556780133,
        94.93348584856305,
        94.93240029471261,
        94.93117087227958,
        94.93004063197544,
        94.92922646658761,
        94.92859431675502,
        94.92810712541852,
        94.92777906145368
    ],