{
    "testproblem": "quadratic_deep",
    "batch_size": 128,
    "num_epochs": 100,
    "random_seed": 42,
    "l2_reg": null,
    "optimizer_name": "AdaBeliefOptimizer",
    "optimizer_hyperparams": {
        "learning_rate": 0.03113095956122122,
        "beta1": 0.6287210764455682,
        "beta2": 0.8113934061433888,
        "epsilon": 1e-14
    },
    "training_params": {
        "lr_sched_epochs": null,
        "lr_sched_factors": null
    },
    "train_losses": [
        355.276114327567,
        121.89629364013672,
        119.87821088518415,
        115.46646118164062,
        110.2076884678432,
        105.76774379185268,
        102.94570486886161,
        101.52707781110492,
        100.86275700160435,
        100.42856706891742,
        99.99830409458706,
        99.53881290980748,
        99.0678950718471,
        98.59400285993304,
        98.1162349155971,
        97.63402448381696,
        97.14921133858817,
        96.66422925676618,
        96.1812264578683,
        95.70250047956195,
        95.2304436819894,
        94.76706041608539,
        94.31393432617188,
        93.87244415283203,
        93.44375174386161,
        93.02874319893974,
        92.62809644426618,
        92.24232809884208,
        91.87177058628627,
        91.51656450544085,
        91.17674255371094,
        90.85218920026507,
        90.54271044049945,
        90.2480218069894,
        89.96776689801898,
        89.70152718680245,
        89.44884272984096,
        89.20921979631696,
        88.98215048653739,
        88.76710074288505,
        88.56353977748326,
        88.3709226335798,
        88.18872397286552,
        88.01642172677177,
        87.85350145612445,
        87.69947160993304,
        87.55385044642857,
        87.4161845615932,
        87.28602600097656,
        87.16296713692802,
        87.04660034179688,
        86.93655068533761,
        86.83246285574776,
        86.73399897984096,
        86.64083099365234,
        86.55267551967076,
        86.46923283168248,
        86.39024680001395,
        86.31546674455915,
        86.24466051374164,
        86.17760140555245,
        86.11409214564732,
        86.0539321899414,
        85.99693734305245,
        85.9429441179548,
        85.89178575788226,
        85.8433085850307,
        85.79737527029855,
        85.75385175432477,
        85.71260506766183,
        85.67352076939174,
        85.63649095807757,
        85.60140010288784,
        85.56815120152065,
        85.53665379115513,
        85.5068119594029,
        85.47853524344308,
        85.45175606863839,
        85.42638833182198,
        85.40236445835659,
        85.3796136038644,
        85.35806274414062,
        85.33766283307757,
        85.31834411621094,
        85.30005972726005,
        85.28274100167411,
        85.26634543282645,
        85.2508305140904,
        85.23614174979073,
        85.2222420828683,
        85.20907810756138,
        85.19662148611886,
        85.18483407156808,
        85.17367226736886,
        85.1631088256836,
        85.15310777936664,
        85.14364079066685,
        85.13467407226562,
        85.12618691580636,
        85.11814553397042,
        85.11053466796875
    ],
    "valid_losses": [
        353.8127659388951,
        121.81048474993024,
        119.81882912772042,
        115.48569706508091,
        110.3509020124163,
        106.06171417236328,
        103.3912124633789,
        102.10007803780692,
        101.5227301461356,
        101.13033621651786,
        100.70391518729073,
        100.22596849714007,
        99.7318344116211,
        99.24244907924107,
        98.76077597481864,
        98.28285217285156,
        97.80446406773159,
        97.32379913330078,
        96.84228406633649,
        96.36380658830915,
        95.89245496477399,
        95.4307131086077,
        94.97967093331474,
        94.54012080601284,
        94.11306871686664,
        93.69960130964007,
        93.30062539236886,
        92.9166750226702,
        92.54798453194755,
        92.19461931501117,
        91.85658809116909,
        91.53381674630302,
        91.22614397321429,
        90.93325914655414,
        90.65480041503906,
        90.39033835274833,
        90.13940756661552,
        89.90151977539062,
        89.67615400041852,
        89.46278708321708,
        89.26087406703404,
        89.06987544468471,
        88.88925279889789,
        88.71849496023995,
        88.5570787702288,
        88.40451376778739,
        88.26031494140625,
        88.12402670724052,
        87.99520547049386,
        87.8734381539481,
        87.75831712995257,
        87.64946528843471,
        87.54653058733258,
        87.44917297363281,
        87.35707310267857,
        87.26992797851562,
        87.18746403285435,
        87.10940769740513,
        87.03551265171596,
        86.96554565429688,
        86.89928654261998,
        86.83652823311942,
        86.77708435058594,
        86.72076742989677,
        86.66740962437221,
        86.61684853690011,
        86.56893593924386,
        86.52353123256138,
        86.48050253731864,
        86.43971361432757,
        86.40105983189174,
        86.36441911969867,
        86.32969774518695,
        86.29679325648716,
        86.26560320172992,
        86.23604365757534,
        86.20803615025112,
        86.1814934866769,
        86.15634264264789,
        86.13251277378627,
        86.10993194580078,
        86.08854130336216,
        86.06827545166016,
        86.04907989501953,
        86.03089577811105,
        86.01366642543248,
        85.99735151018415,
        85.98189871651786,
        85.9672611781529,
        85.95339529854911,
        85.94026511056083,
        85.92782810756138,
        85.91604832240513,
        85.90488978794643,
        85.89431980678013,
        85.88430677141461,
        85.87482452392578,
        85.86583491734096,
        85.85731942313058,
        85.84924643380302,
        85.84159742082868
    ],