{
    "testproblem": "quadratic_deep",
    "batch_size": 128,
    "num_epochs": 100,
    "random_seed": 42,
    "l2_reg": null,
    "optimizer_name": "LookaheadOptimizerMBGDMomentum",
    "optimizer_hyperparams": {
        "learning_rate": 0.027541439213320282,
        "momentum": 0.31592553907017457,
        "use_nesterov": false,
        "k": 3,
        "alpha": 0.43379206974909357,
        "use_locking": false
    },
    "training_params": {
        "lr_sched_epochs": [],
        "lr_sched_factors": []
    },
    "train_losses": [
        400.0134015764509,
        116.74729265485492,
        103.6319808959961,
        101.54316057477679,
        100.88089425223214,
        99.11731392996651,
        98.77954537527901,
        97.1925299508231,
        97.11953408377511,
        95.66676984514508,
        95.79766518729073,
        94.44827924455915,
        94.73668343680245,
        93.46741812569755,
        93.87824140276227,
        92.67147609165737,
        93.17807442801339,
        92.02039010184151,
        92.60242898123605,
        91.48354884556362,
        92.12543160574776,
        91.03746032714844,
        91.7271499633789,
        90.66396876743862,
        91.39212799072266,
        90.34898376464844,
        91.10832105364118,
        90.08148629324776,
        90.86627524239677,
        89.85280282156808,
        90.65852573939732,
        89.65609632219586,
        90.47914450509208,
        89.4858888898577,
        90.32337406703404,
        89.33780561174665,
        90.18740626743862,
        89.20830317905971,
        90.06813376290458,
        89.09451184953961,
        89.96302904401507,
        88.99408721923828,
        89.87002345493862,
        88.90508161272321,
        89.78738948277065,
        88.82590157645089,
        89.71370588030133,
        88.75521087646484,
        89.64778573172433,
        88.69188690185547,
        89.58860669817243,
        88.63499232700893,
        89.53533608572823,
        88.58371407645089,
        89.48724910191127,
        88.53737967354911,
        89.44372449602399,
        88.4954114641462,
        89.40424019949776,
        88.45730154854911,
        89.36832863943917,
        88.42261287144252,
        89.33560398646763,
        88.39098358154297,
        89.30571964808873,
        88.36207362583706,
        89.27837916782924,
        88.33561270577567,
        89.25331769670758,
        88.31133706229073,
        89.23030308314732,
        88.28903198242188,
        89.20913805280414,
        88.26851109095982,
        89.18964494977679,
        88.24959891183036,
        89.1716548374721,
        88.23213631766183,
        89.15503474644252,
        88.21599360874721,
        89.13965933663505,
        88.20105307442802,
        89.1254130772182,
        88.18720245361328,
        89.11219896589007,
        88.17435128348214,
        89.09992109026227,
        88.16240801130023,
        89.08850860595703,
        88.1512952532087,
        89.07788194928851,
        88.14094761439732,
        89.06797790527344,
        88.1312997000558,
        89.05872998918805,
        88.12229265485492,
        89.05010223388672,
        88.11387198311942,
        89.04202488490513,
        88.10600280761719,
        89.03446960449219
    ],
    "valid_losses": [
        402.6894008091518,
        115.68082863943917,
        102.2711203438895,
        99.8103256225586,
        99.59390040806362,
        97.38863263811383,
        97.50477382114956,
        95.47507585797992,
        95.85501534598214,
        93.95898873465401,
        94.54189191545758,
        92.74875313895089,
        93.48837280273438,
        91.77493504115513,
        92.63630022321429,
        90.98500061035156,
        91.94156755719867,
        90.33904375348773,
        91.37055969238281,
        89.80658176967076,
        90.89751979282924,
        89.36422511509487,
        90.50261797223773,
        88.99392482212612,
        90.17047446114677,
        88.68165261404855,
        89.88911873953683,
        88.41646684919085,
        89.64916556222099,
        88.18975939069476,
        89.4431904384068,
        87.99472263881138,
        89.26531982421875,
        87.82593536376953,
        89.11083330426898,
        87.67905535016742,
        88.9759499686105,
        87.55057416643415,
        88.8575908115932,
        87.4376471383231,
        88.75326320103237,
        87.33794621058873,
        88.66090284075055,
        87.24955313546317,
        88.5788094656808,
        87.17087990897042,
        88.50558362688336,
        87.10061318533761,
        88.44002859933036,
        87.03763144356864,
        88.38116564069476,
        86.98101697649274,
        88.32814243861607,
        86.92997305733817,
        88.28025272914341,
        86.88382502964565,
        88.23688725062779,
        86.84199632917132,
        88.19751739501953,
        86.80399540492466,
        88.16169956752232,
        86.76938956124442,
        88.12903812953404,
        86.73781367710659,
        88.09919738769531,
        86.70894186837333,
        88.0718743460519,
        86.68249184744698,
        88.04682159423828,
        86.65821729387555,
        88.02379826136998,
        86.63590349469867,
        88.0026125226702,
        86.6153542654855,
        87.98308563232422,
        86.59640284946987,
        87.96505846296039,
        86.57890210832868,
        87.94839368547711,
        86.56271253313336,
        87.93296813964844,
        86.54772077287946,
        87.91866411481585,
        86.53381020682198,
        87.90539114815849,
        86.52089582170758,
        87.89305223737445,
        86.50889042445591,
        87.88156999860492,
        86.49771336146763,
        87.87087903703961,
        86.48729596819196,
        87.86090523856026,
        86.47758265904018,
        87.85159192766461,
        86.46850149972099,
        87.84289441789899,
        86.46001870291573,
        87.83474949428013,
        86.4520743233817,
        87.8271244594029
    ],