{
    "testproblem": "quadratic_deep",
    "batch_size": 128,
    "num_epochs": 100,
    "random_seed": 46,
    "l2_reg": null,
    "optimizer_name": "NadamOptimizer",
    "optimizer_hyperparams": {
        "learning_rate": 0.001,
        "beta1": 0.9,
        "beta2": 0.999,
        "epsilon": 1e-07
    },
    "training_params": {
        "lr_sched_epochs": [
            1,
            2,
            3,
            4,
            5,
            6,
            7,
            8,
            9,
            10,
            11,
            12,
            13,
            14,
            15,
            16,
            17,
            18,
            19,
            20,
            21,
            22,
            23,
            24,
            25,
            26,
            27,
            28,
            29,
            30,
            31,
            32,
            33,
            34,
            35,
            36,
            37,
            38,
            39,
            40,
            41,
            42,
            43,
            44,
            45,
            46,
            47,
            48,
            49,
            50,
            51,
            52,
            53,
            54,
            55,
            56,
            57,
            58,
            59,
            60,
            61,
            62,
            63,
            64,
            65,
            66,
            67,
            68,
            69,
            70,
            71,
            72,
            73,
            74,
            75,
            76,
            77,
            78,
            79,
            80,
            81,
            82,
            83,
            84,
            85,
            86,
            87,
            88,
            89,
            90,
            91,
            92,
            93,
            94,
            95,
            96,
            97,
            98,
            99,
            100
        ],
        "lr_sched_factors": [
            0.9755282581475768,
            0.9045084971874737,
            0.7938926261462366,
            0.6545084971874737,
            0.5,
            0.34549150281252633,
            0.2061073738537635,
            0.09549150281252633,
            0.024471741852423234,
            1,
            0.9938441702975689,
            0.9755282581475768,
            0.9455032620941839,
            0.9045084971874737,
            0.8535533905932737,
            0.7938926261462366,
            0.7269952498697734,
            0.6545084971874737,
            0.5782172325201155,
            0.5,
            0.42178276747988447,
            0.34549150281252633,
            0.2730047501302266,
            0.2061073738537635,
            0.14644660940672627,
            0.09549150281252633,
            0.054496737905816106,
            0.024471741852423234,
            0.00615582970243117,
            1,
            0.998458666866564,
            0.9938441702975689,
            0.9861849601988383,
            0.9755282581475768,
            0.9619397662556434,
            0.9455032620941839,
            0.9263200821770461,
            0.9045084971874737,
            0.8802029828000155,
            0.8535533905932737,
            0.8247240241650917,
            0.7938926261462366,
            0.7612492823579744,
            0.7269952498697734,
            0.6913417161825449,
            0.6545084971874737,
            0.6167226819279528,
            0.5782172325201155,
            0.5392295478639225,
            0.5,
            0.4607704521360776,
            0.42178276747988447,
            0.38327731807204746,
            0.34549150281252633,
            0.30865828381745514,
            0.2730047501302266,
            0.2387507176420256,
            0.2061073738537635,
            0.17527597583490823,
            0.14644660940672627,
            0.11979701719998453,
            0.09549150281252633,
            0.07367991782295391,
            0.054496737905816106,
            0.03806023374435663,
            0.024471741852423234,
            0.013815039801161721,
            0.00615582970243117,
            0.001541333133436018,
            1,
            0.9996145181203615,
            0.998458666866564,
            0.9965342284774632,
            0.9938441702975689,
            0.9903926402016152,
            0.9861849601988383,
            0.9812276182268236,
            0.9755282581475768,
            0.9690956679612421,
            0.9619397662556434,
            0.9540715869125407,
            0.9455032620941839,
            0.9362480035363986,
            0.9263200821770461,
            0.9157348061512727,
            0.9045084971874737,
            0.8926584654403724,
            0.8802029828000155,
            0.8671612547178428,
            0.8535533905932737,
            0.839400372766471,
            0.8247240241650917,
            0.8095469746549171,
            0.7938926261462366,
            0.7777851165098011,
            0.7612492823579744,
            0.7443106207484775,
            0.7269952498697734,
            0.7093298687687141,
            0.6913417161825449
        ]
    },
    "train_losses": [
        258.059581211635,
        250.1549072265625,
        244.14537702287947,
        238.8808114188058,
        234.42503138950892,
        230.85206386021204,
        228.18020629882812,
        226.36218479701452,
        225.2881622314453,
        224.7929447719029,
        224.6661660330636,
        219.5512455531529,
        214.62549918038505,
        209.95797511509485,
        205.5950884137835,
        201.56769452776228,
        197.89499991280692,
        194.58694458007812,
        191.64588928222656,
        189.06780133928572,
        186.84325517926897,
        184.95826939174108,
        183.39479500906808,
        182.13138253348214,
        181.14325387137276,
        180.40259878976005,
        179.8786141531808,
        179.53755405970983,
        179.3428497314453,
        179.2552446637835,
        179.2331324986049,
        175.6829354422433,
        172.25618852887834,
        168.97716195242745,
        165.85701642717635,
        162.90006365094865,
        160.10687909807478,
        157.47587149483817,
        155.0040566580636,
        152.68753705705916,
        150.52178301130022,
        148.5017569405692,
        146.62210518973214,
        144.8772256033761,
        143.2614026750837,
        141.7688249860491,
        140.39368765694755,
        139.13023594447546,
        137.9728044782366,
        136.91585213797433,
        135.95399039132255,
        135.08199201311385,
        134.2948041643415,
        133.58754948207311,
        132.9555184500558,
        132.39415305001395,
        131.8990434919085,
        131.4659184047154,
        131.09058925083704,
        130.76897321428572,
        130.49703325544084,
        130.27076176234655,
        130.08614785330636,
        129.9391871861049,
        129.8257816859654,
        129.74181474958147,
        129.68303680419922,
        129.6451372419085,
        129.6236572265625,
        129.61404636928015,
        129.61163330078125,
        128.06529344831193,
        126.58261326381138,
        125.17256927490234,
        123.83752114432198,
        122.57667541503906,
        121.38776179722377,
        120.2678713117327,
        119.21380942208427,
        118.2223140171596,
        117.29015241350446,
        116.41414751325335,
        115.59122576032367,
        114.8184095110212,
        114.09285300118583,
        113.4118161882673,
        112.7726821899414,
        112.17295510428292,
        111.61026218959263,
        111.08233424595424,
        110.58704485212054,
        110.1223645891462,
        109.68638937813895,
        109.27731541224888,
        108.89344678606305,
        108.53318568638393,
        108.19503675188336,
        107.87760380336216,
        107.57957022530692,
        107.29970441545758,
        107.03687068394252
    ],