{
    "testproblem": "quadratic_deep",
    "batch_size": 128,
    "num_epochs": 100,
    "random_seed": 42,
    "l2_reg": null,
    "optimizer_name": "AdamOptimizer",
    "optimizer_hyperparams": {
        "learning_rate": 0.1192308104513667,
        "beta1": 0.5742283072739767,
        "beta2": 0.818101132023193,
        "epsilon": 1e-08,
        "use_locking": false
    },
    "training_params": {
        "lr_sched_epochs": [
            1,
            2,
            3,
            4,
            5,
            6,
            7,
            8,
            9,
            10,
            11,
            12,
            13,
            14,
            15,
            16,
            17,
            18,
            19,
            20,
            21,
            22,
            23,
            24,
            25,
            26,
            27,
            28,
            29,
            30,
            31,
            32,
            33,
            34,
            35,
            36,
            37,
            38,
            39,
            40,
            41,
            42,
            43,
            44,
            45,
            46,
            47,
            48,
            49,
            50,
            51,
            52,
            53,
            54,
            55,
            56,
            57,
            58,
            59,
            60,
            61,
            62,
            63,
            64,
            65,
            66,
            67,
            68,
            69,
            70,
            71,
            72,
            73,
            74,
            75,
            76,
            77,
            78,
            79,
            80,
            81,
            82,
            83,
            84,
            85,
            86,
            87,
            88,
            89,
            90,
            91,
            92,
            93,
            94,
            95,
            96,
            97,
            98,
            99,
            100
        ],
        "lr_sched_factors": [
            0.9755282581475768,
            0.9045084971874737,
            0.7938926261462366,
            0.6545084971874737,
            0.5,
            0.34549150281252633,
            0.2061073738537635,
            0.09549150281252633,
            0.024471741852423234,
            1.0,
            0.9938441702975689,
            0.9755282581475768,
            0.9455032620941839,
            0.9045084971874737,
            0.8535533905932737,
            0.7938926261462366,
            0.7269952498697734,
            0.6545084971874737,
            0.5782172325201155,
            0.5,
            0.42178276747988447,
            0.34549150281252633,
            0.2730047501302266,
            0.2061073738537635,
            0.14644660940672627,
            0.09549150281252633,
            0.054496737905816106,
            0.024471741852423234,
            0.00615582970243117,
            1.0,
            0.998458666866564,
            0.9938441702975689,
            0.9861849601988383,
            0.9755282581475768,
            0.9619397662556434,
            0.9455032620941839,
            0.9263200821770461,
            0.9045084971874737,
            0.8802029828000155,
            0.8535533905932737,
            0.8247240241650917,
            0.7938926261462366,
            0.7612492823579744,
            0.7269952498697734,
            0.6913417161825449,
            0.6545084971874737,
            0.6167226819279528,
            0.5782172325201155,
            0.5392295478639225,
            0.5,
            0.4607704521360776,
            0.42178276747988447,
            0.38327731807204746,
            0.34549150281252633,
            0.30865828381745514,
            0.2730047501302266,
            0.2387507176420256,
            0.2061073738537635,
            0.17527597583490823,
            0.14644660940672627,
            0.11979701719998453,
            0.09549150281252633,
            0.07367991782295391,
            0.054496737905816106,
            0.03806023374435663,
            0.024471741852423234,
            0.013815039801161721,
            0.00615582970243117,
            0.001541333133436018,
            1.0,
            0.9996145181203615,
            0.998458666866564,
            0.9965342284774632,
            0.9938441702975689,
            0.9903926402016152,
            0.9861849601988383,
            0.9812276182268236,
            0.9755282581475768,
            0.9690956679612421,
            0.9619397662556434,
            0.9540715869125407,
            0.9455032620941839,
            0.9362480035363986,
            0.9263200821770461,
            0.9157348061512727,
            0.9045084971874737,
            0.8926584654403724,
            0.8802029828000155,
            0.8671612547178428,
            0.8535533905932737,
            0.839400372766471,
            0.8247240241650917,
            0.8095469746549171,
            0.7938926261462366,
            0.7777851165098011,
            0.7612492823579744,
            0.7443106207484775,
            0.7269952498697734,
            0.7093298687687141,
            0.6913417161825449
        ]
    },
    "train_losses": [
        355.276114327567,
        108.8341816493443,
        97.33170863560268,
        92.87952859061105,
        90.14781951904297,
        88.52481079101562,
        87.71042197091239,
        87.44368852887835,
        87.08455657958984,
        86.52096557617188,
        86.47360011509487,
        88.00296565464565,
        86.53213174002511,
        86.67295292445591,
        86.30658830915179,
        86.13031114850726,
        86.04829515729632,
        85.9341550554548,
        85.82035064697266,
        85.74078587123326,
        85.68136487688336,
        85.64299992152623,
        85.66296059744698,
        85.8238045828683,
        85.88499668666294,
        85.43986184256417,
        85.19729178292411,
        85.10984475272042,
        85.06833866664341,
        85.05404663085938,
        85.05073765345982,
        87.3082526070731,
        85.90760476248605,
        86.29903084891183,
        86.08911023821149,
        86.00472586495536,
        86.0316390991211,
        86.01941244942802,
        85.97847856794085,
        85.92771584647042,
        85.88623155866351,
        85.85490417480469,
        85.81526838030133,
        85.77359771728516,
        85.73558916364398,
        85.70017569405692,
        85.66638728550502,
        85.63542938232422,
        85.6079570225307,
        85.58436148507255,
        85.56578499930245,
        85.5551997593471,
        85.56054251534599,
        85.60106549944196,
        85.70920780726841,
        85.874025617327,
        85.9208003452846,
        85.73124149867466,
        85.504640851702,
        85.35555485316685,
        85.24705396379743,
        85.15988595145089,
        85.09522029331752,
        85.04980795724052,
        85.01933179582868,
        84.99999237060547,
        84.98848506382534,
        84.98214503696987,
        84.97898973737445,
        84.97766767229352,
        84.97732761928013,
        87.2697993687221,
        85.8287854875837,
        86.26093401227679,
        86.08753422328404,
        86.00516401018415,
        86.05540357317243,
        86.07022966657367,
        86.06058502197266,
        86.03714752197266,
        86.01589965820312,
        86.0110331944057,
        86.00300053187779,
        85.98672812325614,
        85.96866498674665,
        85.95224870954242,
        85.93644714355469,
        85.9193856375558,
        85.90106964111328,
        85.88231113978794,
        85.86351122174945,
        85.84461648123605,
        85.82547977992466,
        85.80619158063617,
        85.78694479806083,
        85.76788112095424,
        85.74903542654855,
        85.73046330043248,
        85.71226501464844,
        85.6945299421038,
        85.67732892717633
    ],