{
    "testproblem": "quadratic_deep",
    "batch_size": 128,
    "num_epochs": 100,
    "random_seed": 42,
    "l2_reg": null,
    "optimizer_name": "NAG",
    "optimizer_hyperparams": {
        "learning_rate": 0.0672093005015611,
        "momentum": 0.9175807473512356,
        "use_locking": false,
        "use_nesterov": true
    },
    "training_params": {
        "lr_sched_epochs": null,
        "lr_sched_factors": null
    },
    "train_losses": [
        355.276114327567,
        1857761537462.8572,
        2.540218665481365e+22,
        3.757525590943111e+32,
        Infinity,
        355.276114327567,
        355.276114327567,
        355.276114327567,
        355.276114327567,
        355.276114327567,
        355.276114327567,
        355.276114327567,
        355.276114327567,
        355.276114327567,
        355.276114327567,
        355.276114327567,
        355.276114327567,
        355.276114327567,
        355.276114327567,
        355.276114327567,
        355.276114327567,
        355.276114327567,
        355.276114327567,
        355.276114327567,
        355.276114327567,
        355.276114327567,
        355.276114327567,
        355.276114327567,
        355.276114327567,
        355.276114327567,
        355.276114327567,
        355.276114327567,
        355.276114327567,
        355.276114327567,
        355.276114327567,
        355.276114327567,
        355.276114327567,
        355.276114327567,
        355.276114327567,
        355.276114327567,
        355.276114327567,
        355.276114327567,
        355.276114327567,
        355.276114327567,
        355.276114327567,
        355.276114327567,
        355.276114327567,
        355.276114327567,
        355.276114327567,
        355.276114327567,
        355.276114327567,
        355.276114327567,
        355.276114327567,
        355.276114327567,
        355.276114327567,
        355.276114327567,
        355.276114327567,
        355.276114327567,
        355.276114327567,
        355.276114327567,
        355.276114327567,
        355.276114327567,
        355.276114327567,
        355.276114327567,
        355.276114327567,
        355.276114327567,
        355.276114327567,
        355.276114327567,
        355.276114327567,
        355.276114327567,
        355.276114327567,
        355.276114327567,
        355.276114327567,
        355.276114327567,
        355.276114327567,
        355.276114327567,
        355.276114327567,
        355.276114327567,
        355.276114327567,
        355.276114327567,
        355.276114327567,
        355.276114327567,
        355.276114327567,
        355.276114327567,
        355.276114327567,
        355.276114327567,
        355.276114327567,
        355.276114327567,
        355.276114327567,
        355.276114327567,
        355.276114327567,
        355.276114327567,
        355.276114327567,
        355.276114327567,
        355.276114327567,
        355.276114327567,
        355.276114327567,
        355.276114327567,
        355.276114327567,
        355.276114327567,
        355.276114327567
    ],
    "valid_losses": [
        353.8127659388951,
        1857761799606.8572,
        2.540218665481365e+22,
        3.757525590943111e+32,
        Infinity,
        353.8127659388951,
        353.8127659388951,
        353.8127659388951,
        353.8127659388951,
        353.8127659388951,
        353.8127659388951,
        353.8127659388951,
        353.8127659388951,
        353.8127659388951,
        353.8127659388951,
        353.8127659388951,
        353.8127659388951,
        353.8127659388951,
        353.8127659388951,
        353.8127659388951,
        353.8127659388951,
        353.8127659388951,
        353.8127659388951,
        353.8127659388951,
        353.8127659388951,
        353.8127659388951,
        353.8127659388951,
        353.8127659388951,
        353.8127659388951,
        353.8127659388951,
        353.8127659388951,
        353.8127659388951,
        353.8127659388951,
        353.8127659388951,
        353.8127659388951,
        353.8127659388951,
        353.8127659388951,
        353.8127659388951,
        353.8127659388951,
        353.8127659388951,
        353.8127659388951,
        353.8127659388951,
        353.8127659388951,
        353.8127659388951,
        353.8127659388951,
        353.8127659388951,
        353.8127659388951,
        353.8127659388951,
        353.8127659388951,
        353.8127659388951,
        353.8127659388951,
        353.8127659388951,
        353.8127659388951,
        353.8127659388951,
        353.8127659388951,
        353.8127659388951,
        353.8127659388951,
        353.8127659388951,
        353.8127659388951,
        353.8127659388951,
        353.8127659388951,
        353.8127659388951,
        353.8127659388951,
        353.8127659388951,
        353.8127659388951,
        353.8127659388951,
        353.8127659388951,
        353.8127659388951,
        353.8127659388951,
        353.8127659388951,
        353.8127659388951,
        353.8127659388951,
        353.8127659388951,
        353.8127659388951,
        353.8127659388951,
        353.8127659388951,
        353.8127659388951,
        353.8127659388951,
        353.8127659388951,
        353.8127659388951,
        353.8127659388951,
        353.8127659388951,
        353.8127659388951,
        353.8127659388951,
        353.8127659388951,
        353.8127659388951,
        353.8127659388951,
        353.8127659388951,
        353.8127659388951,
        353.8127659388951,
        353.8127659388951,
        353.8127659388951,
        353.8127659388951,
        353.8127659388951,
        353.8127659388951,
        353.8127659388951,
        353.8127659388951,
        353.8127659388951,
        353.8127659388951,
        353.8127659388951,
        353.8127659388951
    ],