{
    "testproblem": "quadratic_deep",
    "batch_size": 128,
    "num_epochs": 100,
    "random_seed": 50,
    "l2_reg": null,
    "optimizer_name": "AdagradOptimizer",
    "optimizer_hyperparams": {
        "learning_rate": 0.6351221010640693,
        "initial_accumulator_value": 0.1,
        "use_locking": false
    },
    "training_params": {
        "lr_sched_epochs": [
            1,
            2,
            3,
            4,
            5,
            6,
            7,
            8,
            9,
            10,
            11,
            12,
            13,
            14,
            15,
            16,
            17,
            18,
            19,
            20,
            21,
            22,
            23,
            24,
            25,
            26,
            27,
            28,
            29,
            30,
            31,
            32,
            33,
            34,
            35,
            36,
            37,
            38,
            39,
            40,
            41,
            42,
            43,
            44,
            45,
            46,
            47,
            48,
            49,
            50,
            51,
            52,
            53,
            54,
            55,
            56,
            57,
            58,
            59,
            60,
            61,
            62,
            63,
            64,
            65,
            66,
            67,
            68,
            69,
            70,
            71,
            72,
            73,
            74,
            75,
            76,
            77,
            78,
            79,
            80,
            81,
            82,
            83,
            84,
            85,
            86,
            87,
            88,
            89,
            90,
            91,
            92,
            93,
            94,
            95,
            96,
            97,
            98,
            99,
            100
        ],
        "lr_sched_factors": [
            0.9755282581475768,
            0.9045084971874737,
            0.7938926261462366,
            0.6545084971874737,
            0.5,
            0.34549150281252633,
            0.2061073738537635,
            0.09549150281252633,
            0.024471741852423234,
            1.0,
            0.9938441702975689,
            0.9755282581475768,
            0.9455032620941839,
            0.9045084971874737,
            0.8535533905932737,
            0.7938926261462366,
            0.7269952498697734,
            0.6545084971874737,
            0.5782172325201155,
            0.5,
            0.42178276747988447,
            0.34549150281252633,
            0.2730047501302266,
            0.2061073738537635,
            0.14644660940672627,
            0.09549150281252633,
            0.054496737905816106,
            0.024471741852423234,
            0.00615582970243117,
            1.0,
            0.998458666866564,
            0.9938441702975689,
            0.9861849601988383,
            0.9755282581475768,
            0.9619397662556434,
            0.9455032620941839,
            0.9263200821770461,
            0.9045084971874737,
            0.8802029828000155,
            0.8535533905932737,
            0.8247240241650917,
            0.7938926261462366,
            0.7612492823579744,
            0.7269952498697734,
            0.6913417161825449,
            0.6545084971874737,
            0.6167226819279528,
            0.5782172325201155,
            0.5392295478639225,
            0.5,
            0.4607704521360776,
            0.42178276747988447,
            0.38327731807204746,
            0.34549150281252633,
            0.30865828381745514,
            0.2730047501302266,
            0.2387507176420256,
            0.2061073738537635,
            0.17527597583490823,
            0.14644660940672627,
            0.11979701719998453,
            0.09549150281252633,
            0.07367991782295391,
            0.054496737905816106,
            0.03806023374435663,
            0.024471741852423234,
            0.013815039801161721,
            0.00615582970243117,
            0.001541333133436018,
            1.0,
            0.9996145181203615,
            0.998458666866564,
            0.9965342284774632,
            0.9938441702975689,
            0.9903926402016152,
            0.9861849601988383,
            0.9812276182268236,
            0.9755282581475768,
            0.9690956679612421,
            0.9619397662556434,
            0.9540715869125407,
            0.9455032620941839,
            0.9362480035363986,
            0.9263200821770461,
            0.9157348061512727,
            0.9045084971874737,
            0.8926584654403724,
            0.8802029828000155,
            0.8671612547178428,
            0.8535533905932737,
            0.839400372766471,
            0.8247240241650917,
            0.8095469746549171,
            0.7938926261462366,
            0.7777851165098011,
            0.7612492823579744,
            0.7443106207484775,
            0.7269952498697734,
            0.7093298687687141,
            0.6913417161825449
        ]
    },
    "train_losses": [
        354.67714146205356,
        106.66185542515346,
        98.82361493791852,
        95.6741474696568,
        93.73292977469308,
        92.4003666469029,
        91.5590329851423,
        91.07468741280692,
        90.81612941196987,
        90.70065089634487,
        90.67171914236886,
        90.72721426827567,
        89.87247903006417,
        89.23790305001395,
        88.69757080078125,
        88.23887307303292,
        87.84913853236607,
        87.52095467703683,
        87.24989536830357,
        87.03243582589286,
        86.86388615199498,
        86.73737008231026,
        86.64422171456474,
        86.57544381277901,
        86.52389417375836,
        86.48561096191406,
        86.45875113351005,
        86.44165584019252,
        86.43217141287667,
        86.42798832484654,
        86.42693437848773,
        86.92764936174665,
        86.80111149379185,
        86.68881443568638,
        86.5835712977818,
        86.48443494524274,
        86.39070674351284,
        86.30194963727679,
        86.21793038504464,
        86.13860757010323,
        86.06405530657086,
        85.9944316319057,
        85.9299556187221,
        85.8708245413644,
        85.81722368512835,
        85.7692119053432,
        85.72676849365234,
        85.68971579415458,
        85.65775081089565,
        85.63045501708984,
        85.60730525425502,
        85.58770424979073,
        85.57104056222099,
        85.55672454833984,
        85.54424721854073,
        85.53321729387555,
        85.52339390345982,
        85.51464189801898,
        85.5069329398019,
        85.5002681187221,
        85.49463871547154,
        85.49001639229911,
        85.48634338378906,
        85.48350851876395,
        85.48141043526786,
        85.4799085344587,
        85.47889491489956,
        85.47825840541294,
        85.47790200369698,
        85.47774396623883,
        85.47770472935268,
        85.83659362792969,
        85.81969342912946,
        85.80296543666294,
        85.78627559116909,
        85.76960754394531,
        85.75293840680804,
        85.73627144949776,
        85.71961866106305,
        85.70298113141742,
        85.68639046805245,
        85.66986846923828,
        85.65345110212054,
        85.63716888427734,
        85.62106105259487,
        85.60517120361328,
        85.58954402378627,
        85.57421548025948,
        85.55923461914062,
        85.54463740757534,
        85.53046526227679,
        85.51675851004464,
        85.50354548863002,
        85.49085344587054,
        85.47871616908482,
        85.46714673723493,
        85.45615822928292,
        85.44575827462333,
        85.43595450265067,
        85.42674473353794,
        85.4181147984096
    ],