{
    "testproblem": "quadratic_deep",
    "batch_size": 128,
    "num_epochs": 100,
    "random_seed": 42,
    "l2_reg": null,
    "optimizer_name": "RAdamOptimizer",
    "optimizer_hyperparams": {
        "learning_rate": 0.005424275289877678,
        "beta1": 0.8468563001041758,
        "beta2": 0.8844274159999408,
        "epsilon": 1e-07
    },
    "training_params": {
        "lr_sched_epochs": [
            1,
            2,
            3,
            4,
            5,
            6,
            7,
            8,
            9,
            10,
            11,
            12,
            13,
            14,
            15,
            16,
            17,
            18,
            19,
            20,
            21,
            22,
            23,
            24,
            25,
            26,
            27,
            28,
            29,
            30,
            31,
            32,
            33,
            34,
            35,
            36,
            37,
            38,
            39,
            40,
            41,
            42,
            43,
            44,
            45,
            46,
            47,
            48,
            49,
            50,
            51,
            52,
            53,
            54,
            55,
            56,
            57,
            58,
            59,
            60,
            61,
            62,
            63,
            64,
            65,
            66,
            67,
            68,
            69,
            70,
            71,
            72,
            73,
            74,
            75,
            76,
            77,
            78,
            79,
            80,
            81,
            82,
            83,
            84,
            85,
            86,
            87,
            88,
            89,
            90,
            91,
            92,
            93,
            94,
            95,
            96,
            97,
            98,
            99,
            100
        ],
        "lr_sched_factors": [
            0.9755282581475768,
            0.9045084971874737,
            0.7938926261462366,
            0.6545084971874737,
            0.5,
            0.34549150281252633,
            0.2061073738537635,
            0.09549150281252633,
            0.024471741852423234,
            1.0,
            0.9938441702975689,
            0.9755282581475768,
            0.9455032620941839,
            0.9045084971874737,
            0.8535533905932737,
            0.7938926261462366,
            0.7269952498697734,
            0.6545084971874737,
            0.5782172325201155,
            0.5,
            0.42178276747988447,
            0.34549150281252633,
            0.2730047501302266,
            0.2061073738537635,
            0.14644660940672627,
            0.09549150281252633,
            0.054496737905816106,
            0.024471741852423234,
            0.00615582970243117,
            1.0,
            0.998458666866564,
            0.9938441702975689,
            0.9861849601988383,
            0.9755282581475768,
            0.9619397662556434,
            0.9455032620941839,
            0.9263200821770461,
            0.9045084971874737,
            0.8802029828000155,
            0.8535533905932737,
            0.8247240241650917,
            0.7938926261462366,
            0.7612492823579744,
            0.7269952498697734,
            0.6913417161825449,
            0.6545084971874737,
            0.6167226819279528,
            0.5782172325201155,
            0.5392295478639225,
            0.5,
            0.4607704521360776,
            0.42178276747988447,
            0.38327731807204746,
            0.34549150281252633,
            0.30865828381745514,
            0.2730047501302266,
            0.2387507176420256,
            0.2061073738537635,
            0.17527597583490823,
            0.14644660940672627,
            0.11979701719998453,
            0.09549150281252633,
            0.07367991782295391,
            0.054496737905816106,
            0.03806023374435663,
            0.024471741852423234,
            0.013815039801161721,
            0.00615582970243117,
            0.001541333133436018,
            1.0,
            0.9996145181203615,
            0.998458666866564,
            0.9965342284774632,
            0.9938441702975689,
            0.9903926402016152,
            0.9861849601988383,
            0.9812276182268236,
            0.9755282581475768,
            0.9690956679612421,
            0.9619397662556434,
            0.9540715869125407,
            0.9455032620941839,
            0.9362480035363986,
            0.9263200821770461,
            0.9157348061512727,
            0.9045084971874737,
            0.8926584654403724,
            0.8802029828000155,
            0.8671612547178428,
            0.8535533905932737,
            0.839400372766471,
            0.8247240241650917,
            0.8095469746549171,
            0.7938926261462366,
            0.7777851165098011,
            0.7612492823579744,
            0.7443106207484775,
            0.7269952498697734,
            0.7093298687687141,
            0.6913417161825449
        ]
    },
    "train_losses": [
        355.276114327567,
        108.5557392665318,
        107.03100040980748,
        105.58336312430245,
        104.62041909354073,
        104.03246743338448,
        103.61904798235211,
        103.31960187639508,
        103.13275909423828,
        103.04392351422992,
        103.02081952776227,
        102.09357452392578,
        101.21272495814732,
        100.38703264508929,
        99.6223645891462,
        98.92271096365792,
        98.29030282156808,
        97.72560010637555,
        97.2277592250279,
        96.79488263811383,
        96.42424665178571,
        96.11246054513114,
        95.85560171944755,
        95.64931379045758,
        95.4888894217355,
        95.36925288609096,
        95.28500693184989,
        95.23041098458427,
        95.19936697823661,
        95.1854498726981,
        95.18195125034877,
        94.62867954799107,
        94.10703604561942,
        93.61578587123326,
        93.15480259486607,
        92.72393253871373,
        92.32223292759487,
        91.94863019670758,
        91.6020976475307,
        91.28154536655971,
        90.9857657296317,
        90.71349225725446,
        90.46340724400112,
        90.23422459193638,
        90.02465166364398,
        89.83342960902623,
        89.65934317452567,
        89.50122615269252,
        89.35796247209821,
        89.22851671491351,
        89.1118916102818,
        89.00717381068638,
        88.91348593575614,
        88.83003234863281,
        88.7560544695173,
        88.69085257393974,
        88.63375745500836,
        88.58415113176618,
        88.54143960135323,
        88.50506591796875,
        88.47449384416852,
        88.4491947719029,
        88.42866516113281,
        88.41241128104073,
        88.3999263218471,
        88.39073181152344,
        88.3843242100307,
        88.38021305629185,
        88.37790025983539,
        88.37686375209263,
        88.37660435267857,
        88.21458762032645,
        88.06362697056362,
        87.92051805768695,
        87.78614698137555,
        87.6605704171317,
        87.5427976335798,
        87.43212236676898,
        87.32816968645368,
        87.23057665143695,
        87.138916015625,
        87.0527845110212,
        86.97182355608258,
        86.89568982805524,
        86.82407706124442,
        86.75668334960938,
        86.6932373046875,
        86.63347407749721,
        86.57716369628906,
        86.52408272879464,
        86.47402845110211,
        86.42680249895368,
        86.38223702566964,
        86.34016745431083,
        86.30044119698661,
        86.26292092459542,
        86.22746930803571,
        86.19397081647601,
        86.16231536865234,
        86.13239179338727,
        86.10410853794643
    ],