{
    "testproblem": "quadratic_deep",
    "batch_size": 128,
    "num_epochs": 100,
    "random_seed": 42,
    "l2_reg": null,
    "optimizer_name": "GradientDescentOptimizer",
    "optimizer_hyperparams": {
        "learning_rate": 0.06796578090758151
    },
    "training_params": {
        "lr_sched_epochs": [],
        "lr_sched_factors": []
    },
    "train_losses": [
        271.5806971958705,
        24704348.285714287,
        107664278440228.58,
        5.313158252137315e+20,
        2.675564755003093e+27,
        1.3541179885042268e+34,
        Infinity,
        271.5806971958705,
        271.5806971958705,
        271.5806971958705,
        271.5806971958705,
        271.5806971958705,
        271.5806971958705,
        271.5806971958705,
        271.5806971958705,
        271.5806971958705,
        271.5806971958705,
        271.5806971958705,
        271.5806971958705,
        271.5806971958705,
        271.5806971958705,
        271.5806971958705,
        271.5806971958705,
        271.5806971958705,
        271.5806971958705,
        271.5806971958705,
        271.5806971958705,
        271.5806971958705,
        271.5806971958705,
        271.5806971958705,
        271.5806971958705,
        271.5806971958705,
        271.5806971958705,
        271.5806971958705,
        271.5806971958705,
        271.5806971958705,
        271.5806971958705,
        271.5806971958705,
        271.5806971958705,
        271.5806971958705,
        271.5806971958705,
        271.5806971958705,
        271.5806971958705,
        271.5806971958705,
        271.5806971958705,
        271.5806971958705,
        271.5806971958705,
        271.5806971958705,
        271.5806971958705,
        271.5806971958705,
        271.5806971958705,
        271.5806971958705,
        271.5806971958705,
        271.5806971958705,
        271.5806971958705,
        271.5806971958705,
        271.5806971958705,
        271.5806971958705,
        271.5806971958705,
        271.5806971958705,
        271.5806971958705,
        271.5806971958705,
        271.5806971958705,
        271.5806971958705,
        271.5806971958705,
        271.5806971958705,
        271.5806971958705,
        271.5806971958705,
        271.5806971958705,
        271.5806971958705,
        271.5806971958705,
        271.5806971958705,
        271.5806971958705,
        271.5806971958705,
        271.5806971958705,
        271.5806971958705,
        271.5806971958705,
        271.5806971958705,
        271.5806971958705,
        271.5806971958705,
        271.5806971958705,
        271.5806971958705,
        271.5806971958705,
        271.5806971958705,
        271.5806971958705,
        271.5806971958705,
        271.5806971958705,
        271.5806971958705,
        271.5806971958705,
        271.5806971958705,
        271.5806971958705,
        271.5806971958705,
        271.5806971958705,
        271.5806971958705,
        271.5806971958705,
        271.5806971958705,
        271.5806971958705,
        271.5806971958705,
        271.5806971958705,
        271.5806971958705,
        271.5806971958705
    ],
    "valid_losses": [
        273.79127284458707,
        24703115.714285713,
        107664283233718.86,
        5.313158252137315e+20,
        2.675564755003093e+27,
        1.3541179885042268e+34,
        Infinity,
        273.79127284458707,
        273.79127284458707,
        273.79127284458707,
        273.79127284458707,
        273.79127284458707,
        273.79127284458707,
        273.79127284458707,
        273.79127284458707,
        273.79127284458707,
        273.79127284458707,
        273.79127284458707,
        273.79127284458707,
        273.79127284458707,
        273.79127284458707,
        273.79127284458707,
        273.79127284458707,
        273.79127284458707,
        273.79127284458707,
        273.79127284458707,
        273.79127284458707,
        273.79127284458707,
        273.79127284458707,
        273.79127284458707,
        273.79127284458707,
        273.79127284458707,
        273.79127284458707,
        273.79127284458707,
        273.79127284458707,
        273.79127284458707,
        273.79127284458707,
        273.79127284458707,
        273.79127284458707,
        273.79127284458707,
        273.79127284458707,
        273.79127284458707,
        273.79127284458707,
        273.79127284458707,
        273.79127284458707,
        273.79127284458707,
        273.79127284458707,
        273.79127284458707,
        273.79127284458707,
        273.79127284458707,
        273.79127284458707,
        273.79127284458707,
        273.79127284458707,
        273.79127284458707,
        273.79127284458707,
        273.79127284458707,
        273.79127284458707,
        273.79127284458707,
        273.79127284458707,
        273.79127284458707,
        273.79127284458707,
        273.79127284458707,
        273.79127284458707,
        273.79127284458707,
        273.79127284458707,
        273.79127284458707,
        273.79127284458707,
        273.79127284458707,
        273.79127284458707,
        273.79127284458707,
        273.79127284458707,
        273.79127284458707,
        273.79127284458707,
        273.79127284458707,
        273.79127284458707,
        273.79127284458707,
        273.79127284458707,
        273.79127284458707,
        273.79127284458707,
        273.79127284458707,
        273.79127284458707,
        273.79127284458707,
        273.79127284458707,
        273.79127284458707,
        273.79127284458707,
        273.79127284458707,
        273.79127284458707,
        273.79127284458707,
        273.79127284458707,
        273.79127284458707,
        273.79127284458707,
        273.79127284458707,
        273.79127284458707,
        273.79127284458707,
        273.79127284458707,
        273.79127284458707,
        273.79127284458707,
        273.79127284458707,
        273.79127284458707,
        273.79127284458707,
        273.79127284458707
    ],