{
    "testproblem": "quadratic_deep",
    "batch_size": 128,
    "num_epochs": 100,
    "random_seed": 42,
    "l2_reg": null,
    "optimizer_name": "GradientDescentOptimizer",
    "optimizer_hyperparams": {
        "learning_rate": 0.008190148438096595
    },
    "training_params": {
        "lr_sched_epochs": [
            1,
            2,
            3,
            4,
            5,
            6,
            7,
            8,
            9,
            10,
            11,
            12,
            13,
            14,
            15,
            16,
            17,
            18,
            19,
            20,
            21,
            22,
            23,
            24,
            25,
            26,
            27,
            28,
            29,
            30,
            31,
            32,
            33,
            34,
            35,
            36,
            37,
            38,
            39,
            40,
            41,
            42,
            43,
            44,
            45,
            46,
            47,
            48,
            49,
            50,
            51,
            52,
            53,
            54,
            55,
            56,
            57,
            58,
            59,
            60,
            61,
            62,
            63,
            64,
            65,
            66,
            67,
            68,
            69,
            70,
            71,
            72,
            73,
            74,
            75,
            76,
            77,
            78,
            79,
            80,
            81,
            82,
            83,
            84,
            85,
            86,
            87,
            88,
            89,
            90,
            91,
            92,
            93,
            94,
            95,
            96,
            97,
            98,
            99,
            100
        ],
        "lr_sched_factors": [
            0.9997532801828658,
            0.9990133642141358,
            0.99778098230154,
            0.996057350657239,
            0.9938441702975689,
            0.9911436253643444,
            0.9879583809693737,
            0.9842915805643155,
            0.9801468428384715,
            0.9755282581475768,
            0.9704403844771128,
            0.9648882429441257,
            0.9588773128419905,
            0.9524135262330098,
            0.9455032620941839,
            0.9381533400219317,
            0.9303710135019718,
            0.9221639627510075,
            0.9135402871372809,
            0.9045084971874737,
            0.8950775061878452,
            0.8852566213878946,
            0.8750555348152298,
            0.8644843137107058,
            0.8535533905932737,
            0.8422735529643444,
            0.8306559326618259,
            0.8187119948743449,
            0.8064535268264883,
            0.7938926261462366,
            0.7810416889260653,
            0.7679133974894983,
            0.7545207078751857,
            0.7408768370508576,
            0.7269952498697734,
            0.7128896457825363,
            0.6985739453173903,
            0.6840622763423391,
            0.6693689601226458,
            0.6545084971874737,
            0.6394955530196147,
            0.6243449435824275,
            0.6090716206982714,
            0.5936906572928624,
            0.5782172325201155,
            0.5626666167821521,
            0.5470541566592573,
            0.5313952597646567,
            0.5157053795390641,
            0.5,
            0.48429462046093585,
            0.4686047402353433,
            0.45294584334074284,
            0.4373333832178478,
            0.42178276747988447,
            0.4063093427071376,
            0.39092837930172886,
            0.3756550564175727,
            0.3605044469803854,
            0.34549150281252633,
            0.3306310398773543,
            0.31593772365766104,
            0.30142605468260975,
            0.28711035421746367,
            0.2730047501302266,
            0.2591231629491423,
            0.24547929212481434,
            0.23208660251050156,
            0.21895831107393482,
            0.2061073738537635,
            0.19354647317351187,
            0.18128800512565513,
            0.16934406733817414,
            0.15772644703565564,
            0.14644660940672627,
            0.13551568628929433,
            0.1249444651847702,
            0.11474337861210543,
            0.1049224938121548,
            0.09549150281252633,
            0.08645971286271903,
            0.07783603724899257,
            0.06962898649802823,
            0.06184665997806832,
            0.054496737905816106,
            0.04758647376699032,
            0.04112268715800943,
            0.035111757055874326,
            0.029559615522887273,
            0.024471741852423234,
            0.019853157161528467,
            0.015708419435684462,
            0.012041619030626283,
            0.008856374635655695,
            0.00615582970243117,
            0.0039426493427611176,
            0.002219017698460002,
            0.0009866357858642205,
            0.0002467198171342,
            0.0
        ]
    },
    "train_losses": [
        355.276114327567,
        105.12581852504185,
        103.09499250139508,
        101.80250113351005,
        100.62376730782645,
        99.54352460588727,
        98.55294690813336,
        97.64417811802456,
        96.81007712227958,
        96.04409463065011,
        95.34026663643974,
        94.69315992082868,
        94.09780447823661,
        93.54968697684151,
        93.04469408307757,
        92.57908412388393,
        92.14944022042411,
        91.75267028808594,
        91.38595581054688,
        91.0467289515904,
        90.73265947614398,
        90.44162423270089,
        90.17169952392578,
        89.92112731933594,
        89.68832070486886,
        89.47182355608258,
        89.2703105381557,
        89.08258928571429,
        88.90755244663784,
        88.7442136492048,
        88.59165300641742,
        88.4490498134068,
        88.31564222063336,
        88.19073922293526,
        88.07371629987445,
        87.9639870779855,
        87.8610349382673,
        87.76436723981585,
        87.67354365757534,
        87.58816855294364,
        87.50785827636719,
        87.43227931431362,
        87.36111450195312,
        87.29407937186105,
        87.23090362548828,
        87.17135293143136,
        87.11519077845982,
        87.06221662248883,
        87.01223645891461,
        86.96507263183594,
        86.92055947440011,
        86.87855202811105,
        86.83890315464565,
        86.80148315429688,
        86.76617431640625,
        86.73285566057477,
        86.70142691476005,
        86.67178998674665,
        86.64385441371373,
        86.6175297328404,
        86.59273202078683,
        86.56939697265625,
        86.54744393484933,
        86.52680969238281,
        86.50742558070591,
        86.48924255371094,
        86.47219521658761,
        86.45623997279576,
        86.44131469726562,
        86.42738015311105,
        86.41438511439732,
        86.40228162493024,
        86.39104679652623,
        86.38061850411552,
        86.37096623011998,
        86.36205945696149,
        86.35385567801339,
        86.34632219587054,
        86.3394274030413,
        86.33313424246651,
        86.32741982596261,
        86.32224709647042,
        86.31759207589286,
        86.31341443743024,
        86.30969783238002,
        86.30640738351005,
        86.30352020263672,
        86.30100686209542,
        86.29884011404855,
        86.2969948904855,
        86.29544067382812,
        86.29416111537388,
        86.29312242780414,
        86.29230172293526,
        86.2916739327567,
        86.2912096296038,
        86.29088701520648,
        86.29068429129464,
        86.29056331089565,
        86.29051426478794,
        86.29050118582589
    ],