{
    "testproblem": "quadratic_deep",
    "batch_size": 128,
    "num_epochs": 100,
    "random_seed": 42,
    "l2_reg": null,
    "optimizer_name": "AMSGrad",
    "optimizer_hyperparams": {
        "learning_rate": 0.018183955925630203,
        "beta1": 0.6140046036764125,
        "beta2": 0.8747935776005877,
        "epsilon": 1e-08,
        "use_locking": false
    },
    "training_params": {
        "lr_sched_epochs": null,
        "lr_sched_factors": null
    },
    "train_losses": [
        355.276114327567,
        229.5894012451172,
        158.23095921107702,
        125.82352883475167,
        112.58567919049945,
        107.12971823556083,
        104.6372299194336,
        103.26485116141183,
        102.33163670131138,
        101.5873783656529,
        100.93890925816127,
        100.35021318708148,
        99.80605970110211,
        99.29894365583148,
        98.82431357247489,
        98.37887791224888,
        97.95996202741351,
        97.56527491978237,
        97.19278608049665,
        96.84067971365792,
        96.50733511788505,
        96.19127982003349,
        95.89119611467633,
        95.60587419782367,
        95.33423396519252,
        95.07529013497489,
        94.8281500680106,
        94.59199850899833,
        94.36608450753349,
        94.14973776681083,
        93.94234139578683,
        93.74332101004464,
        93.55215781075614,
        93.36837659563336,
        93.19154139927456,
        93.02123914446149,
        92.85709926060268,
        92.69878823416573,
        92.5459725516183,
        92.39836665562221,
        92.25569479806083,
        92.11770629882812,
        91.98415919712612,
        91.8548333304269,
        91.72952488490513,
        91.6080551147461,
        91.49022565569196,
        91.37588174002511,
        91.26485770089286,
        91.15701511928013,
        91.05221448625836,
        90.95032283238002,
        90.85122462681362,
        90.75479234967914,
        90.66092790876117,
        90.56952558244977,
        90.48048727852958,
        90.3937236240932,
        90.30915069580078,
        90.2266823904855,
        90.146238054548,
        90.06774575369698,
        89.99114554268974,
        89.91635458809989,
        89.84331730433873,
        89.77197810581752,
        89.70226723807198,
        89.63414219447544,
        89.56753976004464,
        89.5024185180664,
        89.43872615269252,
        89.3764179774693,
        89.31544930594308,
        89.2557841709682,
        89.19737352643695,
        89.1401846749442,
        89.0841805594308,
        89.0293208530971,
        88.97557612827846,
        88.92291368756976,
        88.87130083356585,
        88.82071467808315,
        88.77111707414899,
        88.72247532435826,
        88.67477416992188,
        88.62798854282924,
        88.58208465576172,
        88.53704724993024,
        88.49284907749721,
        88.449465070452,
        88.40687779017857,
        88.36506979806083,
        88.32400839669364,
        88.283693586077,
        88.24408830915179,
        88.20518166678292,
        88.16696058000836,
        88.12940325055804,
        88.09249877929688,
        88.05621773856026,
        88.02056339808873
    ],
    "valid_losses": [
        353.8127659388951,
        229.09965079171317,
        158.27169363839286,
        126.10513196672711,
        113.00675746372768,
        107.63783482142857,
        105.19871847970145,
        103.85884639195034,
        102.94544655936105,
        102.21325792585101,
        101.57216317313058,
        100.98800332205636,
        100.44672502790179,
        99.94149017333984,
        99.46814945765904,
        99.02364894321987,
        98.60546766008649,
        98.21138981410435,
        97.83943939208984,
        97.48783874511719,
        97.15497807094029,
        96.83939034598214,
        96.5397720336914,
        96.25491768973214,
        95.9837417602539,
        95.7252698625837,
        95.47859954833984,
        95.242919921875,
        95.01748439243862,
        94.80161721365792,
        94.5947025844029,
        94.3961661202567,
        94.2054922921317,
        94.02219826834542,
        93.84585244315011,
        93.67604064941406,
        93.5124010358538,
        93.35457720075335,
        93.20226178850446,
        93.05515398297992,
        92.91298130580357,
        92.7754887172154,
        92.64244079589844,
        92.51361737932477,
        92.38881138392857,
        92.26783643450055,
        92.1505105154855,
        92.03666578020368,
        91.92614419119698,
        91.8187986101423,
        91.71449715750558,
        91.61310686383929,
        91.51449802943638,
        91.41856166294643,
        91.32519640241351,
        91.23428453717914,
        91.14573996407645,
        91.05946459089007,
        90.97538212367466,
        90.89340100969586,
        90.81344277518136,
        90.73543439592633,
        90.65931156703404,
        90.58500453404018,
        90.51244027273995,
        90.4415751865932,
        90.37234170096261,
        90.30468314034599,
        90.2385493687221,
        90.17389133998326,
        90.11066654750279,
        90.04881722586495,
        89.9883052280971,
        89.92909131731305,
        89.87112862723214,
        89.81438664027623,
        89.75882611955915,
        89.70440891810826,
        89.65110451834542,
        89.598876953125,
        89.54770006452289,
        89.4975335257394,
        89.44835989815849,
        89.400148664202,
        89.35286603655133,
        89.3064956665039,
        89.26100376674107,
        89.21637180873326,
        89.17258017403739,
        89.12959725516183,
        89.08740888323102,
        89.04599108014789,
        89.00532531738281,
        88.96539415631976,
        88.92617906842914,
        88.88765389578683,
        88.84980882917132,
        88.81262098039899,
        88.77608380998883,
        88.74017660958427,
        88.70487758091518
    ],