{"testproblem": "fmnist_2c2d", "batch_size": 128, "num_epochs": 100, "random_seed": 42, "weight_decay": null, "optimizer_name": "SGD", "optimizer_hyperparams": {"lr": 3.9810717055349776}, "train_losses": [2.3438028249985132, 2.3068186808855105, 2.3090749979019165, 2.3103513289720583, 2.307933590351007, 2.310298656805968, 2.3118744507814064, 2.3080052106808395, 2.3145858293924575, 2.3066963996642675, 2.309067591642722, 2.3050700762333016, 2.3102845350901284, 2.3111615792298927, 2.3124399979909263, 2.325322083937816, 2.3256832452920766, 2.3061899282993417, 2.3058188817439933, 2.307138455219758, 2.312099848038111, 2.3108946849138308, 2.310391447482965, 2.3107509032273903, 2.3184425769708095, 2.3099330908212905, 2.310585740285042, 2.3115968123460426, 2.311182838219863, 2.311591695516537, 2.3120827888831115, 2.308681219052046, 2.3105100790659585, 2.3158934911092124, 2.308657257984846, 2.3085038417424912, 2.306853710076748, 2.317758630483578, 2.3131205393717837, 2.3058471251756716, 2.311254021448967, 2.3146142073166676, 2.3163324227699866, 2.308581618162302, 2.3073781178547788, 2.315187613169352, 2.3109060648160105, 2.307806112827399, 2.308211956268702, 2.310620677776826, 2.3092214724956412, 2.316652686167986, 2.311904100271372, 2.313137479317494, 2.312580548799955, 2.3132777152917323, 2.3056391202486477, 2.310364160782252, 2.308341255554786, 2.3081629948738294, 2.3060015684519057, 2.312113275894752, 2.3169454091634507, 2.3142340916853685, 2.306664910071935, 2.3072558977665047, 2.313938495440361, 2.3137613382094946, 2.3126259430860863, 2.310547553575956, 2.3075362352224498, 2.3046982502325988, 2.3077312952432876, 2.308308231524932, 2.3115077905165844, 2.3132505050072303, 2.309250730734605, 2.3099905374722605, 2.3064594513330703, 2.3071078826219606, 2.3100179036458335, 2.310353453342731, 2.309930810561547, 2.3093303717099705, 2.309694012006124, 2.318965346385271, 2.3099520542682748, 2.3068390687306723, 2.3095417328369923, 2.3080816116088476, 2.311625434802129, 2.312626355733627, 2.308329160396869, 2.3100135142986593, 2.3236274138475075, 2.3109368146994176, 2.306988334044432, 2.3117791750492196, 2.3124284071800036, 2.3099016348520913, 2.3089812382673607], "test_losses": [2.3467648304425754, 2.3068163150396104, 2.31096398524749, 2.3089146369542832, 2.308537767483638, 2.3103635066594834, 2.3099477902436867, 2.3071207297153964, 2.3126928347807665, 2.3061262980485573, 2.3083997384095802, 2.3056362378291593, 2.3084007990665927, 2.3118327856063843, 2.3144630193710327, 2.326931941203582, 2.3215872385562997, 2.3054282053922996, 2.304983768707667, 2.3065215349197388, 2.31147794234447, 2.3108467077597594, 2.310937444368998, 2.311732530593872, 2.318654124553387, 2.3097033439538417, 2.308725430415227, 2.3111114349120703, 2.309450015043601, 2.3107403211104565, 2.3121630442448153, 2.3097870441583486, 2.311019879121047, 2.3146230440873365, 2.307727731191195, 2.3113618783461742, 2.306629254267766, 2.3198949618217273, 2.31333335240682, 2.305662106244992, 2.308789665882404, 2.3157484989899855, 2.3161271260334897, 2.308592677116394, 2.3069778497402487, 2.313429389244471, 2.309918904915834, 2.307456135749817, 2.3092802457320385, 2.3107045460969973, 2.3105682012362356, 2.315941410186963, 2.3140177665612636, 2.3132529808924747, 2.309780619083307, 2.3124889532725015, 2.3050079406836095, 2.312244733174642, 2.309069138306838, 2.30766966404059, 2.3050057857464523, 2.311970579318511, 2.315700637988555, 2.3148395984600754, 2.3075665418918314, 2.309084714987339, 2.3140985996295242, 2.3130609133304696, 2.3111775991244192, 2.3105147129450088, 2.3082937796910605, 2.3055394276594505, 2.3068618591015158, 2.3099550069906774, 2.3115764061609902, 2.313936765377338, 2.3095719661468115, 2.31027841873658, 2.305414759195768, 2.308172118969453, 2.308628562169197, 2.3119295560396633, 2.308105542109563, 2.310027614617959, 2.3086303747617283, 2.3204907973607383, 2.3093862472436366, 2.306483186208285, 2.309920506599622, 2.3096642708167052, 2.3139154666509385, 2.31189392774533, 2.309524496396383, 2.310402906858004, 2.3207634565157766, 2.309861351282169, 2.3074831534654665, 2.3125978983365574, 2.3128397189653835, 2.3102357265276785, 2.3096332916846642], "train_accuracies": [0.09575320512820513, 0.09685496794871795, 0.10536858974358974, 0.09555288461538461, 0.10096153846153846, 0.09795673076923077, 0.09635416666666667, 0.09585336538461539, 0.10216346153846154, 0.09885817307692307, 0.09735576923076923, 0.0999599358974359, 0.09515224358974358, 0.09795673076923077, 0.1024639423076923, 0.10116185897435898, 0.09545272435897435, 0.09515224358974358, 0.09745592948717949, 0.09815705128205128, 0.09615384615384616, 0.0985576923076923, 0.10236378205128205, 0.1006610576923077, 0.1031650641025641, 0.09825721153846154, 0.09655448717948718, 0.10126201923076923, 0.09344951923076923, 0.09805689102564102, 0.10216346153846154, 0.10256410256410256, 0.10416666666666667, 0.09815705128205128, 0.0985576923076923, 0.09975961538461539, 0.09835737179487179, 0.10126201923076923, 0.10216346153846154, 0.09865785256410256, 0.09425080128205128, 0.09745592948717949, 0.09645432692307693, 0.1015625, 0.1031650641025641, 0.09545272435897435, 0.10476762820512821, 0.10096153846153846, 0.09975961538461539, 0.10026041666666667, 0.10196314102564102, 0.09635416666666667, 0.10306490384615384, 0.10266426282051282, 0.10006009615384616, 0.10116185897435898, 0.09765625, 0.09705528846153846, 0.1024639423076923, 0.09575320512820513, 0.09895833333333333, 0.09825721153846154, 0.09635416666666667, 0.10256410256410256, 0.10336538461538461, 0.10076121794871795, 0.10166266025641026, 0.09785657051282051, 0.0967548076923077, 0.10356570512820513, 0.10376602564102565, 0.10356570512820513, 0.09314903846153846, 0.0992588141025641, 0.10186298076923077, 0.09775641025641026, 0.09745592948717949, 0.10176282051282051, 0.0985576923076923, 0.09935897435897435, 0.09755608974358974, 0.10496794871794872, 0.10076121794871795, 0.10106169871794872, 0.10096153846153846, 0.10216346153846154, 0.10196314102564102, 0.09725560897435898, 0.09545272435897435, 0.1015625, 0.10306490384615384, 0.09945913461538461, 0.10336538461538461, 0.09635416666666667, 0.09395032051282051, 0.09735576923076923, 0.10046073717948718, 0.10016025641025642, 0.10016025641025642, 0.10056089743589744, 0.10036057692307693],