{
    "testproblem": "quadratic_deep",
    "batch_size": 128,
    "num_epochs": 100,
    "random_seed": 42,
    "l2_reg": null,
    "optimizer_name": "LookaheadOptimizerRAdam",
    "optimizer_hyperparams": {
        "learning_rate": 0.03420730367009225,
        "beta1": 0.724499010719734,
        "beta2": 0.8162256795134034,
        "epsilon": 1e-07,
        "k": 1,
        "alpha": 0.00040074690399712315
    },
    "training_params": {
        "lr_sched_epochs": [],
        "lr_sched_factors": []
    },
    "train_losses": [
        190.55392456054688,
        190.55392456054688,
        190.55392456054688,
        190.55392456054688,
        190.55392456054688,
        190.55392456054688,
        190.55392456054688,
        190.55392456054688,
        190.55392456054688,
        190.55392456054688,
        190.55392456054688,
        190.55392456054688,
        190.55392456054688,
        190.55392456054688,
        190.55392456054688,
        190.55392456054688,
        190.55392456054688,
        190.55392456054688,
        190.55392456054688,
        190.55392456054688,
        190.55392456054688,
        190.55392456054688,
        190.55392456054688,
        190.55392456054688,
        190.55392456054688,
        190.55392456054688,
        190.55392456054688,
        190.55392456054688,
        190.55392456054688,
        190.55392456054688,
        190.55392456054688,
        190.55392456054688,
        190.55392456054688,
        190.55392456054688,
        190.55392456054688,
        190.55392456054688,
        190.55392456054688,
        190.55392456054688,
        190.55392456054688,
        190.55392456054688,
        190.55392456054688,
        190.55392456054688,
        190.55392456054688,
        190.55392456054688,
        190.55392456054688,
        190.55392456054688,
        190.55392456054688,
        190.55392456054688,
        190.55392456054688,
        190.55392456054688,
        190.55392456054688,
        190.55392456054688,
        190.55392456054688,
        190.55392456054688,
        190.55392456054688,
        190.55392456054688,
        190.55392456054688,
        190.55392456054688,
        190.55392456054688,
        190.55392456054688,
        190.55392456054688,
        190.55392456054688,
        190.55392456054688,
        190.55392456054688,
        190.55392456054688,
        190.55392456054688,
        190.55392456054688,
        190.55392456054688,
        190.55392456054688,
        190.55392456054688,
        190.55392456054688,
        190.55392456054688,
        190.55392456054688,
        190.55392456054688,
        190.55392456054688,
        190.55392456054688,
        190.55392456054688,
        190.55392456054688,
        190.55392456054688,
        190.55392456054688,
        190.55392456054688,
        190.55392456054688,
        190.55392456054688,
        190.55392456054688,
        190.55392456054688,
        190.55392456054688,
        190.55392456054688,
        190.55392456054688,
        190.55392456054688,
        190.55392456054688,
        190.55392456054688,
        190.55392456054688,
        190.55392456054688,
        190.55392456054688,
        190.55392456054688,
        190.55392456054688,
        190.55392456054688,
        190.55392456054688,
        190.55392456054688,
        190.55392456054688,
        190.55392456054688
    ],
    "valid_losses": [
        192.92198399135046,
        192.92198399135046,
        192.92198399135046,
        192.92198399135046,
        192.92198399135046,
        192.92198399135046,
        192.92198399135046,
        192.92198399135046,
        192.92198399135046,
        192.92198399135046,
        192.92198399135046,
        192.92198399135046,
        192.92198399135046,
        192.92198399135046,
        192.92198399135046,
        192.92198399135046,
        192.92198399135046,
        192.92198399135046,
        192.92198399135046,
        192.92198399135046,
        192.92198399135046,
        192.92198399135046,
        192.92198399135046,
        192.92198399135046,
        192.92198399135046,
        192.92198399135046,
        192.92198399135046,
        192.92198399135046,
        192.92198399135046,
        192.92198399135046,
        192.92198399135046,
        192.92198399135046,
        192.92198399135046,
        192.92198399135046,
        192.92198399135046,
        192.92198399135046,
        192.92198399135046,
        192.92198399135046,
        192.92198399135046,
        192.92198399135046,
        192.92198399135046,
        192.92198399135046,
        192.92198399135046,
        192.92198399135046,
        192.92198399135046,
        192.92198399135046,
        192.92198399135046,
        192.92198399135046,
        192.92198399135046,
        192.92198399135046,
        192.92198399135046,
        192.92198399135046,
        192.92198399135046,
        192.92198399135046,
        192.92198399135046,
        192.92198399135046,
        192.92198399135046,
        192.92198399135046,
        192.92198399135046,
        192.92198399135046,
        192.92198399135046,
        192.92198399135046,
        192.92198399135046,
        192.92198399135046,
        192.92198399135046,
        192.92198399135046,
        192.92198399135046,
        192.92198399135046,
        192.92198399135046,
        192.92198399135046,
        192.92198399135046,
        192.92198399135046,
        192.92198399135046,
        192.92198399135046,
        192.92198399135046,
        192.92198399135046,
        192.92198399135046,
        192.92198399135046,
        192.92198399135046,
        192.92198399135046,
        192.92198399135046,
        192.92198399135046,
        192.92198399135046,
        192.92198399135046,
        192.92198399135046,
        192.92198399135046,
        192.92198399135046,
        192.92198399135046,
        192.92198399135046,
        192.92198399135046,
        192.92198399135046,
        192.92198399135046,
        192.92198399135046,
        192.92198399135046,
        192.92198399135046,
        192.92198399135046,
        192.92198399135046,
        192.92198399135046,
        192.92198399135046,
        192.92198399135046,
        192.92198399135046
    ],