{
    "testproblem": "quadratic_deep",
    "batch_size": 128,
    "num_epochs": 100,
    "random_seed": 44,
    "l2_reg": null,
    "optimizer_name": "RAdamOptimizer",
    "optimizer_hyperparams": {
        "learning_rate": 0.001,
        "beta1": 0.9,
        "beta2": 0.999,
        "epsilon": 1e-07
    },
    "training_params": {
        "lr_sched_epochs": [],
        "lr_sched_factors": []
    },
    "train_losses": [
        347.20138113839283,
        256.65960475376676,
        256.325448172433,
        255.83020237513952,
        255.21270533970423,
        254.49329921177454,
        253.68553597586495,
        252.79944719587053,
        251.84305681501115,
        250.8228759765625,
        249.7446049281529,
        248.6130872453962,
        247.43265642438615,
        246.20722089494978,
        244.94028799874442,
        243.63509041922433,
        242.29457528250558,
        240.92146519252233,
        239.51835414341517,
        238.08768354143416,
        236.63170732770647,
        235.1525639125279,
        233.6523154122489,
        232.13289533342635,
        230.59612601143974,
        229.04378400530135,
        227.4775390625,
        225.8990020751953,
        224.3097381591797,
        222.7112056187221,
        221.1048344203404,
        219.49198477608817,
        217.87399074009485,
        216.25207301548548,
        214.6274915422712,
        213.00138419015067,
        211.3748779296875,
        209.74906485421317,
        208.1249782017299,
        206.5036119733538,
        204.88593401227678,
        203.27286638532365,
        201.6653115408761,
        200.0641130719866,
        198.4700709751674,
        196.88400050571985,
        195.306640625,
        193.73870413643974,
        192.180903843471,
        190.63389805385046,
        189.09830147879464,
        187.57471357073103,
        186.06372942243303,
        184.5658700125558,
        183.08168029785156,
        181.61163766043526,
        180.1562020438058,
        178.71581813267298,
        177.2909175327846,
        175.88190351213728,
        174.4891117640904,
        173.11290849958147,
        171.75360543387276,
        170.4115033830915,
        169.0868879045759,
        167.7800053187779,
        166.49110194614954,
        165.22039140973772,
        163.9680655343192,
        162.73429652622767,
        161.51925005231584,
        160.32306126185827,
        159.1458500453404,
        157.9877210344587,
        156.84876360212053,
        155.72903442382812,
        154.62859889439173,
        153.5474853515625,
        152.48572649274553,
        151.44331577845983,
        150.42024448939733,
        149.416499546596,
        148.43203735351562,
        147.46680995396204,
        146.52075413295202,
        145.59379359654017,
        144.68584987095423,
        143.79681178501673,
        142.92657252720423,
        142.07501002720423,
        141.24200221470423,
        140.4273965018136,
        139.63105119977678,
        138.85280064174108,
        138.09247698102678,
        137.34990801130022,
        136.62489754813058,
        135.91725376674108,
        135.22678920200892,
        134.55329023088728,
        133.8965323311942
    ],
    "valid_losses": [
        344.9481855119978,
        254.72752816336495,
        254.3946489606585,
        253.90134974888392,
        253.28628540039062,
        252.5697304861886,
        251.76519121442522,
        250.88265555245536,
        249.93010820661272,
        248.91406467982702,
        247.84016854422433,
        246.71329607282365,
        245.53773280552454,
        244.31740025111608,
        243.05577959333147,
        241.75609043666296,
        240.4212886265346,
        239.0540815080915,
        237.65706525530135,
        236.232670375279,
        234.7831290108817,
        233.31060355050224,
        231.81712341308594,
        230.30463082449776,
        228.77494594029017,
        227.2298322405134,
        225.67095511300224,
        224.0999516078404,
        222.5183367047991,
        220.9275839669364,
        219.32911682128906,
        217.72430855887276,
        216.11446271623885,
        214.50081961495536,
        212.8846173967634,
        211.26701136997767,
        209.64910016741072,
        208.03198896135603,
        206.41669137137276,
        204.8042253766741,
        203.19554138183594,
        201.59154183523995,
        199.99314880371094,
        198.40118626185827,
        196.81646728515625,
        195.2397918701172,
        193.67189461844308,
        192.1135035923549,
        190.5653076171875,
        189.02796282087053,
        187.50208609444755,
        185.98828342982702,
        184.4871346609933,
        182.99916076660156,
        181.52489362444197,
        180.06483023507255,
        178.61942400251115,
        177.18909345354353,
        175.77428327287947,
        174.3753901890346,
        172.99275425502233,
        171.62672860281808,
        170.27762930733817,
        168.9457528250558,
        167.6313759940011,
        166.33475167410714,
        165.05611746651786,
        163.7956804547991,
        162.55363246372767,
        161.3301544189453,
        160.1253880092076,
        158.93948582240515,
        157.77254159109933,
        156.6246839250837,
        155.49598693847656,
        154.38649204799108,
        153.2962886265346,
        152.22538321358817,
        151.17379542759485,
        150.14153834751673,
        149.12860107421875,
        148.13495091029577,
        147.1605464390346,
        146.20534188406808,
        145.26927621023995,
        144.35226222446985,
        143.45421055385046,
        142.57501874651228,
        141.71457999093192,
        140.87277221679688,
        140.04945373535156,
        139.24448721749442,
        138.45772225516183,
        137.68898010253906,
        136.9381103515625,
        136.20491681780135,
        135.4892120361328,
        134.7908216203962,
        134.1095210484096,
        133.4451141357422,
        132.79736982073103
    ],