{
    "testproblem": "quadratic_deep",
    "batch_size": 128,
    "num_epochs": 100,
    "random_seed": 42,
    "l2_reg": null,
    "optimizer_name": "AdamOptimizer",
    "optimizer_hyperparams": {
        "learning_rate": 0.013642547557959036,
        "beta1": 0.6223966305328882,
        "beta2": 0.8650802315021202,
        "epsilon": 1e-08,
        "use_locking": false
    },
    "training_params": {
        "lr_sched_epochs": [
            1,
            2,
            3,
            4,
            5,
            6,
            7,
            8,
            9,
            10,
            11,
            12,
            13,
            14,
            15,
            16,
            17,
            18,
            19,
            20,
            21,
            22,
            23,
            24,
            25,
            26,
            27,
            28,
            29,
            30,
            31,
            32,
            33,
            34,
            35,
            36,
            37,
            38,
            39,
            40,
            41,
            42,
            43,
            44,
            45,
            46,
            47,
            48,
            49,
            50,
            51,
            52,
            53,
            54,
            55,
            56,
            57,
            58,
            59,
            60,
            61,
            62,
            63,
            64,
            65,
            66,
            67,
            68,
            69,
            70,
            71,
            72,
            73,
            74,
            75,
            76,
            77,
            78,
            79,
            80,
            81,
            82,
            83,
            84,
            85,
            86,
            87,
            88,
            89,
            90,
            91,
            92,
            93,
            94,
            95,
            96,
            97,
            98,
            99,
            100
        ],
        "lr_sched_factors": [
            0.9755282581475768,
            0.9045084971874737,
            0.7938926261462366,
            0.6545084971874737,
            0.5,
            0.34549150281252633,
            0.2061073738537635,
            0.09549150281252633,
            0.024471741852423234,
            1.0,
            0.9938441702975689,
            0.9755282581475768,
            0.9455032620941839,
            0.9045084971874737,
            0.8535533905932737,
            0.7938926261462366,
            0.7269952498697734,
            0.6545084971874737,
            0.5782172325201155,
            0.5,
            0.42178276747988447,
            0.34549150281252633,
            0.2730047501302266,
            0.2061073738537635,
            0.14644660940672627,
            0.09549150281252633,
            0.054496737905816106,
            0.024471741852423234,
            0.00615582970243117,
            1.0,
            0.998458666866564,
            0.9938441702975689,
            0.9861849601988383,
            0.9755282581475768,
            0.9619397662556434,
            0.9455032620941839,
            0.9263200821770461,
            0.9045084971874737,
            0.8802029828000155,
            0.8535533905932737,
            0.8247240241650917,
            0.7938926261462366,
            0.7612492823579744,
            0.7269952498697734,
            0.6913417161825449,
            0.6545084971874737,
            0.6167226819279528,
            0.5782172325201155,
            0.5392295478639225,
            0.5,
            0.4607704521360776,
            0.42178276747988447,
            0.38327731807204746,
            0.34549150281252633,
            0.30865828381745514,
            0.2730047501302266,
            0.2387507176420256,
            0.2061073738537635,
            0.17527597583490823,
            0.14644660940672627,
            0.11979701719998453,
            0.09549150281252633,
            0.07367991782295391,
            0.054496737905816106,
            0.03806023374435663,
            0.024471741852423234,
            0.013815039801161721,
            0.00615582970243117,
            0.001541333133436018,
            1.0,
            0.9996145181203615,
            0.998458666866564,
            0.9965342284774632,
            0.9938441702975689,
            0.9903926402016152,
            0.9861849601988383,
            0.9812276182268236,
            0.9755282581475768,
            0.9690956679612421,
            0.9619397662556434,
            0.9540715869125407,
            0.9455032620941839,
            0.9362480035363986,
            0.9263200821770461,
            0.9157348061512727,
            0.9045084971874737,
            0.8926584654403724,
            0.8802029828000155,
            0.8671612547178428,
            0.8535533905932737,
            0.839400372766471,
            0.8247240241650917,
            0.8095469746549171,
            0.7938926261462366,
            0.7777851165098011,
            0.7612492823579744,
            0.7443106207484775,
            0.7269952498697734,
            0.7093298687687141,
            0.6913417161825449
        ]
    },
    "train_losses": [
        355.276114327567,
        255.81119210379464,
        188.81624712262834,
        147.9849395751953,
        125.15964181082589,
        113.55925641741071,
        108.1664319719587,
        105.78678240094867,
        104.75101797921317,
        104.33432115827289,
        104.22806440080915,
        101.84015437534877,
        99.9641832624163,
        98.35307203020368,
        96.93859972272601,
        95.72004154750279,
        94.67959485735211,
        93.79903629847935,
        93.05984061104911,
        92.44467381068638,
        91.93775177001953,
        91.52498735700335,
        91.19393484933036,
        90.93363625662667,
        90.734375,
        90.5873772757394,
        90.4845199584961,
        90.41802869524274,
        90.3802010672433,
        90.36319841657367,
        90.35890742710659,
        89.91673387799945,
        89.33687264578683,
        88.92883845738002,
        88.56190163748605,
        88.24310629708427,
        87.96351623535156,
        87.71788896833148,
        87.5016348702567,
        87.3107419695173,
        87.14181954520089,
        86.99197060721261,
        86.85873849051339,
        86.74004799979073,
        86.6341302054269,
        86.53949846540179,
        86.45487540108817,
        86.3791754586356,
        86.3114733014788,
        86.25096566336495,
        86.19696153913226,
        86.14885493687221,
        86.10611179896763,
        86.06825910295758,
        86.03488377162388,
        86.0055912562779,
        85.98004259381976,
        85.95792497907367,
        85.93893650599888,
        85.92281559535435,
        85.90929521833148,
        85.89812578473773,
        85.88907841273716,
        85.88191877092633,
        85.87642996651786,
        85.87237875802177,
        85.86955806187221,
        85.86774444580078,
        85.86671774727958,
        85.86625671386719,
        85.86614554268974,
        86.0004414149693,
        85.83566066196987,
        85.80057416643415,
        85.75514657156808,
        85.71506173270089,
        85.67776162283761,
        85.64288221086774,
        85.61033957345145,
        85.57987649100167,
        85.55133601597377,
        85.52455248151507,
        85.49939945765904,
        85.4757319859096,
        85.45344652448382,
        85.43243190220424,
        85.41259765625,
        85.39385114397321,
        85.3761215209961,
        85.35933031354632,
        85.34341975620815,
        85.32832990373883,
        85.31400190080915,
        85.30039978027344,
        85.28747449602399,
        85.27517591203961,
        85.26348658970424,
        85.25236184256417,
        85.24177878243583,
        85.23170253208706,
        85.22211020333427
    ],