{
    "testproblem": "quadratic_deep",
    "batch_size": 128,
    "num_epochs": 100,
    "random_seed": 42,
    "l2_reg": null,
    "optimizer_name": "NadamOptimizer",
    "optimizer_hyperparams": {
        "learning_rate": 0.011400863701127315,
        "beta1": 0.7534632021354766,
        "beta2": 0.8083158062525047,
        "epsilon": 1e-07
    },
    "training_params": {
        "lr_sched_epochs": [],
        "lr_sched_factors": []
    },
    "train_losses": [
        271.5806971958705,
        194.56333705357142,
        151.62504359654017,
        125.41753932407924,
        112.51884024483817,
        108.42777361188617,
        106.88846261160714,
        105.22538321358817,
        103.62562670026507,
        102.138674054827,
        100.77863529750279,
        99.54254913330078,
        98.42164938790458,
        97.40672084263393,
        96.48893083844867,
        95.65984889439174,
        94.91151428222656,
        94.2364480154855,
        93.62767028808594,
        93.07873862130302,
        92.5837151663644,
        92.13717106410435,
        91.73418208530971,
        91.37026977539062,
        91.04142107282367,
        90.74400329589844,
        90.4747794015067,
        90.23082406180245,
        90.00954873221261,
        89.80861990792411,
        89.62596348353794,
        89.45972878592355,
        89.30825478690011,
        89.17007337297711,
        89.04386574881417,
        88.92845916748047,
        88.8228007725307,
        88.72594887869698,
        88.6370620727539,
        88.55540248325893,
        88.48028128487724,
        88.41110447474888,
        88.34732382638114,
        88.2884543282645,
        88.2340578351702,
        88.18374197823661,
        88.13714599609375,
        88.09395708356585,
        88.05387442452567,
        88.01664188929966,
        87.98202296665737,
        87.9498040335519,
        87.91978672572544,
        87.89178684779576,
        87.86566380092076,
        87.84124864850726,
        87.81841932024274,
        87.79705265590123,
        87.77703530447823,
        87.75826808384487,
        87.74066162109375,
        87.724118913923,
        87.70857347760882,
        87.69394901820591,
        87.68018014090401,
        87.66720908028739,
        87.65497807094029,
        87.64343806675502,
        87.63254111153739,
        87.6222403390067,
        87.6125019618443,
        87.60328783307757,
        87.59456089564732,
        87.58628736223493,
        87.5784443446568,
        87.57100241524833,
        87.56393650599888,
        87.55722154889789,
        87.55083574567523,
        87.54476383754185,
        87.53898511614118,
        87.53347887311664,
        87.52822984967914,
        87.52322714669364,
        87.51845441545758,
        87.51389639718192,
        87.50954110281808,
        87.50537981305804,
        87.50140053885323,
        87.49759238106864,
        87.49395098005023,
        87.49045889718192,
        87.48711504255023,
        87.48390524727958,
        87.48083060128349,
        87.47787693568638,
        87.47504425048828,
        87.47232164655414,
        87.46970476422992,
        87.4671881539481,
        87.46476636614118
    ],
    "valid_losses": [
        273.79127284458707,
        195.88504464285714,
        152.27986580984933,
        125.50190952845982,
        112.11988721575055,
        107.702390398298,
        106.07288469587054,
        104.43745531354632,
        102.8385740007673,
        101.34559195382255,
        99.983396257673,
        98.74513789585659,
        97.62224905831474,
        96.60560934884208,
        95.68630654471261,
        94.85590253557477,
        94.10639953613281,
        93.43029458182198,
        92.82060023716518,
        92.27082824707031,
        91.77503640311105,
        91.32778494698661,
        90.9241202218192,
        90.55958230154855,
        90.23011888776507,
        89.93211473737445,
        89.66231536865234,
        89.41780635288784,
        89.19598933628627,
        88.9945319039481,
        88.81136322021484,
        88.6446282523019,
        88.49267251150948,
        88.3540267944336,
        88.22736467633929,
        88.11151994977679,
        88.00543648856026,
        87.90818241664341,
        87.81890978131976,
        87.73687526157924,
        87.66140420096261,
        87.59188406808036,
        87.52778734479632,
        87.46860722133091,
        87.41392517089844,
        87.3633313860212,
        87.3164803641183,
        87.27304404122489,
        87.23273577008929,
        87.19529397147042,
        87.1604734148298,
        87.12806810651507,
        87.09787314278739,
        87.06971631731305,
        87.04343850272042,
        87.01888493129185,
        86.9959248134068,
        86.9744404384068,
        86.95431191580636,
        86.93544660295758,
        86.91774531773159,
        86.90112740652901,
        86.88550458635602,
        86.87081255231585,
        86.85698590959821,
        86.84396035330636,
        86.83168029785156,
        86.82009669712612,
        86.80916377476284,
        86.79883248465401,
        86.78906576974052,
        86.77983093261719,
        86.77108328683036,
        86.76279776436942,
        86.75494711739677,
        86.74749646868024,
        86.7404305594308,
        86.73371342250279,
        86.72733197893415,
        86.7212655203683,
        86.71549115862165,
        86.70999581473214,
        86.7047620500837,
        86.69976915631976,
        86.69501495361328,
        86.69047219412667,
        86.68613760811942,
        86.68199484688895,
        86.67803737095424,
        86.67425646100726,
        86.67063467843192,
        86.66716766357422,
        86.66384778703961,
        86.6606685093471,
        86.65762111118862,
        86.65469360351562,
        86.65188925606864,
        86.6491949898856,
        86.6466064453125,
        86.64412144252232,
        86.64172908238002
    ],