{
    "testproblem": "quadratic_deep",
    "batch_size": 128,
    "num_epochs": 100,
    "random_seed": 42,
    "l2_reg": null,
    "optimizer_name": "NadamOptimizer",
    "optimizer_hyperparams": {
        "learning_rate": 0.0063696358126112155,
        "beta1": 0.8961167943384625,
        "beta2": 0.8375797152175346,
        "epsilon": 1e-07
    },
    "training_params": {
        "lr_sched_epochs": [
            1,
            2,
            3,
            4,
            5,
            6,
            7,
            8,
            9,
            10,
            11,
            12,
            13,
            14,
            15,
            16,
            17,
            18,
            19,
            20,
            21,
            22,
            23,
            24,
            25,
            26,
            27,
            28,
            29,
            30,
            31,
            32,
            33,
            34,
            35,
            36,
            37,
            38,
            39,
            40,
            41,
            42,
            43,
            44,
            45,
            46,
            47,
            48,
            49,
            50,
            51,
            52,
            53,
            54,
            55,
            56,
            57,
            58,
            59,
            60,
            61,
            62,
            63,
            64,
            65,
            66,
            67,
            68,
            69,
            70,
            71,
            72,
            73,
            74,
            75,
            76,
            77,
            78,
            79,
            80,
            81,
            82,
            83,
            84,
            85,
            86,
            87,
            88,
            89,
            90,
            91,
            92,
            93,
            94,
            95,
            96,
            97,
            98,
            99,
            100
        ],
        "lr_sched_factors": [
            0.1,
            0.2,
            0.3,
            0.4,
            0.5,
            0.6,
            0.7,
            0.8,
            0.9,
            1.0,
            1.0,
            1.0,
            1.0,
            1.0,
            1.0,
            1.0,
            1.0,
            1.0,
            1.0,
            1.0,
            1.0,
            1.0,
            1.0,
            1.0,
            1.0,
            1.0,
            1.0,
            1.0,
            1.0,
            1.0,
            1.0,
            1.0,
            1.0,
            1.0,
            1.0,
            1.0,
            1.0,
            1.0,
            1.0,
            1.0,
            1.0,
            1.0,
            1.0,
            1.0,
            1.0,
            1.0,
            1.0,
            1.0,
            1.0,
            1.0,
            1.0,
            1.0,
            1.0,
            1.0,
            1.0,
            1.0,
            1.0,
            1.0,
            1.0,
            1.0,
            1.0,
            1.0,
            1.0,
            1.0,
            1.0,
            1.0,
            1.0,
            1.0,
            1.0,
            1.0,
            1.0,
            1.0,
            1.0,
            1.0,
            1.0,
            1.0,
            1.0,
            1.0,
            1.0,
            1.0,
            1.0,
            1.0,
            1.0,
            1.0,
            1.0,
            1.0,
            1.0,
            1.0,
            1.0,
            1.0,
            0.9090909090909091,
            0.8181818181818181,
            0.7272727272727273,
            0.6363636363636364,
            0.5454545454545454,
            0.4545454545454546,
            0.36363636363636365,
            0.2727272727272727,
            0.18181818181818177,
            0.09090909090909094
        ]
    },
    "train_losses": [
        355.276114327567,
        290.83336094447543,
        286.07883998325894,
        276.9955487932478,
        263.95760672433033,
        247.4689178466797,
        228.20472499302454,
        207.0228772844587,
        184.95848519461495,
        163.17542811802454,
        142.86778913225447,
        125.46375928606305,
        113.48725128173828,
        106.82628849574498,
        104.89102063860211,
        104.88593510219029,
        103.77883475167411,
        102.35806819370815,
        101.360837663923,
        100.45545087541852,
        99.50826590401786,
        98.61890411376953,
        97.7905502319336,
        97.0091073172433,
        96.27248273577008,
        95.57851954868862,
        94.92534746442523,
        94.31215449741909,
        93.73778533935547,
        93.20021057128906,
        92.69722747802734,
        92.22679792131696,
        91.78713662283761,
        91.37657601492745,
        90.99345942905971,
        90.63612801688058,
        90.30297415597099,
        89.99244144984654,
        89.70307268415179,
        89.43346187046596,
        89.18227822440011,
        88.948240007673,
        88.73013632638114,
        88.52683476039341,
        88.33724975585938,
        88.16038731166294,
        87.99529593331474,
        87.84110260009766,
        87.69698551722935,
        87.56218610491071,
        87.43600245884487,
        87.31778499058315,
        87.2069320678711,
        87.10289219447544,
        87.0051509312221,
        86.91325269426618,
        86.82675606863839,
        86.74527195521763,
        86.6684341430664,
        86.59591456821987,
        86.52740805489677,
        86.46263449532645,
        86.40133558000836,
        86.34327588762555,
        86.28824070521763,
        86.23602730887276,
        86.18645804268974,
        86.13935852050781,
        86.09457724434989,
        86.05196816580636,
        86.0114026750837,
        85.9727532523019,
        85.93590872628349,
        85.90076446533203,
        85.86721910749164,
        85.83519090924945,
        85.80458722795758,
        85.77533067975726,
        85.74735151018415,
        85.7205788748605,
        85.69494737897601,
        85.670407976423,
        85.64688437325614,
        85.62434387207031,
        85.60273197719029,
        85.58199746268136,
        85.56210000174386,
        85.54299817766461,
        85.52465711321149,
        85.50703648158482,
        85.49010358537946,
        85.4738289969308,
        85.45915767124721,
        85.44610486711774,
        85.43484061104911,
        85.42528642926898,
        85.41727556501117,
        85.41070447649274,
        85.40550122942243,
        85.40163203648159,
        85.39906420026507
    ],