{
    "testproblem": "quadratic_deep",
    "batch_size": 128,
    "num_epochs": 100,
    "random_seed": 100,
    "l2_reg": null,
    "optimizer_name": "AdadeltaOptimizer",
    "optimizer_hyperparams": {
        "learning_rate": 0.00010537898942462347,
        "rho": 0.9989774008820679,
        "epsilon": 1e-08,
        "use_locking": false
    },
    "training_params": {
        "lr_sched_epochs": null,
        "lr_sched_factors": null
    },
    "train_losses": [
        354.3492344447545,
        354.3464137486049,
        354.3435799734933,
        354.34075927734375,
        354.3379211425781,
        354.3350917271205,
        354.33226231166293,
        354.3294459751674,
        354.3266122000558,
        354.3238002232143,
        354.32095772879467,
        354.3181413922991,
        354.3153163364955,
        354.31248256138394,
        354.30965750558033,
        354.30682373046875,
        354.3040117536272,
        354.3011779785156,
        354.29835292271207,
        354.2955235072545,
        354.2927028111049,
        354.28987775530135,
        354.2870439801897,
        354.28421456473217,
        354.2814025878906,
        354.278573172433,
        354.27573939732144,
        354.2728969029018,
        354.2700674874442,
        354.2672598702567,
        354.26443917410717,
        354.26160103934154,
        354.2587629045759,
        354.25594656808033,
        354.2531215122768,
        354.2503008161272,
        354.24747140066967,
        354.24464198521207,
        354.2418300083705,
        354.23900059291293,
        354.2361580984933,
        354.2333461216518,
        354.2305167061942,
        354.22767857142856,
        354.224862234933,
        354.2220241001674,
        354.21920340401783,
        354.2163739885603,
        354.2135532924107,
        354.21073259626115,
        354.20789882114957,
        354.20508248465404,
        354.20225306919644,
        354.1994192940848,
        354.1965855189732,
        354.1937691824777,
        354.190926688058,
        354.18810599190846,
        354.18528965541293,
        354.18246023995533,
        354.1796351841518,
        354.1768057686942,
        354.1739763532366,
        354.17116001674106,
        354.16832188197543,
        354.1654968261719,
        354.1626717703683,
        354.1598379952567,
        354.1570260184152,
        354.15418788364957,
        354.1513671875,
        354.14854213169644,
        354.14571271623885,
        354.1428876604353,
        354.14007568359375,
        354.13724190848217,
        354.1343994140625,
        354.131583077567,
        354.12877110072543,
        354.12594168526783,
        354.1231166294643,
        354.1202828543527,
        354.11744907924106,
        354.11463710239957,
        354.111807686942,
        354.1089782714844,
        354.1061575753348,
        354.1033281598772,
        354.10049874441967,
        354.0976780482701,
        354.0948486328125,
        354.0920192173549,
        354.08919852120533,
        354.08638654436385,
        354.0835484095982,
        354.0807146344866,
        354.077880859375,
        354.07506888253346,
        354.0722394670759,
        354.0694274902344,
        354.06658935546875
    ],
    "valid_losses": [
        353.8127659388951,
        353.8099365234375,
        353.807120186942,
        353.8042994907924,
        353.8014831542969,
        353.7986842564174,
        353.7958766392299,
        353.79305158342635,
        353.7902396065848,
        353.7874319893973,
        353.7846243722098,
        353.7818080357143,
        353.7790091378348,
        353.77618408203125,
        353.77337646484375,
        353.7705775669643,
        353.76773943219865,
        353.7649405343192,
        353.7621285574777,
        353.7593209402902,
        353.75650460379467,
        353.7536839076451,
        353.7508806501116,
        353.7480730329241,
        353.74524361746654,
        353.74243600027904,
        353.7396240234375,
        353.73682076590404,
        353.7340087890625,
        353.731201171875,
        353.72837611607144,
        353.7255554199219,
        353.7227565220424,
        353.7199401855469,
        353.7171325683594,
        353.71432059151783,
        353.71150861467635,
        353.70870099748885,
        353.70587158203125,
        353.7030596051897,
        353.7002476283482,
        353.6974356515067,
        353.6946454729353,
        353.69183349609375,
        353.6890084402902,
        353.68619646344865,
        353.6833932059152,
        353.6805681501116,
        353.6777561732701,
        353.67494419642856,
        353.67213221958707,
        353.6693202427455,
        353.66649954659596,
        353.66369192940846,
        353.66090175083707,
        353.65807669503346,
        353.655264718192,
        353.65246146065846,
        353.64964512416293,
        353.64683314732144,
        353.6440124511719,
        353.64121791294644,
        353.6383972167969,
        353.63558088030135,
        353.6327645438058,
        353.6299525669643,
        353.6271493094308,
        353.6243329729353,
        353.62152099609375,
        353.61871337890625,
        353.6159144810268,
        353.61307634626115,
        353.6102861676897,
        353.60745675223217,
        353.60465349469865,
        353.60184151785717,
        353.59903390066967,
        353.5962219238281,
        353.59340122767856,
        353.590584891183,
        353.5877772739955,
        353.5849827357701,
        353.58215767996654,
        353.579345703125,
        353.57654244559154,
        353.57373046875,
        353.5709228515625,
        353.56811087472096,
        353.56529453822543,
        353.56248692103793,
        353.5596618652344,
        353.5568586077009,
        353.5540466308594,
        353.5512390136719,
        353.54842703683033,
        353.54561505998885,
        353.5428030831473,
        353.5399911063058,
        353.5371878487723,
        353.53438895089283,
        353.5315464564732
    ],