{
    "testproblem": "quadratic_deep",
    "batch_size": 128,
    "num_epochs": 100,
    "random_seed": 42,
    "l2_reg": null,
    "optimizer_name": "AdagradOptimizer",
    "optimizer_hyperparams": {
        "learning_rate": 0.6487934582977242,
        "initial_accumulator_value": 0.1,
        "use_locking": false
    },
    "training_params": {
        "lr_sched_epochs": null,
        "lr_sched_factors": null
    },
    "train_losses": [
        355.276114327567,
        109.2130846296038,
        97.60861424037388,
        94.94842311314174,
        92.98809487479073,
        91.55706896100726,
        90.47749328613281,
        89.64385223388672,
        88.98769051688058,
        88.46258980887276,
        88.03626360212054,
        87.6857158115932,
        87.39423370361328,
        87.14944458007812,
        86.9420416695731,
        86.7649165562221,
        86.6125717163086,
        86.4806889125279,
        86.36584581647601,
        86.26529584612165,
        86.1768319266183,
        86.09863608224052,
        86.0292238507952,
        85.9673570905413,
        85.91200692313058,
        85.86230577741351,
        85.8175299508231,
        85.77706037248883,
        85.74036407470703,
        85.70699746268136,
        85.67656489780971,
        85.64874049595424,
        85.62322344098773,
        85.59977068219867,
        85.57815551757812,
        85.55819157191685,
        85.53971317836216,
        85.52256447928292,
        85.50661795479911,
        85.49175698416573,
        85.47788565499442,
        85.46490914481026,
        85.45275224958148,
        85.44133540562221,
        85.43059975760323,
        85.42048100062779,
        85.4109377179827,
        85.40191759381976,
        85.39337921142578,
        85.38528333391461,
        85.37760162353516,
        85.37030138288226,
        85.36334882463727,
        85.35672760009766,
        85.35040828159877,
        85.34437343052456,
        85.33860233851841,
        85.33307756696429,
        85.32778603690011,
        85.3227048601423,
        85.31783076695034,
        85.31314631870815,
        85.30863516671317,
        85.3042962210519,
        85.30011640276227,
        85.29608045305524,
        85.29219055175781,
        85.28843252999442,
        85.28480202811105,
        85.28128596714565,
        85.27788870675224,
        85.27459716796875,
        85.27140808105469,
        85.26831599644252,
        85.26531437465123,
        85.2624043055943,
        85.25957489013672,
        85.25682939801898,
        85.25415910993304,
        85.25155748639789,
        85.24902888706752,
        85.24657113211495,
        85.24417114257812,
        85.24183872767857,
        85.23956080845424,
        85.23734065464565,
        85.23517499651227,
        85.23306165422711,
        85.23099735804966,
        85.2289799281529,
        85.22701154436383,
        85.22509002685547,
        85.22320665631976,
        85.22137015206474,
        85.21957070486886,
        85.21780831473214,
        85.21608407156808,
        85.21439579554966,
        85.21274784633091,
        85.21112932477679,
        85.20954241071429
    ],
    "valid_losses": [
        353.8127659388951,
        110.37501198904855,
        98.4338629586356,
        95.8021240234375,
        93.84052058628627,
        92.40948159354073,
        91.32838766915458,
        90.49322727748326,
        89.83551352364677,
        89.3088629586356,
        88.88097599574498,
        88.52885219029018,
        88.23576028006417,
        87.98933846609933,
        87.780271257673,
        87.60146113804409,
        87.4474127633231,
        87.31380680629185,
        87.19723510742188,
        87.09496416364398,
        87.00477273123605,
        86.92485918317523,
        86.8537357875279,
        86.79017748151507,
        86.73314993722099,
        86.68179866245815,
        86.63538687569755,
        86.5933096749442,
        86.55503300258091,
        86.52010672433036,
        86.48814174107143,
        86.45881979806083,
        86.43182809012276,
        86.40692901611328,
        86.38390350341797,
        86.36255427769252,
        86.34271676199776,
        86.32423945835659,
        86.30699375697544,
        86.29086412702289,
        86.27574920654297,
        86.26155853271484,
        86.24821036202567,
        86.23562622070312,
        86.22375052315849,
        86.2125244140625,
        86.20189121791294,
        86.19180733816964,
        86.18223135811942,
        86.17312295096261,
        86.16444723946708,
        86.15617370605469,
        86.14827401297433,
        86.1407220023019,
        86.13349369594029,
        86.12657492501395,
        86.11993081229073,
        86.11355917794364,
        86.10742950439453,
        86.10154288155692,
        86.09587097167969,
        86.09040287562779,
        86.08513641357422,
        86.0800552368164,
        86.07513972691127,
        86.07039097377232,
        86.06580134800502,
        86.06135777064732,
        86.0570569719587,
        86.05288478306362,
        86.04884338378906,
        86.044919695173,
        86.0411148071289,
        86.03741564069476,
        86.03382110595703,
        86.0303224836077,
        86.0269274030413,
        86.02362278529576,
        86.02039991106305,
        86.01726531982422,
        86.0142070225307,
        86.01123046875,
        86.0083247593471,
        86.00548771449498,
        86.00272369384766,
        86.00002070835659,
        85.99738420758929,
        85.99480874197823,
        85.9922866821289,
        85.98983001708984,
        85.98742021833148,
        85.98506600516183,
        85.9827630179269,
        85.98050580705915,
        85.97829873221261,
        85.97613307407924,
        85.97401755196708,
        85.97193908691406,
        85.96990748814174,
        85.96791621616909,
        85.96595546177456
    ],