{"testproblem": "mnist_mlp", "batch_size": 128, "num_epochs": 100, "random_seed": 50, "weight_decay": null, "optimizer_name": "SGD", "optimizer_hyperparams": {"lr": 0.15848931924611143}, "train_losses": [2.302283152555808, 0.2019123177115734, 0.11775769001971452, 0.09087865921453787, 0.05272858907492497, 0.04469058846529478, 0.03719437442337855, 0.024239457045228053, 0.02153332829953004, 0.012678333367101656, 0.007834526925132824, 0.007163545880944301, 0.013094513844221067, 0.0035526671757300696, 0.0015146323981193395, 0.0012309422286657186, 0.0010435135605243535, 0.0008370127910986925, 0.0007549460786275375, 0.0006186550912948755, 0.0006475864121547112, 0.0004931713143984476, 0.0004221728692452113, 0.000417407506551498, 0.00040162813204985397, 0.00035398854659153865, 0.0003622868217718907, 0.0003053937584925921, 0.00028159163701228605, 0.0002673254945339301, 0.0002604869122688587, 0.0002363857646019031, 0.00023654943857437526, 0.00021751033954131298, 0.00021133762903702565, 0.00019861184633695162, 0.0002095392690255092, 0.00020151260571602063, 0.00019010557578160212, 0.00017530136765577854, 0.00017122093301552994, 0.00017137968769440285, 0.00015438338502859458, 0.0001503370511226165, 0.00014327753048676712, 0.0001323442810621017, 0.00015275858533688082, 0.0001442562311123579, 0.0001274703595882807, 0.0001232095826894809, 0.00011627290111321669, 0.00012754744444137966, 0.00011269394785929949, 0.00010994563882167522, 0.00010806159713329413, 0.00010412749953759022, 0.0001083134840696286, 0.000110759375951229, 9.99906124212803e-05, 0.0001033835877210666, 9.026750922203064e-05, 9.314257365006667e-05, 8.89555383951236e-05, 9.485611166709509e-05, 8.603395559848883e-05, 8.448948844885215e-05, 8.201484496776875e-05, 8.854031180724119e-05, 7.624933734918252e-05, 7.74179322597308e-05, 8.148012252954337e-05, 8.04285399424724e-05, 6.743807059067946e-05, 7.266092758912306e-05, 7.305256067178189e-05, 7.05576668947171e-05, 7.045727509718675e-05, 7.104644408592812e-05, 6.57314100326636e-05, 6.569215120413364e-05, 6.586953233449887e-05, 6.091231719041482e-05, 6.567954252927731e-05, 6.08652257002317e-05, 5.6487531998218634e-05, 6.209734158638197e-05, 5.819285527253762e-05, 6.055975189575782e-05, 5.663071687404926e-05, 5.82159711764409e-05, 5.568907811091496e-05, 5.2391336514399605e-05, 5.5589068394440874e-05, 5.1400409295008736e-05, 5.150853823392819e-05, 4.806847144395877e-05, 5.2737692991892494e-05, 4.731452999970852e-05, 5.493733363273816e-05, 4.9420751822300445e-05, 4.857625716771835e-05], "test_losses": [2.302510848412147, 0.20373612136030808, 0.11826700335129714, 0.11048460415062997, 0.07767000823066784, 0.08550724563881373, 0.08112403669227393, 0.06692438563093162, 0.07570060989700067, 0.06456814068727769, 0.06325748049391386, 0.06817232626370895, 0.08283722317085052, 0.06690150821724763, 0.06802418598761925, 0.06928878356344424, 0.06968873887298963, 0.06989661938486955, 0.07117973382656391, 0.07194253873939697, 0.07288464278173752, 0.07373528889356515, 0.07416445666398758, 0.07460270029229996, 0.07527440103391807, 0.07569288639112925, 0.07621964339453441, 0.07679576598680936, 0.07693874845520043, 0.07766198242704074, 0.07794524074938053, 0.07824482181324409, 0.07881250017537521, 0.0792482775182296, 0.07958552298637536, 0.07997735059605195, 0.08026650185004258, 0.0806999708024355, 0.0807396191626023, 0.08126626283121414, 0.08176044666041167, 0.08206261809055622, 0.08222123130391805, 0.08271620021416591, 0.08280283886079605, 0.0830856426499593, 0.08321309658006215, 0.08379345110211617, 0.08376077968531694, 0.08403188835542935, 0.0843943686534961, 0.08448108347753684, 0.08474374796526554, 0.08503125039621806, 0.08516012232464093, 0.08535566247808628, 0.08564625403437859, 0.08598912550279728, 0.08619143484303585, 0.0861908813031056, 0.08634851839488898, 0.08650863476288624, 0.08669231774715278, 0.08708485626639464, 0.08710181407439403, 0.0871776503821214, 0.08742349671247678, 0.08752041209775668, 0.08777525753546984, 0.08788998272174443, 0.08814982076485951, 0.08817630915496594, 0.08844668403840981, 0.08870674913319257, 0.08883638808933589, 0.08886137982018483, 0.08916349384265068, 0.08914670195334996, 0.08925001265910956, 0.0895192358069695, 0.08961072630989246, 0.08968148967967583, 0.08984973969367835, 0.09004103229978146, 0.0901465205810009, 0.09041944595101552, 0.09053484551035441, 0.0905881994523299, 0.09070280733972023, 0.09090368874753132, 0.09109009076387455, 0.09112024717988113, 0.09115791597809547, 0.09130752029327246, 0.0914385004972036, 0.09155702227965379, 0.09163970820223674, 0.09183743505332714, 0.09193911451177719, 0.09209961396379349, 0.09215250057287705], "train_accuracies": [0.10396634615384616, 0.9401041666666666, 0.9659455128205128, 0.9735576923076923, 0.9852764423076923, 0.9872796474358975, 0.9891826923076923, 0.9930889423076923, 0.9925881410256411, 0.9975961538461539, 0.9986979166666666, 0.9987980769230769, 0.9961939102564102, 0.9996995192307693, 1.0, 1.0, 1.0, 1.0, 1.0, 1.0, 1.0, 1.0, 1.0, 1.0, 1.0, 1.0, 1.0, 1.0, 1.0, 1.0, 1.0, 1.0, 1.0, 1.0, 1.0, 1.0, 1.0, 1.0, 1.0, 1.0, 1.0, 1.0, 1.0, 1.0, 1.0, 1.0, 1.0, 1.0, 1.0, 1.0, 1.0, 1.0, 1.0, 1.0, 1.0, 1.0, 1.0, 1.0, 1.0, 1.0, 1.0, 1.0, 1.0, 1.0, 1.0, 1.0, 1.0, 1.0, 1.0, 1.0, 1.0, 1.0, 1.0, 1.0, 1.0, 1.0, 1.0, 1.0, 1.0, 1.0, 1.0, 1.0, 1.0, 1.0, 1.0, 1.0, 1.0, 1.0, 1.0, 1.0, 1.0, 1.0, 1.0, 1.0, 1.0, 1.0, 1.0, 1.0, 1.0, 1.0, 1.0], "test_accuracies": [0.09955929487179487, 0.9397035256410257, 0.9641426282051282, 0.9658453525641025, 0.9766626602564102, 0.9743589743589743, 0.9742588141025641, 0.9786658653846154, 0.9769631410256411, 0.9808693910256411, 0.9813701923076923, 0.98046875, 0.9786658653846154, 0.9828725961538461, 0.9825721153846154, 0.9822716346153846, 0.9823717948717948, 0.9830729166666666, 0.9827724358974359, 0.9827724358974359, 0.9829727564102564, 0.9827724358974359, 0.9826722756410257, 0.9824719551282052, 0.9830729166666666, 0.9825721153846154, 0.9826722756410257, 0.9826722756410257, 0.9828725961538461, 0.9826722756410257, 0.9826722756410257, 0.9826722756410257, 0.9825721153846154, 0.9827724358974359, 0.9827724358974359, 0.9827724358974359, 0.9825721153846154, 0.9827724358974359, 0.9829727564102564, 0.9827724358974359, 0.9827724358974359, 0.9823717948717948, 0.9826722756410257, 0.9828725961538461, 0.9825721153846154, 0.9828725961538461, 0.9828725961538461, 0.9830729166666666, 0.9827724358974359, 0.9829727564102564, 0.9830729166666666, 0.9830729166666666, 0.9827724358974359, 0.9829727564102564, 0.9828725961538461, 0.9828725961538461, 0.9826722756410257, 0.9829727564102564, 0.9828725961538461, 0.9826722756410257, 0.9824719551282052, 0.9828725961538461, 0.9828725961538461, 0.9827724358974359, 0.9827724358974359, 0.9828725961538461, 0.9827724358974359, 0.9827724358974359, 0.9827724358974359, 0.9827724358974359, 0.9826722756410257, 0.9827724358974359, 0.9826722756410257, 0.9824719551282052, 0.9826722756410257, 0.9827724358974359, 0.9826722756410257, 0.9828725961538461, 0.9827724358974359, 0.9827724358974359, 0.9825721153846154, 0.9826722756410257, 0.9826722756410257, 0.9827724358974359, 0.9826722756410257, 0.9828725961538461, 0.9826722756410257, 0.9826722756410257, 0.9827724358974359, 0.9826722756410257, 0.9827724358974359, 0.9826722756410257, 0.9825721153846154, 0.9827724358974359, 0.9826722756410257, 0.9828725961538461, 0.9826722756410257, 0.9826722756410257, 0.9826722756410257, 0.9825721153846154, 0.9827724358974359], "analyzable_training_params": {"lr_sched_epochs": null, "lr_sched_factors": null}, "training_params": {}}