{
    "testproblem": "quadratic_deep",
    "batch_size": 128,
    "num_epochs": 100,
    "random_seed": 48,
    "l2_reg": null,
    "optimizer_name": "AdaBoundOptimizer",
    "optimizer_hyperparams": {
        "learning_rate": 0.3060852210672247,
        "final_lr": 0.14760835337542907,
        "beta1": 0.5689542718995396,
        "beta2": 0.9754503448163554,
        "gamma": 0.00414979578989159,
        "epsilon": 1e-08,
        "amsbound": false,
        "use_locking": false
    },
    "training_params": {
        "lr_sched_epochs": null,
        "lr_sched_factors": null
    },
    "train_losses": [
        353.4622497558594,
        104.13778795514789,
        94.55445861816406,
        92.30414036342076,
        91.7698974609375,
        91.5004403250558,
        91.25833674839565,
        91.06346675327846,
        90.89852796282086,
        90.78135899135044,
        90.73878805977958,
        90.77594757080078,
        90.87357548304966,
        91.00345175606864,
        91.1418696812221,
        91.27315303257534,
        91.38173021589007,
        91.46546391078404,
        91.53502982003349,
        91.59098706926618,
        91.61344582693917,
        91.62091391427177,
        91.59276907784599,
        91.52856118338448,
        91.42643083844867,
        91.2992433820452,
        91.15839385986328,
        91.01322392054966,
        90.87818363734654,
        90.84764208112445,
        91.09743390764508,
        91.48199789864677,
        91.57042803083148,
        91.48604801722935,
        91.4850583757673,
        91.70356096540179,
        92.15317971365792,
        92.72607857840401,
        92.99292101178851,
        92.19818442208427,
        90.92608315604073,
        91.13793182373047,
        91.08036368233817,
        90.85199737548828,
        90.7448229108538,
        90.91703578404018,
        91.29151589529855,
        91.61541857038226,
        91.77133178710938,
        91.7361570085798,
        91.60543932233539,
        91.49685777936664,
        91.44664437430245,
        91.42154693603516,
        91.37194933210101,
        91.23370688302177,
        91.03651537214007,
        90.93785640171596,
        91.18467603410993,
        91.73491668701172,
        92.20919799804688,
        92.37675476074219,
        92.2997076851981,
        92.0890884399414,
        91.98130798339844,
        92.10250418526786,
        92.20418984549386,
        92.12294442313058,
        91.92196110316685,
        91.71304212297711,
        91.70186614990234,
        91.95616694859096,
        92.29957144601005,
        92.52933066231864,
        92.59438214983258,
        92.58745574951172,
        92.6062731061663,
        92.68469347272601,
        92.76165444510323,
        92.77564130510602,
        92.68497685023716,
        92.5553229195731,
        92.53475080217633,
        92.6704853602818,
        92.91144125802177,
        93.12625558035714,
        93.23152596609933,
        93.24227033342633,
        93.22652435302734,
        93.23528289794922,
        93.31143624441964,
        93.41325160435268,
        93.4913558959961,
        93.51992906842914,
        93.53091430664062,
        93.57755279541016,
        93.68909890311105,
        93.8409173148019,
        93.98072378976005,
        94.07501765659877,
        94.11768450055804
    ],
    "valid_losses": [
        353.8127659388951,
        104.93541281563895,
        95.06917898995536,
        92.87214878627232,
        92.47313799176898,
        92.29173823765346,
        92.11343165806362,
        91.96843501499721,
        91.83849225725446,
        91.74225071498326,
        91.70958600725446,
        91.74966757638114,
        91.84655434744698,
        91.97390420096261,
        92.10875265938895,
        92.23562404087612,
        92.3396486554827,
        92.4175033569336,
        92.48245457240513,
        92.53631700788226,
        92.55026027134487,
        92.55005209786552,
        92.51045227050781,
        92.43005044119698,
        92.30433000837054,
        92.14454650878906,
        91.96275765555245,
        91.77060917445591,
        91.5960944039481,
        91.54991367885044,
        91.80512128557477,
        92.20063127790179,
        92.27621241978237,
        92.18439483642578,
        92.19937460763114,
        92.49102674211774,
        93.06599862234933,
        93.76684461321149,
        94.10501752580915,
        93.24173845563617,
        91.74498748779297,
        91.79481615339007,
        91.6982192993164,
        91.46976470947266,
        91.39715031215123,
        91.64262935093471,
        92.10797228131976,
        92.50848497663226,
        92.70540291922433,
        92.67044176374164,
        92.50689261300224,
        92.34922572544643,
        92.25136239188058,
        92.18164825439453,
        92.09313310895648,
        91.92408425467355,
        91.72050258091518,
        91.65071650913784,
        91.96347481863839,
        92.60417938232422,
        93.16382707868304,
        93.37250300816127,
        93.29707772391183,
        93.04342869349888,
        92.85767473493304,
        92.90005275181362,
        92.93713814871651,
        92.81272452218192,
        92.59998430524554,
        92.41722651890346,
        92.46455819266183,
        92.79442160470145,
        93.20860726492745,
        93.48478589739118,
        93.55721282958984,
        93.52121407645089,
        93.49093191964286,
        93.5120598929269,
        93.53451538085938,
        93.50631059919085,
        93.39471217564174,
        93.27092960902623,
        93.28224509102958,
        93.46565355573382,
        93.7602048601423,
        94.019773210798,
        94.14890507289341,
        94.15682656424386,
        94.11509268624442,
        94.08537183489118,
        94.11914171491351,
        94.18450709751674,
        94.23770032610211,
        94.25692531040737,
        94.27479008265904,
        94.34205736432757,
        94.48316301618304,
        94.66916329520089,
        94.84146227155414,
        94.95840672084263,
        95.00934709821429
    ],