{
    "testproblem": "mnist_vae",
    "batch_size": 64,
    "num_epochs": 50,
    "random_seed": 42,
    "l2_reg": null,
    "optimizer_name": "AdamOptimizer",
    "optimizer_hyperparams": {
        "learning_rate": 0.006672367170464204,
        "beta1": 0.8609944236929847,
        "beta2": 0.8363008337692329,
        "epsilon": 1e-08,
        "use_locking": false
    },
    "training_params": {
        "lr_sched_epochs": [],
        "lr_sched_factors": []
    },
    "train_losses": [
        181.38856408534906,
        181.38856408534906,
        181.38856408534906,
        181.38856408534906,
        181.38856408534906,
        181.38856408534906,
        181.38856408534906,
        181.38856408534906,
        181.38856408534906,
        181.38856408534906,
        181.38856408534906,
        181.38856408534906,
        181.38856408534906,
        181.38856408534906,
        181.38856408534906,
        181.38856408534906,
        181.38856408534906,
        181.38856408534906,
        181.38856408534906,
        181.38856408534906,
        181.38856408534906,
        181.38856408534906,
        181.38856408534906,
        181.38856408534906,
        181.38856408534906,
        181.38856408534906,
        181.38856408534906,
        181.38856408534906,
        181.38856408534906,
        181.38856408534906,
        181.38856408534906,
        181.38856408534906,
        181.38856408534906,
        181.38856408534906,
        181.38856408534906,
        181.38856408534906,
        181.38856408534906,
        181.38856408534906,
        181.38856408534906,
        181.38856408534906,
        181.38856408534906,
        181.38856408534906,
        181.38856408534906,
        181.38856408534906,
        181.38856408534906,
        181.38856408534906,
        181.38856408534906,
        181.38856408534906,
        181.38856408534906,
        181.38856408534906,
        181.38856408534906
    ],
    "valid_losses": [
        181.33862500313,
        181.33862500313,
        181.33862500313,
        181.33862500313,
        181.33862500313,
        181.33862500313,
        181.33862500313,
        181.33862500313,
        181.33862500313,
        181.33862500313,
        181.33862500313,
        181.33862500313,
        181.33862500313,
        181.33862500313,
        181.33862500313,
        181.33862500313,
        181.33862500313,
        181.33862500313,
        181.33862500313,
        181.33862500313,
        181.33862500313,
        181.33862500313,
        181.33862500313,
        181.33862500313,
        181.33862500313,
        181.33862500313,
        181.33862500313,
        181.33862500313,
        181.33862500313,
        181.33862500313,
        181.33862500313,
        181.33862500313,
        181.33862500313,
        181.33862500313,
        181.33862500313,
        181.33862500313,
        181.33862500313,
        181.33862500313,
        181.33862500313,
        181.33862500313,
        181.33862500313,
        181.33862500313,
        181.33862500313,
        181.33862500313,
        181.33862500313,
        181.33862500313,
        181.33862500313,
        181.33862500313,
        181.33862500313,
        181.33862500313,
        181.33862500313
    ],
    "test_losses": [
        181.40226080478766,
        181.40226080478766,
        181.40226080478766,
        181.40226080478766,
        181.40226080478766,
        181.40226080478766,
        181.40226080478766,
        181.40226080478766,
        181.40226080478766,
        181.40226080478766,
        181.40226080478766,
        181.40226080478766,
        181.40226080478766,
        181.40226080478766,
        181.40226080478766,
        181.40226080478766,
        181.40226080478766,
        181.40226080478766,
        181.40226080478766,
        181.40226080478766,
        181.40226080478766,
        181.40226080478766,
        181.40226080478766,
        181.40226080478766,
        181.40226080478766,
        181.40226080478766,
        181.40226080478766,
        181.40226080478766,
        181.40226080478766,
        181.40226080478766,
        181.40226080478766,
        181.40226080478766,
        181.40226080478766,
        181.40226080478766,
        181.40226080478766,
        181.40226080478766,
        181.40226080478766,
        181.40226080478766,
        181.40226080478766,
        181.40226080478766,
        181.40226080478766,
        181.40226080478766,
        181.40226080478766,
        181.40226080478766,
        181.40226080478766,
        181.40226080478766,
        181.40226080478766,
        181.40226080478766,
        181.40226080478766,
        181.40226080478766,
        181.40226080478766
    ],