{
    "testproblem": "quadratic_deep",
    "batch_size": 128,
    "num_epochs": 100,
    "random_seed": 42,
    "l2_reg": null,
    "optimizer_name": "NAG",
    "optimizer_hyperparams": {
        "learning_rate": 0.0035868164986275477,
        "momentum": 0.998782704190163,
        "use_locking": false,
        "use_nesterov": true
    },
    "training_params": {
        "lr_sched_epochs": [
            1,
            2,
            3,
            4,
            5,
            6,
            7,
            8,
            9,
            10,
            11,
            12,
            13,
            14,
            15,
            16,
            17,
            18,
            19,
            20,
            21,
            22,
            23,
            24,
            25,
            26,
            27,
            28,
            29,
            30,
            31,
            32,
            33,
            34,
            35,
            36,
            37,
            38,
            39,
            40,
            41,
            42,
            43,
            44,
            45,
            46,
            47,
            48,
            49,
            50,
            51,
            52,
            53,
            54,
            55,
            56,
            57,
            58,
            59,
            60,
            61,
            62,
            63,
            64,
            65,
            66,
            67,
            68,
            69,
            70,
            71,
            72,
            73,
            74,
            75,
            76,
            77,
            78,
            79,
            80,
            81,
            82,
            83,
            84,
            85,
            86,
            87,
            88,
            89,
            90,
            91,
            92,
            93,
            94,
            95,
            96,
            97,
            98,
            99,
            100
        ],
        "lr_sched_factors": [
            0.1,
            0.2,
            0.3,
            0.4,
            0.5,
            0.6,
            0.7,
            0.8,
            0.9,
            1.0,
            1.0,
            1.0,
            1.0,
            1.0,
            1.0,
            1.0,
            1.0,
            1.0,
            1.0,
            1.0,
            1.0,
            1.0,
            1.0,
            1.0,
            1.0,
            1.0,
            1.0,
            1.0,
            1.0,
            1.0,
            1.0,
            1.0,
            1.0,
            1.0,
            1.0,
            1.0,
            1.0,
            1.0,
            1.0,
            1.0,
            1.0,
            1.0,
            1.0,
            1.0,
            1.0,
            1.0,
            1.0,
            1.0,
            1.0,
            1.0,
            1.0,
            1.0,
            1.0,
            1.0,
            1.0,
            1.0,
            1.0,
            1.0,
            1.0,
            1.0,
            1.0,
            1.0,
            1.0,
            1.0,
            1.0,
            1.0,
            1.0,
            1.0,
            1.0,
            1.0,
            1.0,
            1.0,
            1.0,
            1.0,
            1.0,
            1.0,
            1.0,
            1.0,
            1.0,
            1.0,
            1.0,
            1.0,
            1.0,
            1.0,
            1.0,
            1.0,
            1.0,
            1.0,
            1.0,
            1.0,
            0.9090909090909091,
            0.8181818181818181,
            0.7272727272727273,
            0.6363636363636364,
            0.5454545454545454,
            0.4545454545454546,
            0.36363636363636365,
            0.2727272727272727,
            0.18181818181818177,
            0.09090909090909094
        ]
    },
    "train_losses": [
        355.276114327567,
        179.95748683384485,
        127.06044442313058,
        145.33884756905692,
        144.54408046177454,
        126.99695587158203,
        100.61841583251953,
        97.03182220458984,
        97.61631774902344,
        102.1061771937779,
        109.05442156110492,
        114.45754023960659,
        114.14113180977958,
        109.06266239711216,
        102.75804029192243,
        99.23464747837612,
        99.78827667236328,
        103.14695303780692,
        106.27319008963448,
        106.58885846819196,
        103.46769387381417,
        98.4993656703404,
        94.3821029663086,
        93.24295152936664,
        95.43007005964007,
        99.44610704694476,
        102.94440242222377,
        104.11603328159877,
        102.61774335588727,
        99.55902099609375,
        96.6659687587193,
        95.20739310128349,
        95.3445543561663,
        96.23546600341797,
        96.73599461146763,
        96.19711739676339,
        94.8524660382952,
        93.59381430489677,
        93.32866777692523,
        94.35664367675781,
        96.15581730433873,
        97.68994031633649,
        98.02251761300224,
        96.85306658063617,
        94.66424124581474,
        92.4203360421317,
        91.02375248500279,
        90.85679081508091,
        91.65553283691406,
        92.74731554303851,
        93.473142351423,
        93.53353881835938,
        93.07440403529576,
        92.50399344308036,
        92.18932778494698,
        92.22996738978794,
        92.43345315115792,
        92.47906058175224,
        92.14489637102399,
        91.45094844273159,
        90.63978685651507,
        90.02413286481585,
        89.8068128313337,
        89.98228345598493,
        90.3666022164481,
        90.72072492327008,
        90.88229370117188,
        90.82893480573382,
        90.64895738874164,
        90.45484052385602,
        90.30352129255023,
        90.17230224609375,
        89.99612644740513,
        89.73131779261998,
        89.39853123256138,
        89.07704162597656,
        88.85775647844586,
        88.78844669886998,
        88.84667423793248,
        88.95509883335659,
        89.02627236502511,
        89.00770568847656,
        88.90165383475167,
        88.7526125226702,
        88.61538369315011,
        88.52508435930524,
        88.48492322649274,
        88.47327096121651,
        88.46024540492466,
        88.42147609165737,
        88.34332275390625,
        88.22211456298828,
        88.02435956682477,
        87.79547446114677,
        87.5319083077567,
        87.27365439278739,
        87.04548971993583,
        86.85716792515346,
        86.70795331682477,
        86.59042249407086,
        86.50044468470982
    ],