{
    "testproblem": "quadratic_deep",
    "batch_size": 128,
    "num_epochs": 100,
    "random_seed": 42,
    "l2_reg": null,
    "optimizer_name": "AdagradOptimizer",
    "optimizer_hyperparams": {
        "learning_rate": 0.00070689749506246,
        "initial_accumulator_value": 0.1,
        "use_locking": false
    },
    "training_params": {
        "lr_sched_epochs": [],
        "lr_sched_factors": []
    },
    "train_losses": [
        286.3989039829799,
        283.6179460797991,
        282.1624232700893,
        281.0410461425781,
        280.09652273995533,
        279.2660914829799,
        278.5171813964844,
        277.8302655901228,
        277.1925615583147,
        276.5951189313616,
        276.0314636230469,
        275.4966517857143,
        274.9868469238281,
        274.4990016392299,
        274.03064400809154,
        273.5797206333705,
        273.1445007324219,
        272.7235586983817,
        272.31566074916293,
        271.9196995326451,
        271.5347900390625,
        271.1600864955357,
        270.7948957170759,
        270.4385550362723,
        270.0905194963728,
        269.75022670200894,
        269.4172668457031,
        269.0912083217076,
        268.7716544015067,
        268.45824759347096,
        268.1507350376674,
        267.8487548828125,
        267.5520935058594,
        267.26045880998885,
        266.973641531808,
        266.6914716448103,
        266.41369192940846,
        266.14014107840404,
        265.87066650390625,
        265.60508946010043,
        265.34326607840404,
        265.08504159109935,
        264.8302917480469,
        264.5789053780692,
        264.3307364327567,
        264.0857151576451,
        263.843741280692,
        263.60468619210377,
        263.3684605189732,
        263.1349661690848,
        262.90415954589844,
        262.67591857910156,
        262.45018223353793,
        262.2268981933594,
        262.00596836635043,
        261.7873338971819,
        261.5709708077567,
        261.3567548479353,
        261.1446642194475,
        260.9346444266183,
        260.7266409737723,
        260.5205775669643,
        260.3164607456752,
        260.11419459751676,
        259.9137529645647,
        259.715085710798,
        259.51818411690846,
        259.3229675292969,
        259.12941196986606,
        258.937497820173,
        258.7471357073103,
        258.558358328683,
        258.37110682896207,
        258.1853332519531,
        258.00101143973217,
        257.81815011160717,
        257.63668169294084,
        257.45658220563615,
        257.27782767159596,
        257.10040501185824,
        256.92427716936385,
        256.74941798618863,
        256.5758078438895,
        256.4034118652344,
        256.2322322300502,
        256.06222752162387,
        255.89338030133928,
        255.72569492885046,
        255.5591321672712,
        255.39364624023438,
        255.22925676618303,
        255.06592014857702,
        254.9036407470703,
        254.74239458356584,
        254.58214678083147,
        254.42291477748327,
        254.26466805594308,
        254.1073739188058,
        253.95105198451452,
        253.79564775739397,
        253.64117431640625
    ],
    "valid_losses": [
        285.4458487374442,
        282.6586390904018,
        281.1998508998326,
        280.0759931291853,
        279.12940761021207,
        278.29718017578125,
        277.5466613769531,
        276.8582850864955,
        276.21922520228793,
        275.6205400739397,
        275.05569893973217,
        274.519766671317,
        274.00891549246654,
        273.5200718470982,
        273.0507550920759,
        272.59891183035717,
        272.162833077567,
        271.7410321916853,
        271.33231026785717,
        270.9355730329241,
        270.54990931919644,
        270.17447771344865,
        269.80858067103793,
        269.4515468052455,
        269.10282244001115,
        268.7618931361607,
        268.42830984933033,
        268.1016278948103,
        267.78145490373885,
        267.4674813406808,
        267.15938459123885,
        266.8568551199777,
        266.5596444266183,
        266.26747349330356,
        265.9801330566406,
        265.6974443708147,
        265.4191632952009,
        265.14513724190846,
        264.8751743861607,
        264.60912649972096,
        264.3468322753906,
        264.0881652832031,
        263.8329772949219,
        263.58113752092635,
        263.33254786900113,
        263.0871058872768,
        262.844724382673,
        262.60525294712613,
        262.36863708496094,
        262.13476126534596,
        261.90357099260603,
        261.67494201660156,
        261.44883728027344,
        261.22517830984935,
        261.003897530692,
        260.78491646902904,
        260.56818716866627,
        260.35364205496654,
        260.1412048339844,
        259.9308406284877,
        259.72249712262834,
        259.5161328996931,
        259.31168692452565,
        259.1091112409319,
        258.90836443219865,
        258.7093963623047,
        258.51219177246094,
        258.31668962751115,
        258.1228463309152,
        257.93062264578685,
        257.73998587472096,
        257.55093165806363,
        257.36340767996654,
        257.17735508510043,
        256.99278041294644,
        256.8096400669643,
        256.6278991699219,
        256.4475533621652,
        256.2685546875,
        256.09088134765625,
        255.91449192592077,
        255.73938860212053,
        255.56554085867745,
        255.3929181780134,
        255.22150094168526,
        255.05125863211495,
        254.88218906947546,
        254.71426609584265,
        254.54747227260046,
        254.38177490234375,
        254.21717834472656,
        254.0536150251116,
        253.89112636021204,
        253.72967093331474,
        253.5692182268415,
        253.40977260044642,
        253.2513144356864,
        253.09383937290735,
        252.93731689453125,
        252.7817143031529,
        252.6270490373884
    ],