{
    "testproblem": "quadratic_deep",
    "batch_size": 128,
    "num_epochs": 100,
    "random_seed": 50,
    "l2_reg": null,
    "optimizer_name": "AdagradOptimizer",
    "optimizer_hyperparams": {
        "learning_rate": 0.01,
        "initial_accumulator_value": 0.1,
        "use_locking": false
    },
    "training_params": {
        "lr_sched_epochs": [],
        "lr_sched_factors": []
    },
    "train_losses": [
        482.29715837751115,
        423.0643877301897,
        394.68226841517856,
        374.0381600516183,
        357.45796857561385,
        343.4817330496652,
        331.3526524135045,
        320.61866542271207,
        310.9842965262277,
        302.24397931780135,
        294.2478942871094,
        286.8829825265067,
        280.0613359723772,
        273.713143484933,
        267.7818516322545,
        262.2208927699498,
        256.99139186314176,
        252.0604989188058,
        247.40019880022322,
        242.98634338378906,
        238.79798235212053,
        234.81675720214844,
        231.02652631487166,
        227.41297476632255,
        223.963383265904,
        220.66637093680245,
        217.51168605259485,
        214.49007742745536,
        211.5931658063616,
        208.81336103166853,
        206.14369419642858,
        203.57783726283483,
        201.1099395751953,
        198.73465183803015,
        196.44704110281808,
        194.24253627232142,
        192.11688886369978,
        190.0661882672991,
        188.0867658342634,
        186.17522975376673,
        184.3283974783761,
        182.54330444335938,
        180.81715175083704,
        179.14734758649553,
        177.53143528529577,
        175.96711077008928,
        174.45220947265625,
        172.98468889508928,
        171.56260463169642,
        170.1841561453683,
        168.8475799560547,
        167.55126081194197,
        166.2936553955078,
        165.0732923235212,
        163.8887656075614,
        162.73876735142298,
        161.62200927734375,
        160.53730119977678,
        159.4834965297154,
        158.45950753348214,
        157.46427263532365,
        156.49681963239397,
        155.55619158063615,
        154.64146859305245,
        153.75179399762834,
        152.88633728027344,
        152.0442897251674,
        151.22488621303015,
        150.42738342285156,
        149.65110560825892,
        148.8953595842634,
        148.1594979422433,
        147.44290161132812,
        146.74497767857142,
        146.06512451171875,
        145.40281459263392,
        144.75749860491072,
        144.128666469029,
        143.51582772391183,
        142.9185071672712,
        142.33623613630022,
        141.76857212611608,
        141.21509878976005,
        140.6753888811384,
        140.14905875069755,
        139.6357138497489,
        139.1349836077009,
        138.64651925223214,
        138.16996111188615,
        137.70497567313058,
        137.25125122070312,
        136.80845860072546,
        136.37630135672433,
        135.95448521205358,
        135.542728969029,
        135.1407514299665,
        134.74828883579798,
        134.3650905064174,
        133.99088832310267,
        133.6254599434989,
        133.26856340680803
    ],
    "valid_losses": [
        482.8491995675223,
        423.074715750558,
        394.4379359654018,
        373.60506766183033,
        356.8706708635603,
        342.7625034877232,
        330.5174037388393,
        319.67953055245533,
        309.950919015067,
        301.1242937360491,
        293.048575265067,
        285.60972813197543,
        278.7191249302455,
        272.30633544921875,
        266.3143397739955,
        260.6961408342634,
        255.41253444126673,
        250.43038722446985,
        245.72145298549108,
        241.26133946010046,
        237.02892412458147,
        233.00566973005022,
        229.17530386788505,
        225.5233612060547,
        222.03702872140067,
        218.70479256766183,
        215.51632254464286,
        212.4622541155134,
        209.5341578892299,
        206.7243412562779,
        204.02579825265067,
        201.4321071079799,
        198.9373735700335,
        196.5362047467913,
        194.22359357561385,
        191.9949493408203,
        189.84595380510603,
        187.77267456054688,
        185.77139500209265,
        183.83870152064733,
        181.97135489327567,
        180.16639273507255,
        178.42095947265625,
        176.73243495396204,
        175.0983603341239,
        173.51639665876115,
        171.98434230259485,
        170.50016348702567,
        169.06185913085938,
        167.66763305664062,
        166.3156999860491,
        165.00443594796317,
        163.73225838797433,
        162.4977068219866,
        161.29933602469308,
        160.1358424595424,
        159.00591823032923,
        157.9083709716797,
        156.84202357700892,
        155.80579485212053,
        154.7986079624721,
        153.81946454729353,
        152.86742292131697,
        151.94154357910156,
        151.04095458984375,
        150.1648232596261,
        149.31233433314733,
        148.48270743233817,
        147.67520577566964,
        146.8891361781529,
        146.12380981445312,
        145.3785618373326,
        144.65276881626673,
        143.94582039969308,
        143.25714111328125,
        142.58617292131697,
        141.93236432756697,
        141.29520961216517,
        140.67421177455358,
        140.0688759940011,
        139.47875104631697,
        138.90337698800224,
        138.34232657296317,
        137.79519653320312,
        137.2615748814174,
        136.74106924874442,
        136.23331124441964,
        135.73793465750558,
        135.2545928955078,
        134.78294263567244,
        134.32266889299666,
        133.8734370640346,
        133.4349594116211,
        133.0069307599749,
        132.58905683244978,
        132.18106515066964,
        131.7826930454799,
        131.39368329729353,
        131.0137710571289,
        130.6427230834961,
        130.28029414585657
    ],