{
    "testproblem": "quadratic_deep",
    "batch_size": 128,
    "num_epochs": 100,
    "random_seed": 42,
    "l2_reg": null,
    "optimizer_name": "RMSPropOptimizer",
    "optimizer_hyperparams": {
        "learning_rate": 0.0006290644294586146,
        "decay": 0.03489018845491385,
        "momentum": 0.0,
        "epsilon": 1e-10,
        "use_locking": false,
        "centered": false
    },
    "training_params": {
        "lr_sched_epochs": [],
        "lr_sched_factors": []
    },
    "train_losses": [
        286.3989039829799,
        282.09521484375,
        277.8699645996094,
        273.7106148856027,
        269.6170741489955,
        265.58912440708707,
        261.62670462472096,
        257.7297930036272,
        253.89822823660714,
        250.13171604701452,
        246.43010602678572,
        242.79277910505022,
        239.21977887834822,
        235.70990644182478,
        232.26201956612724,
        228.87567792619978,
        225.54994637625558,
        222.2837132045201,
        219.07612827845983,
        215.9263959612165,
        212.83333914620536,
        209.79635402134485,
        206.8152356828962,
        203.88958304268974,
        201.01914978027344,
        198.2039075578962,
        195.4438214983259,
        192.7388959612165,
        190.0887189592634,
        187.4928937639509,
        184.951176234654,
        182.46343122209822,
        180.02867344447546,
        177.64584350585938,
        175.31446184430803,
        173.03424944196428,
        170.80426897321428,
        168.6238970075335,
        166.49264526367188,
        164.41008649553572,
        162.3757062639509,
        160.3890860421317,
        158.45010811941964,
        156.55853053501673,
        154.7141832624163,
        152.9166521344866,
        151.16539219447546,
        149.4601069859096,
        147.80023193359375,
        146.18474469866072,
        144.61285836356026,
        143.08414132254464,
        141.59815543038505,
        140.154789515904,
        138.75342450823103,
        137.3936288016183,
        136.0753653390067,
        134.79803030831474,
        133.56109837123327,
        132.3644736153739,
        131.20803288051061,
        130.09155055454798,
        129.01497759137834,
        127.97879246303013,
        126.98327527727399,
        126.02703312465123,
        125.10951886858258,
        124.22970363071987,
        123.38735743931362,
        122.58217947823661,
        121.81314086914062,
        121.07943398611886,
        120.38040379115513,
        119.71551840645927,
        119.0844486781529,
        118.48663548060826,
        117.92140088762555,
        117.38837541852679,
        116.88721357073102,
        116.41691589355469,
        115.97644151960101,
        115.56566510881696,
        115.18253871372768,
        114.82528795514789,
        114.49249049595424,
        114.18297358921596,
        113.89432743617466,
        113.62512534005302,
        113.37231772286552,
        113.1336648123605,
        112.90716007777623,
        112.69104548863002,
        112.48492649623326,
        112.28839983258929,
        112.10054997035435,
        111.92056274414062,
        111.7476784842355,
        111.58131626674107,
        111.42127554757255,
        111.26643371582031,
        111.11568886893136
    ],
    "valid_losses": [
        285.4458487374442,
        281.1330261230469,
        276.8988516671317,
        272.7308131626674,
        268.62890625,
        264.592764718192,
        260.62226431710377,
        256.717529296875,
        252.87885393415178,
        249.1062229701451,
        245.39920479910714,
        241.7571803501674,
        238.18001229422433,
        234.66646466936385,
        231.2154279436384,
        227.82691955566406,
        224.50000217982702,
        221.23352268763952,
        218.02643476213728,
        214.8779057094029,
        211.78688049316406,
        208.75233895438058,
        205.77393668038505,
        202.8514142717634,
        199.98441205705916,
        197.17276872907365,
        194.41644723074776,
        191.71548679896765,
        189.0694340297154,
        186.47779846191406,
        183.940181187221,
        181.45630536760603,
        179.02523149762834,
        176.64615304129464,
        174.3188759940011,
        172.04359654017858,
        169.8189413888114,
        167.64393397739954,
        165.51790509905135,
        163.4403533935547,
        161.41059221540178,
        159.42838178362166,
        157.4936043875558,
        155.60622079031808,
        153.7661634172712,
        151.97313799176897,
        150.22662135532923,
        148.5262407575335,
        146.87137276785714,
        145.26097760881697,
        143.69412667410714,
        142.17047773088728,
        140.6896754673549,
        139.25144522530692,
        137.85554722377233,
        136.50147792271204,
        135.1892809186663,
        133.9183589390346,
        132.68802751813615,
        131.4981460571289,
        130.34818376813615,
        129.23805672781808,
        128.16795240129744,
        127.1381356375558,
        126.14842224121094,
        125.19787161690849,
        124.28615461077008,
        123.41233607700893,
        122.57609340122768,
        121.77692086356026,
        121.01387459891183,
        120.28624943324498,
        119.5933587210519,
        118.93451472691127,
        118.30926077706474,
        117.71683175223214,
        117.15672520228794,
        116.62886810302734,
        116.13309805733817,
        115.66829354422433,
        115.23341587611607,
        114.82896968296596,
        114.45238712855748,
        114.10214560372489,
        113.77720424107143,
        113.47641972133091,
        113.19622911725726,
        112.93613651820591,
        112.6930422101702,
        112.46455928257534,
        112.24801526750836,
        112.0412368774414,
        111.84429277692523,
        111.6571786063058,
        111.47863878522601,
        111.30759974888393,
        111.14314814976284,
        110.98451123918805,
        110.83156258719308,
        110.68306841169085,
        110.53796822684151
    ],