{
    "testproblem": "quadratic_deep",
    "batch_size": 128,
    "num_epochs": 100,
    "random_seed": 48,
    "l2_reg": null,
    "optimizer_name": "NAGOptimizer",
    "optimizer_hyperparams": {
        "learning_rate": 0.0016480446427978967,
        "momentum": 0.9874389562999865,
        "use_locking": false,
        "use_nesterov": true
    },
    "training_params": {
        "lr_sched_epochs": [
            1,
            2,
            3,
            4,
            5,
            6,
            7,
            8,
            9,
            10,
            11,
            12,
            13,
            14,
            15,
            16,
            17,
            18,
            19,
            20,
            21,
            22,
            23,
            24,
            25,
            26,
            27,
            28,
            29,
            30,
            31,
            32,
            33,
            34,
            35,
            36,
            37,
            38,
            39,
            40,
            41,
            42,
            43,
            44,
            45,
            46,
            47,
            48,
            49,
            50,
            51,
            52,
            53,
            54,
            55,
            56,
            57,
            58,
            59,
            60,
            61,
            62,
            63,
            64,
            65,
            66,
            67,
            68,
            69,
            70,
            71,
            72,
            73,
            74,
            75,
            76,
            77,
            78,
            79,
            80,
            81,
            82,
            83,
            84,
            85,
            86,
            87,
            88,
            89,
            90,
            91,
            92,
            93,
            94,
            95,
            96,
            97,
            98,
            99,
            100
        ],
        "lr_sched_factors": [
            0.1,
            0.2,
            0.3,
            0.4,
            0.5,
            0.6,
            0.7,
            0.8,
            0.9,
            1.0,
            1.0,
            1.0,
            1.0,
            1.0,
            1.0,
            1.0,
            1.0,
            1.0,
            1.0,
            1.0,
            1.0,
            1.0,
            1.0,
            1.0,
            1.0,
            1.0,
            1.0,
            1.0,
            1.0,
            1.0,
            1.0,
            1.0,
            1.0,
            1.0,
            1.0,
            1.0,
            1.0,
            1.0,
            1.0,
            1.0,
            1.0,
            1.0,
            1.0,
            1.0,
            1.0,
            1.0,
            1.0,
            1.0,
            1.0,
            1.0,
            1.0,
            1.0,
            1.0,
            1.0,
            1.0,
            1.0,
            1.0,
            1.0,
            1.0,
            1.0,
            1.0,
            1.0,
            1.0,
            1.0,
            1.0,
            1.0,
            1.0,
            1.0,
            1.0,
            1.0,
            1.0,
            1.0,
            1.0,
            1.0,
            1.0,
            1.0,
            1.0,
            1.0,
            1.0,
            1.0,
            1.0,
            1.0,
            1.0,
            1.0,
            1.0,
            1.0,
            1.0,
            1.0,
            1.0,
            1.0,
            0.9090909090909091,
            0.8181818181818181,
            0.7272727272727273,
            0.6363636363636364,
            0.5454545454545454,
            0.4545454545454546,
            0.36363636363636365,
            0.2727272727272727,
            0.18181818181818177,
            0.09090909090909094
        ]
    },
    "train_losses": [
        353.4622497558594,
        154.25121416364397,
        153.69303240094865,
        111.0365219116211,
        128.54008047921317,
        132.55594744001115,
        102.78042493547711,
        111.05899047851562,
        94.7131587437221,
        93.25528281075614,
        90.71638706752232,
        89.35037231445312,
        91.28657858712333,
        92.09452383858817,
        93.35384804861886,
        93.32460457938058,
        92.68170166015625,
        91.46099962506976,
        89.98511069161552,
        88.6579840523856,
        87.71432713099888,
        87.22007860456195,
        87.14637974330357,
        87.35039411272321,
        87.63269369942802,
        87.8311048235212,
        87.84035055977958,
        87.62783704485211,
        87.23369816371373,
        86.74615587506976,
        86.26359558105469,
        85.87087031773159,
        85.61776624407086,
        85.51199340820312,
        85.52591051374164,
        85.61026872907367,
        85.71049390520368,
        85.7819573538644,
        85.79893602643695,
        85.75678362165179,
        85.66840362548828,
        85.55672454833984,
        85.44616045270648,
        85.35566057477679,
        85.29475402832031,
        85.26298195975167,
        85.25228445870536,
        85.25096348353794,
        85.24779837472099,
        85.23517717633929,
        85.21058872767857,
        85.17633165631976,
        85.13793836321149,
        85.10196249825614,
        85.07389177594867,
        85.05673108782086,
        85.0505120413644,
        85.05272674560547,
        85.05934470040458,
        85.06610107421875,
        85.06958116803851,
        85.06792231968471,
        85.06098284040179,
        85.05001722063336,
        85.037111554827,
        85.02444893973214,
        85.01379285539899,
        85.00609152657645,
        85.00143541608539,
        84.99924142020089,
        84.99851553780692,
        84.99824959891183,
        84.99763815743583,
        84.9962659563337,
        84.99410138811383,
        84.99141911097935,
        84.9886223929269,
        84.98611995152065,
        84.98418535505023,
        84.98290034702846,
        84.98219081333706,
        84.98184204101562,
        84.9816153390067,
        84.98129381452289,
        84.98075539725167,
        84.97996085030692,
        84.97896575927734,
        84.97788347516742,
        84.97682734898159,
        84.97589111328125,
        84.97514343261719,
        84.97457994733539,
        84.97010694231305,
        84.96666172572544,
        84.96496037074498,
        84.96302686418805,
        84.9610366821289,
        84.95957619803292,
        84.95853424072266,
        84.95775059291294,
        84.95720563616071
    ],