{
    "testproblem": "fmnist_vae",
    "batch_size": 64,
    "num_epochs": 100,
    "random_seed": 42,
    "l2_reg": null,
    "optimizer_name": "LookaheadOptimizerMBGDMomentum",
    "optimizer_hyperparams": {
        "learning_rate": 0.7272394089120149,
        "momentum": 0.04730209334933684,
        "use_nesterov": false,
        "k": 9,
        "alpha": 0.0013046241405332327,
        "use_locking": false
    },
    "training_params": {
        "lr_sched_epochs": [],
        "lr_sched_factors": []
    },
    "train_losses": [
        133.51027982662885,
        133.51027982662885,
        133.51027982662885,
        133.51027982662885,
        133.51027982662885,
        133.51027982662885,
        133.51027982662885,
        133.51027982662885,
        133.51027982662885,
        133.51027982662885,
        133.51027982662885,
        133.51027982662885,
        133.51027982662885,
        133.51027982662885,
        133.51027982662885,
        133.51027982662885,
        133.51027982662885,
        133.51027982662885,
        133.51027982662885,
        133.51027982662885,
        133.51027982662885,
        133.51027982662885,
        133.51027982662885,
        133.51027982662885,
        133.51027982662885,
        133.51027982662885,
        133.51027982662885,
        133.51027982662885,
        133.51027982662885,
        133.51027982662885,
        133.51027982662885,
        133.51027982662885,
        133.51027982662885,
        133.51027982662885,
        133.51027982662885,
        133.51027982662885,
        133.51027982662885,
        133.51027982662885,
        133.51027982662885,
        133.51027982662885,
        133.51027982662885,
        133.51027982662885,
        133.51027982662885,
        133.51027982662885,
        133.51027982662885,
        133.51027982662885,
        133.51027982662885,
        133.51027982662885,
        133.51027982662885,
        133.51027982662885,
        133.51027982662885,
        133.51027982662885,
        133.51027982662885,
        133.51027982662885,
        133.51027982662885,
        133.51027982662885,
        133.51027982662885,
        133.51027982662885,
        133.51027982662885,
        133.51027982662885,
        133.51027982662885,
        133.51027982662885,
        133.51027982662885,
        133.51027982662885,
        133.51027982662885,
        133.51027982662885,
        133.51027982662885,
        133.51027982662885,
        133.51027982662885,
        133.51027982662885,
        133.51027982662885,
        133.51027982662885,
        133.51027982662885,
        133.51027982662885,
        133.51027982662885,
        133.51027982662885,
        133.51027982662885,
        133.51027982662885,
        133.51027982662885,
        133.51027982662885,
        133.51027982662885,
        133.51027982662885,
        133.51027982662885,
        133.51027982662885,
        133.51027982662885,
        133.51027982662885,
        133.51027982662885,
        133.51027982662885,
        133.51027982662885,
        133.51027982662885,
        133.51027982662885,
        133.51027982662885,
        133.51027982662885,
        133.51027982662885,
        133.51027982662885,
        133.51027982662885,
        133.51027982662885,
        133.51027982662885,
        133.51027982662885,
        133.51027982662885,
        133.51027982662885
    ],
    "valid_losses": [
        134.02608362833658,
        134.02608362833658,
        134.02608362833658,
        134.02608362833658,
        134.02608362833658,
        134.02608362833658,
        134.02608362833658,
        134.02608362833658,
        134.02608362833658,
        134.02608362833658,
        134.02608362833658,
        134.02608362833658,
        134.02608362833658,
        134.02608362833658,
        134.02608362833658,
        134.02608362833658,
        134.02608362833658,
        134.02608362833658,
        134.02608362833658,
        134.02608362833658,
        134.02608362833658,
        134.02608362833658,
        134.02608362833658,
        134.02608362833658,
        134.02608362833658,
        134.02608362833658,
        134.02608362833658,
        134.02608362833658,
        134.02608362833658,
        134.02608362833658,
        134.02608362833658,
        134.02608362833658,
        134.02608362833658,
        134.02608362833658,
        134.02608362833658,
        134.02608362833658,
        134.02608362833658,
        134.02608362833658,
        134.02608362833658,
        134.02608362833658,
        134.02608362833658,
        134.02608362833658,
        134.02608362833658,
        134.02608362833658,
        134.02608362833658,
        134.02608362833658,
        134.02608362833658,
        134.02608362833658,
        134.02608362833658,
        134.02608362833658,
        134.02608362833658,
        134.02608362833658,
        134.02608362833658,
        134.02608362833658,
        134.02608362833658,
        134.02608362833658,
        134.02608362833658,
        134.02608362833658,
        134.02608362833658,
        134.02608362833658,
        134.02608362833658,
        134.02608362833658,
        134.02608362833658,
        134.02608362833658,
        134.02608362833658,
        134.02608362833658,
        134.02608362833658,
        134.02608362833658,
        134.02608362833658,
        134.02608362833658,
        134.02608362833658,
        134.02608362833658,
        134.02608362833658,
        134.02608362833658,
        134.02608362833658,
        134.02608362833658,
        134.02608362833658,
        134.02608362833658,
        134.02608362833658,
        134.02608362833658,
        134.02608362833658,
        134.02608362833658,
        134.02608362833658,
        134.02608362833658,
        134.02608362833658,
        134.02608362833658,
        134.02608362833658,
        134.02608362833658,
        134.02608362833658,
        134.02608362833658,
        134.02608362833658,
        134.02608362833658,
        134.02608362833658,
        134.02608362833658,
        134.02608362833658,
        134.02608362833658,
        134.02608362833658,
        134.02608362833658,
        134.02608362833658,
        134.02608362833658,
        134.02608362833658
    ],