{
    "testproblem": "quadratic_deep",
    "batch_size": 128,
    "num_epochs": 100,
    "random_seed": 42,
    "l2_reg": null,
    "optimizer_name": "AMSGrad",
    "optimizer_hyperparams": {
        "learning_rate": 0.022935668995809826,
        "beta1": 0.5224371189048895,
        "beta2": 0.8676797735738063,
        "epsilon": 1e-08,
        "use_locking": false
    },
    "training_params": {
        "lr_sched_epochs": null,
        "lr_sched_factors": null
    },
    "train_losses": [
        355.276114327567,
        206.4987291608538,
        138.10917227608817,
        114.46963718959263,
        106.87373897007534,
        104.0651615687779,
        102.63797433035714,
        101.6408200945173,
        100.81076485770089,
        100.07190050397601,
        99.39898027692523,
        98.78081948416573,
        98.21046229771206,
        97.68259974888393,
        97.19276210239956,
        96.73708016531808,
        96.31216866629464,
        95.91506086077008,
        95.54312351771763,
        95.19403839111328,
        94.86574990408761,
        94.55642918178013,
        94.26444898332868,
        93.98836953299386,
        93.72688620431083,
        93.47884041922433,
        93.24319240025112,
        93.01900482177734,
        92.80543300083706,
        92.6017085484096,
        92.4071513584682,
        92.22112492152623,
        92.04306357247489,
        91.87244960239956,
        91.70880671909877,
        91.55170331682477,
        91.40074157714844,
        91.25555746895927,
        91.11581856863839,
        90.98121425083706,
        90.85145786830357,
        90.72629220145089,
        90.60546439034599,
        90.48875754220145,
        90.37596021379743,
        90.2668685913086,
        90.16131155831474,
        90.05911581856864,
        89.96011788504464,
        89.86417170933315,
        89.77114541190011,
        89.68090166364398,
        89.59332166399274,
        89.50828334263393,
        89.42568751743862,
        89.34542519705636,
        89.26740482875279,
        89.19153485979352,
        89.11773027692523,
        89.04589952741351,
        88.97598266601562,
        88.90789794921875,
        88.84157235281808,
        88.77694375174386,
        88.71395547049386,
        88.65254647391183,
        88.59264809744698,
        88.53422001429966,
        88.47720554896763,
        88.42156219482422,
        88.36723872593471,
        88.31418718610492,
        88.26237160818917,
        88.21174730573382,
        88.16227395193917,
        88.11391993931362,
        88.06664930071149,
        88.02042606898716,
        87.97521209716797,
        87.93098885672433,
        87.88771384102958,
        87.84536743164062,
        87.80391584123883,
        87.76333400181362,
        87.72360011509487,
        87.68468911307198,
        87.64656611851284,
        87.60922459193638,
        87.5726340157645,
        87.53677586146763,
        87.50162615094867,
        87.46717180524554,
        87.43338666643415,
        87.40026092529297,
        87.36776842389789,
        87.33589826311383,
        87.30463300432477,
        87.27395629882812,
        87.2438485281808,
        87.21430206298828,
        87.18529510498047
    ],
    "valid_losses": [
        353.8127659388951,
        206.18577357700892,
        138.2933349609375,
        114.86736188616071,
        107.38744136265346,
        104.64098031180245,
        103.24651881626674,
        102.26659611293248,
        101.44562639508929,
        100.71164158412388,
        100.0414810180664,
        99.42498888288226,
        98.8557619367327,
        98.32874189104352,
        97.83962031773159,
        97.38458796909877,
        96.9603042602539,
        96.56381007603237,
        96.19248417445591,
        95.84401266915458,
        95.51634216308594,
        95.20764923095703,
        94.91630118233817,
        94.64085388183594,
        94.38000597272601,
        94.13260323660714,
        93.89760262625558,
        93.67406354631696,
        93.46114131382534,
        93.25807407924107,
        93.06416865757534,
        92.87879943847656,
        92.70139639718192,
        92.5314440046038,
        92.36845179966518,
        92.21200997488839,
        92.06170545305524,
        91.91717747279576,
        91.77809361049107,
        91.64414542061942,
        91.51503426688058,
        91.39051927839007,
        91.27034214564732,
        91.15428161621094,
        91.04212297712054,
        90.93367222377232,
        90.82875061035156,
        90.72718048095703,
        90.62881687709263,
        90.5334952218192,
        90.4410869053432,
        90.35146113804409,
        90.26448713030133,
        90.18005807059151,
        90.09806169782367,
        90.01839882986886,
        89.9409681047712,
        89.86568559919085,
        89.79246085030692,
        89.72120993477958,
        89.65185982840401,
        89.58433750697544,
        89.51856776646206,
        89.45449938092914,
        89.39205932617188,
        89.33118765694755,
        89.2718276977539,
        89.21393367222377,
        89.15744236537388,
        89.10231454031808,
        89.04850115094867,
        88.99595642089844,
        88.94464111328125,
        88.89450945172992,
        88.84552982875279,
        88.7976575578962,
        88.75085776192802,
        88.70510537283761,
        88.66036006382534,
        88.61658913748605,
        88.57377079554966,
        88.53186689104352,
        88.49085889543805,
        88.45071302141461,
        88.41140747070312,
        88.37291281563895,
        88.33521597726005,
        88.29828534807477,
        88.26210021972656,
        88.22664097377232,
        88.19188690185547,
        88.15782383510044,
        88.12442343575614,
        88.09167589460101,
        88.05955614362445,
        88.0280532836914,
        87.99714987618583,
        87.96683066231864,
        87.93708038330078,
        87.90788269042969,
        87.8792223249163
    ],