{
    "testproblem": "quadratic_deep",
    "batch_size": 128,
    "num_epochs": 100,
    "random_seed": 49,
    "l2_reg": null,
    "optimizer_name": "AMSGrad",
    "optimizer_hyperparams": {
        "learning_rate": 0.8862326508576248,
        "beta1": 0.8533233119824721,
        "beta2": 0.8361228684381321,
        "epsilon": 1e-08,
        "use_locking": false
    },
    "training_params": {
        "lr_sched_epochs": [
            1,
            2,
            3,
            4,
            5,
            6,
            7,
            8,
            9,
            10,
            11,
            12,
            13,
            14,
            15,
            16,
            17,
            18,
            19,
            20,
            21,
            22,
            23,
            24,
            25,
            26,
            27,
            28,
            29,
            30,
            31,
            32,
            33,
            34,
            35,
            36,
            37,
            38,
            39,
            40,
            41,
            42,
            43,
            44,
            45,
            46,
            47,
            48,
            49,
            50,
            51,
            52,
            53,
            54,
            55,
            56,
            57,
            58,
            59,
            60,
            61,
            62,
            63,
            64,
            65,
            66,
            67,
            68,
            69,
            70,
            71,
            72,
            73,
            74,
            75,
            76,
            77,
            78,
            79,
            80,
            81,
            82,
            83,
            84,
            85,
            86,
            87,
            88,
            89,
            90,
            91,
            92,
            93,
            94,
            95,
            96,
            97,
            98,
            99,
            100
        ],
        "lr_sched_factors": [
            0.1,
            0.2,
            0.3,
            0.4,
            0.5,
            0.6,
            0.7,
            0.8,
            0.9,
            1.0,
            1.0,
            1.0,
            1.0,
            1.0,
            1.0,
            1.0,
            1.0,
            1.0,
            1.0,
            1.0,
            1.0,
            1.0,
            1.0,
            1.0,
            1.0,
            1.0,
            1.0,
            1.0,
            1.0,
            1.0,
            1.0,
            1.0,
            1.0,
            1.0,
            1.0,
            1.0,
            1.0,
            1.0,
            1.0,
            1.0,
            1.0,
            1.0,
            1.0,
            1.0,
            1.0,
            1.0,
            1.0,
            1.0,
            1.0,
            1.0,
            1.0,
            1.0,
            1.0,
            1.0,
            1.0,
            1.0,
            1.0,
            1.0,
            1.0,
            1.0,
            1.0,
            1.0,
            1.0,
            1.0,
            1.0,
            1.0,
            1.0,
            1.0,
            1.0,
            1.0,
            1.0,
            1.0,
            1.0,
            1.0,
            1.0,
            1.0,
            1.0,
            1.0,
            1.0,
            1.0,
            1.0,
            1.0,
            1.0,
            1.0,
            1.0,
            1.0,
            1.0,
            1.0,
            1.0,
            1.0,
            0.9090909090909091,
            0.8181818181818181,
            0.7272727272727273,
            0.6363636363636364,
            0.5454545454545454,
            0.4545454545454546,
            0.36363636363636365,
            0.2727272727272727,
            0.18181818181818177,
            0.09090909090909094
        ]
    },
    "train_losses": [
        406.1816711425781,
        140.6004377092634,
        96.29861559186664,
        100.4223131452288,
        93.93000139508929,
        89.65486145019531,
        87.91574532645089,
        86.89219338553292,
        86.954592023577,
        86.58904702322823,
        85.1744624546596,
        84.9114761352539,
        85.11455317905971,
        84.98915754045758,
        84.99628121512276,
        85.01336015973773,
        85.02264513288226,
        85.01425279889789,
        84.9937264578683,
        84.97262791224888,
        84.95587812151227,
        84.94314684186664,
        84.93279920305524,
        84.92419869559151,
        84.91713060651507,
        84.91124834333148,
        84.90621730259487,
        84.9018325805664,
        84.89796447753906,
        84.89450945172992,
        84.89139883858817,
        84.88856724330357,
        84.88597869873047,
        84.88360159737724,
        84.88141523088727,
        84.87939126150948,
        84.8775144304548,
        84.87576620919364,
        84.87413569859096,
        84.87260981968471,
        84.87118203299386,
        84.86983816964286,
        84.86857169015067,
        84.8673836844308,
        84.8662610735212,
        84.86519622802734,
        84.86419241768974,
        84.86323765345982,
        84.86233629499164,
        84.86147744315011,
        84.86066436767578,
        84.8598861694336,
        84.85914938790458,
        84.8584453037807,
        84.85777282714844,
        84.85713413783482,
        84.85652269635882,
        84.85593959263393,
        84.85538264683315,
        84.85484749930245,
        84.85433632986886,
        84.85384695870536,
        84.85337502615792,
        84.8529292515346,
        84.85249764578683,
        84.85208565848214,
        84.85168892996651,
        84.85130637032645,
        84.85094342912946,
        84.85059029715401,
        84.85025242396763,
        84.84992327008929,
        84.84961264474052,
        84.84931182861328,
        84.8490240914481,
        84.84874398367745,
        84.84847259521484,
        84.84821319580078,
        84.84796578543526,
        84.84772164481026,
        84.84748840332031,
        84.84726170131138,
        84.84705352783203,
        84.84683881487165,
        84.84664045061383,
        84.84644426618304,
        84.84625462123326,
        84.84607478550502,
        84.8458971296038,
        84.8457260131836,
        84.84556470598493,
        84.84540775844029,
        84.91186632428851,
        84.66864449637276,
        84.71895054408482,
        85.76266261509487,
        85.55266898018974,
        83.62212589808873,
        83.31265040806362,
        83.3583744594029,
        83.28517259870257
    ],