{"testproblem": "mnist_mlp", "batch_size": 128, "num_epochs": 100, "random_seed": 51, "weight_decay": null, "optimizer_name": "SGD", "optimizer_hyperparams": {"lr": 0.002511886431509582}, "train_losses": [2.3024097161415296, 2.2956467744631643, 2.2868040952927027, 2.274174140049861, 2.2525884616069303, 2.211850765423897, 2.1252124523505187, 1.9375964571268132, 1.6425275466380975, 1.2870233150628896, 1.0145018643293626, 0.8442682929528065, 0.7352622655721811, 0.6630382308593163, 0.6177032815340238, 0.5597838384982867, 0.5276588377280113, 0.4945679314625569, 0.4877291337037698, 0.44709605016769505, 0.4386723393048996, 0.41155519661230916, 0.3984369349021178, 0.40475342021538663, 0.38624865752764237, 0.3776245266199112, 0.3729063847508186, 0.3572510457955874, 0.35254151221269214, 0.3310272437639726, 0.3420738915984447, 0.3357880917879251, 0.3260526796564078, 0.30807273682111347, 0.31058020927967167, 0.3132403233112433, 0.30350275738881183, 0.30601340245742065, 0.30936396484955764, 0.27365679351183086, 0.27658666078096783, 0.26701524528937465, 0.27075134236843157, 0.27793163309494656, 0.25737328617236555, 0.24479966467389694, 0.26098070924098676, 0.25245075691968966, 0.24697259832651186, 0.25403463725860304, 0.24096882075835496, 0.2329737072189649, 0.23996365242279494, 0.24337945458216545, 0.2150335666269828, 0.2159689856836429, 0.21528447973422515, 0.22252081468319282, 0.20672221367175764, 0.22409672194566482, 0.20337653723664773, 0.2040759755823857, 0.2164642638885058, 0.18896121493516824, 0.19253746095376137, 0.18363854986352798, 0.17911211620920744, 0.18802839918778494, 0.1752305118701397, 0.1870409530133773, 0.17152286015259913, 0.1769698635698893, 0.17223253674232042, 0.17656308288375536, 0.16818007979637536, 0.16767374368814322, 0.17391640587877005, 0.16030877532485205, 0.1596276207994192, 0.15777246305384698, 0.15266474470114097, 0.14295296466503388, 0.15259466282068154, 0.14699544461491781, 0.13596472994257242, 0.14383601378171873, 0.14796788818561113, 0.1400186256147348, 0.13857037607484904, 0.14580020036261815, 0.13226002149092844, 0.14148526509793904, 0.13410188940664133, 0.12836054015236023, 0.12881463723113903, 0.13362416204733726, 0.13071980298711702, 0.12873684361768076, 0.1211097413339676, 0.12625546696094367, 0.1264693302412828], "test_losses": [2.30233341608292, 2.2951510533308372, 2.2862708262908154, 2.2731022651378927, 2.250957504296914, 2.2089835007985434, 2.119355400403341, 1.93017359268971, 1.6274776550439687, 1.273235341677299, 1.002835438801692, 0.8317323304139651, 0.7197461663148342, 0.6442679927135125, 0.5860485980908076, 0.542306454326862, 0.5083317053623688, 0.48059283445278805, 0.4577502452601225, 0.44045492987602186, 0.42420949595860946, 0.40856328931374425, 0.39721501322510916, 0.3857666169030544, 0.37480654443303746, 0.36584066451551056, 0.35868534149649817, 0.34903011380288845, 0.3413550021747748, 0.3340772319680605, 0.32750683296949434, 0.3214200921356678, 0.31645485281180114, 0.310389656191453, 0.3046863052802972, 0.2990218377075134, 0.29328806832050663, 0.28915570451854133, 0.28356602339026254, 0.2795765380351207, 0.27586158470083505, 0.27019085419865757, 0.2682375044872363, 0.2619738239221848, 0.2578658062773637, 0.2548508153607448, 0.2502104476189766, 0.24648160993670806, 0.24328651594427916, 0.24015099287797242, 0.23677156397547477, 0.23238721747811025, 0.22887335459773356, 0.22752507331852728, 0.22334460751750532, 0.219702465316424, 0.21653511222356406, 0.21376752662353027, 0.21086764068175584, 0.2081797399964088, 0.20668146420174685, 0.20235522822118723, 0.20019901228638795, 0.19744707386081034, 0.19408610792687306, 0.19286369140713644, 0.18984768592203274, 0.18715428475003976, 0.1853509062471298, 0.18283726633168185, 0.18095887958621368, 0.1782867817255931, 0.1766165015884699, 0.17427285903921494, 0.17277620221750858, 0.1710421898139593, 0.16832213275707686, 0.16657901536195707, 0.1646734904497862, 0.1629937509409128, 0.1620969788577312, 0.1605400640804034, 0.15851278335620195, 0.15676004492128506, 0.15562853365181348, 0.15394319622562483, 0.1530532019260602, 0.15168539100350478, 0.14936677232766762, 0.1482267923748646, 0.1469340393654047, 0.14500453203725508, 0.14399258467631462, 0.14264167057206997, 0.14171538253625235, 0.14082305716016355, 0.13957483708285368, 0.13717999443029746, 0.13671406138783845, 0.1353633457269424, 0.13530452305880877], "train_accuracies": [0.11017628205128205, 0.2668269230769231, 0.39783653846153844, 0.4706530448717949, 0.4941907051282051, 0.4937900641025641, 0.44641426282051283, 0.4560296474358974, 0.5722155448717948, 0.6606570512820513, 0.72265625, 0.7649238782051282, 0.7878605769230769, 0.8127003205128205, 0.8210136217948718, 0.8397435897435898, 0.8535657051282052, 0.8553685897435898, 0.859375, 0.8712940705128205, 0.8737980769230769, 0.8833133012820513, 0.8838141025641025, 0.8870192307692307, 0.8954326923076923, 0.8893229166666666, 0.8960336538461539, 0.8984375, 0.8978365384615384, 0.9058493589743589, 0.9050480769230769, 0.9067508012820513, 0.9072516025641025, 0.9129607371794872, 0.9104567307692307, 0.9108573717948718, 0.9152644230769231, 0.9098557692307693, 0.914863782051282, 0.9229767628205128, 0.9205729166666666, 0.9252804487179487, 0.9199719551282052, 0.9225761217948718, 0.9256810897435898, 0.9311899038461539, 0.9260817307692307, 0.9263822115384616, 0.9298878205128205, 0.9298878205128205, 0.9306891025641025, 0.932792467948718, 0.934395032051282, 0.9326923076923077, 0.9372996794871795, 0.9403044871794872, 0.940604967948718, 0.9379006410256411, 0.9398036858974359, 0.9378004807692307, 0.9432091346153846, 0.9416065705128205, 0.9398036858974359, 0.9464142628205128, 0.9454126602564102, 0.946113782051282, 0.950020032051282, 0.9457131410256411, 0.9506209935897436, 0.9508213141025641, 0.9512219551282052, 0.9488181089743589, 0.9521233974358975, 0.9495192307692307, 0.952323717948718, 0.9506209935897436, 0.9499198717948718, 0.9549278846153846, 0.953926282051282, 0.9544270833333334, 0.9573317307692307, 0.9606370192307693, 0.9580328525641025, 0.9573317307692307, 0.9615384615384616, 0.960136217948718, 0.9569310897435898, 0.9600360576923077, 0.9615384615384616, 0.9590344551282052, 0.9645432692307693, 0.95703125, 0.9615384615384616, 0.9632411858974359, 0.9609375, 0.9625400641025641, 0.9635416666666666, 0.9650440705128205, 0.9673477564102564, 0.9635416666666666, 0.9647435897435898],