{
    "testproblem": "quadratic_deep",
    "batch_size": 128,
    "num_epochs": 100,
    "random_seed": 42,
    "l2_reg": null,
    "optimizer_name": "AMSBoundOptimizer",
    "optimizer_hyperparams": {
        "learning_rate": 0.0021192526326484777,
        "final_lr": 0.02865986526769737,
        "beta1": 0.8337773830180975,
        "beta2": 0.8438403757980136,
        "gamma": 0.0001736977031282683,
        "epsilon": 1e-08,
        "amsbound": true,
        "use_locking": false
    },
    "training_params": {
        "lr_sched_epochs": [
            1,
            2,
            3,
            4,
            5,
            6,
            7,
            8,
            9,
            10,
            11,
            12,
            13,
            14,
            15,
            16,
            17,
            18,
            19,
            20,
            21,
            22,
            23,
            24,
            25,
            26,
            27,
            28,
            29,
            30,
            31,
            32,
            33,
            34,
            35,
            36,
            37,
            38,
            39,
            40,
            41,
            42,
            43,
            44,
            45,
            46,
            47,
            48,
            49,
            50,
            51,
            52,
            53,
            54,
            55,
            56,
            57,
            58,
            59,
            60,
            61,
            62,
            63,
            64,
            65,
            66,
            67,
            68,
            69,
            70,
            71,
            72,
            73,
            74,
            75,
            76,
            77,
            78,
            79,
            80,
            81,
            82,
            83,
            84,
            85,
            86,
            87,
            88,
            89,
            90,
            91,
            92,
            93,
            94,
            95,
            96,
            97,
            98,
            99,
            100
        ],
        "lr_sched_factors": [
            0.1,
            0.2,
            0.3,
            0.4,
            0.5,
            0.6,
            0.7,
            0.8,
            0.9,
            1.0,
            1.0,
            1.0,
            1.0,
            1.0,
            1.0,
            1.0,
            1.0,
            1.0,
            1.0,
            1.0,
            1.0,
            1.0,
            1.0,
            1.0,
            1.0,
            1.0,
            1.0,
            1.0,
            1.0,
            1.0,
            1.0,
            1.0,
            1.0,
            1.0,
            1.0,
            1.0,
            1.0,
            1.0,
            1.0,
            1.0,
            1.0,
            1.0,
            1.0,
            1.0,
            1.0,
            1.0,
            1.0,
            1.0,
            1.0,
            1.0,
            1.0,
            1.0,
            1.0,
            1.0,
            1.0,
            1.0,
            1.0,
            1.0,
            1.0,
            1.0,
            1.0,
            1.0,
            1.0,
            1.0,
            1.0,
            1.0,
            1.0,
            1.0,
            1.0,
            1.0,
            1.0,
            1.0,
            1.0,
            1.0,
            1.0,
            1.0,
            1.0,
            1.0,
            1.0,
            1.0,
            1.0,
            1.0,
            1.0,
            1.0,
            1.0,
            1.0,
            1.0,
            1.0,
            1.0,
            1.0,
            0.9090909090909091,
            0.8181818181818181,
            0.7272727272727273,
            0.6363636363636364,
            0.5454545454545454,
            0.4545454545454546,
            0.36363636363636365,
            0.2727272727272727,
            0.18181818181818177,
            0.09090909090909094
        ]
    },
    "train_losses": [
        355.276114327567,
        337.76365443638394,
        330.65377371651783,
        318.24615478515625,
        301.58224051339283,
        281.85909598214283,
        260.2990068708147,
        238.08409336635046,
        216.28324454171317,
        195.78162928989954,
        177.23455374581474,
        161.04971313476562,
        147.42579214913505,
        136.31724984305245,
        127.53225599016461,
        120.78689466203961,
        115.75027356828961,
        112.08525085449219,
        109.47898319789341,
        107.6601333618164,
        106.40628814697266,
        105.5441425868443,
        104.9446051461356,
        104.5154538835798,
        104.19321005684989,
        103.93583352225167,
        103.71633911132812,
        103.51787676130023,
        103.33028193882534,
        103.14758409772601,
        102.96644810267857,
        102.7850592476981,
        102.60246930803571,
        102.41822814941406,
        102.2321526663644,
        102.04419599260602,
        101.85440717424665,
        101.66288430350167,
        101.46974618094308,
        101.27507999965123,
        101.07887159075055,
        100.88125501360211,
        100.68236214773995,
        100.4823466709682,
        100.28134264264789,
        100.0794928414481,
        99.87693568638393,
        99.67380850655692,
        99.4702399117606,
        99.26636396135602,
        99.06228637695312,
        98.85805293491909,
        98.65378679547992,
        98.44961874825614,
        98.24564906529018,
        98.04195731026786,
        97.83867645263672,
        97.63590894426618,
        97.43376813616071,
        97.2323499407087,
        97.03175462995257,
        96.83209228515625,
        96.63346426827567,
        96.43595559256417,
        96.23966544015067,
        96.0446548461914,
        95.85100773402623,
        95.65878404889789,
        95.4680655343192,
        95.2789284842355,
        95.09144156319755,
        94.90567452566964,
        94.72169167654855,
        94.53956168038505,
        94.35932377406529,
        94.18104662214007,
        94.00477709089007,
        93.83054569789341,
        93.65840584891183,
        93.48839133126395,
        93.32053811209542,
        93.15487997872489,
        92.99144417898995,
        92.83025796072823,
        92.67134203229632,
        92.51471819196429,
        92.36040714808873,
        92.20841544015067,
        92.05875505719867,
        91.91144561767578,
        91.76648385184151,
        91.62387302943638,
        91.48363058907645,
        91.34576416015625,
        91.2102541242327,
        91.07708522251674,
        90.94624764578683,
        90.81774248395648,
        90.6915522984096,
        90.56766510009766,
        90.44607325962612
    ],