{
    "testproblem": "quadratic_deep",
    "batch_size": 128,
    "num_epochs": 100,
    "random_seed": 42,
    "l2_reg": null,
    "optimizer_name": "AdagradOptimizer",
    "optimizer_hyperparams": {
        "learning_rate": 0.08471801418819973,
        "initial_accumulator_value": 0.1,
        "use_locking": false
    },
    "training_params": {
        "lr_sched_epochs": [],
        "lr_sched_factors": []
    },
    "train_losses": [
        347.4988577706473,
        139.7515585763114,
        119.97826167515346,
        115.60052599225726,
        113.88964189801898,
        112.76185171944755,
        111.82475280761719,
        110.99073028564453,
        110.23221806117466,
        109.53571537562779,
        108.8922598702567,
        108.2950679234096,
        107.73873356410435,
        107.21880122593471,
        106.73153359549386,
        106.27378954206195,
        105.84282684326172,
        105.43631090436664,
        105.05216979980469,
        104.6886008126395,
        104.34399959019252,
        104.01693725585938,
        103.70613752092633,
        103.41044616699219,
        103.12882777622768,
        102.86034829275948,
        102.60414559500558,
        102.35945347377232,
        102.1255362374442,
        101.90176718575614,
        101.68752724783761,
        101.48227255684989,
        101.28549412318638,
        101.09670584542411,
        100.91549137660435,
        100.7414311000279,
        100.5741468157087,
        100.41328866141183,
        100.25853184291294,
        100.1095690046038,
        99.96611022949219,
        99.82788957868304,
        99.69465964181083,
        99.56617191859654,
        99.44221932547433,
        99.32258714948382,
        99.20707375662667,
        99.09550258091518,
        98.9876937866211,
        98.88348715645927,
        98.78272029331752,
        98.68524932861328,
        98.59093802315849,
        98.49965122767857,
        98.41126687186105,
        98.3256607055664,
        98.2427248273577,
        98.16235242571149,
        98.08444104875836,
        98.00888933454242,
        97.93561444963727,
        97.86451830182757,
        97.79553113664899,
        97.7285635811942,
        97.66354152134487,
        97.60039847237724,
        97.53905596051898,
        97.47945622035435,
        97.4215327671596,
        97.36522565569196,
        97.31048366001674,
        97.25724465506417,
        97.20545196533203,
        97.15506417410714,
        97.10603441510882,
        97.05831255231585,
        97.01185280936105,
        96.96661485944476,
        96.92255619594029,
        96.879636492048,
        96.83782414027623,
        96.79708426339286,
        96.7573743547712,
        96.71866498674665,
        96.68092455182757,
        96.64412035260882,
        96.6082284109933,
        96.5732182094029,
        96.53905378069196,
        96.50572095598493,
        96.47318812779018,
        96.44143567766461,
        96.41043526785714,
        96.38016619001117,
        96.35060337611607,
        96.32173374720982,
        96.2935300554548,
        96.26597486223493,
        96.23904636928013,
        96.21273476736886,
        96.187013898577
    ],
    "valid_losses": [
        344.9481855119978,
        138.33216857910156,
        118.92610386439732,
        114.69323621477399,
        113.03681400844029,
        111.92644609723773,
        110.99160330636161,
        110.15379769461495,
        109.38928113664899,
        108.68613651820591,
        108.0360576084682,
        107.43250928606305,
        106.87016187395368,
        106.34456634521484,
        105.85198756626674,
        105.38923971993583,
        104.95357840401786,
        104.54261888776507,
        104.15428379603794,
        103.78675297328404,
        103.43839590890067,
        103.10776737758091,
        102.79358346121651,
        102.4946757725307,
        102.20999472481864,
        101.93858773367745,
        101.67959921700614,
        101.43224443708148,
        101.19578661237445,
        100.9695794241769,
        100.75300925118583,
        100.54552241734096,
        100.34659903390067,
        100.15576716831752,
        99.97257232666016,
        99.79661451067243,
        99.6275133405413,
        99.46490478515625,
        99.30846187046596,
        99.15787179129464,
        99.01285226004464,
        98.87312643868583,
        98.73843492780414,
        98.60854993547711,
        98.48324148995536,
        98.36229814801898,
        98.24552808489118,
        98.13273620605469,
        98.02374594552177,
        97.91839490618024,
        97.81652396065849,
        97.71798379080636,
        97.62263924734933,
        97.5303486415318,
        97.44098772321429,
        97.35443987165179,
        97.27059282575335,
        97.18933214460101,
        97.11055646623883,
        97.03417423793248,
        96.96008845738002,
        96.88821302141461,
        96.81845419747489,
        96.75073896135602,
        96.68499864850726,
        96.62114715576172,
        96.55912780761719,
        96.49885995047433,
        96.44028908865792,
        96.38335309709821,
        96.32799312046596,
        96.27415575299945,
        96.22178431919643,
        96.17083086286273,
        96.12124742780414,
        96.07298169817243,
        96.02599552699498,
        95.98024313790458,
        95.93568747384208,
        95.89227621895927,
        95.84998975481305,
        95.80878230503627,
        95.76861245291573,
        95.72946058000836,
        95.69128308977399,
        95.65406036376953,
        95.6177509852818,
        95.58233424595424,
        95.5477774483817,
        95.51405770438058,
        95.48114340645927,
        95.44902038574219,
        95.4176494053432,
        95.38702828543526,
        95.35712105887276,
        95.3279059273856,
        95.29936872209821,
        95.271482195173,
        95.24423544747489,
        95.21760777064732,
        95.19158608572823
    ],