{
    "testproblem": "quadratic_deep",
    "batch_size": 128,
    "num_epochs": 100,
    "random_seed": 42,
    "l2_reg": null,
    "optimizer_name": "AMSBoundOptimizer",
    "optimizer_hyperparams": {
        "learning_rate": 0.003836964384145777,
        "final_lr": 0.07351753897998718,
        "beta1": 0.7800004394429794,
        "beta2": 0.9569410333823355,
        "gamma": 0.0033084973378826273,
        "epsilon": 1e-08,
        "amsbound": true,
        "use_locking": false
    },
    "training_params": {
        "lr_sched_epochs": null,
        "lr_sched_factors": null
    },
    "train_losses": [
        355.276114327567,
        261.13822283063615,
        121.14306095668248,
        107.85062844412667,
        104.4137464250837,
        102.6270250592913,
        101.16573987688336,
        99.79816218784877,
        98.40524400983539,
        97.04387773786273,
        95.73400769914899,
        94.50144740513393,
        93.36354500906808,
        92.32809121268136,
        91.39912850516183,
        90.57467651367188,
        89.85000501360211,
        89.21779196602958,
        88.66959272112165,
        88.19638061523438,
        87.78922816685268,
        87.4396471296038,
        87.13987404959542,
        86.88293892996651,
        86.66274152483258,
        86.4740012032645,
        86.31219700404576,
        86.17348807198661,
        86.05461992536273,
        85.95285252162388,
        85.8658697945731,
        85.79170336042132,
        85.72869110107422,
        85.67540958949498,
        85.63064466203961,
        85.59334891183036,
        85.56263514927456,
        85.53771209716797,
        85.51790618896484,
        85.50262887137276,
        85.49137006487165,
        85.48368072509766,
        85.4791728428432,
        85.47750418526786,
        85.47837938581195,
        85.48153032575335,
        85.48673902239118,
        85.49380057198661,
        85.50254603794643,
        85.51281629289899,
        85.52447836739677,
        85.53741564069476,
        85.55152893066406,
        85.5667245047433,
        85.58292170933315,
        85.60004316057477,
        85.61803545270648,
        85.63683646065849,
        85.65639931815011,
        85.67666952950614,
        85.69761439732143,
        85.71918705531529,
        85.74136025565011,
        85.76409367152623,
        85.78736005510602,
        85.8111332484654,
        85.83538055419922,
        85.86007581438336,
        85.88519941057477,
        85.91072409493583,
        85.9366226196289,
        85.96288081577846,
        85.98946707589286,
        86.01636505126953,
        86.04355185372489,
        86.07100786481585,
        86.0987080165318,
        86.1266337803432,
        86.15476880754743,
        86.18308694022042,
        86.21156638009208,
        86.24019840785435,
        86.26895686558315,
        86.29782104492188,
        86.32677459716797,
        86.35579463413784,
        86.38486916678292,
        86.41397639683315,
        86.44310106549945,
        86.4722170148577,
        86.50131116594586,
        86.53037915910993,
        86.55938393729073,
        86.58832223074776,
        86.61717878069196,
        86.64592960902623,
        86.67456599644252,
        86.70307159423828,
        86.73143114362445,
        86.75963592529297,
        86.78766523088727
    ],
    "valid_losses": [
        353.8127659388951,
        260.2191489083426,
        121.46950857979911,
        108.79839978899274,
        105.11681583949498,
        103.21803174700055,
        101.85037013462612,
        100.46515546526227,
        99.0722885131836,
        97.72205570765904,
        96.41290937151227,
        95.18651798793248,
        94.05267769949776,
        93.02197701590401,
        92.09742845807757,
        91.27738298688617,
        90.55691310337612,
        89.92875126429966,
        89.38439396449498,
        88.91480691092355,
        88.51104627336774,
        88.16462053571429,
        87.8677509852818,
        87.61347307477679,
        87.39568873814174,
        87.20911080496651,
        87.04923139299665,
        86.9122085571289,
        86.79481397356305,
        86.69430433000836,
        86.60836900983539,
        86.53506360735211,
        86.47272709437779,
        86.41995130266461,
        86.37554059709821,
        86.33844866071429,
        86.30779593331474,
        86.2828118460519,
        86.26282610212054,
        86.2472664969308,
        86.23561532156808,
        86.22744859967914,
        86.22237614222935,
        86.22006334577289,
        86.22022465297154,
        86.22259303501674,
        86.22695922851562,
        86.23311941964286,
        86.24090467180524,
        86.2501700265067,
        86.26078142438617,
        86.27262769426618,
        86.28560311453683,
        86.29962267194476,
        86.31461116245815,
        86.33049011230469,
        86.34720284598214,
        86.36470031738281,
        86.38292694091797,
        86.40183367047992,
        86.42138998849052,
        86.44155447823661,
        86.46228790283203,
        86.4835673740932,
        86.50535692487445,
        86.52763257707868,
        86.5503681727818,
        86.5735342843192,
        86.59711347307477,
        86.62107958112445,
        86.64540754045758,
        86.67007664271763,
        86.695070539202,
        86.72036525181362,
        86.74594007219586,
        86.77177211216518,
        86.7978515625,
        86.82415117536273,
        86.85065133231026,
        86.87733568464007,
        86.90418788364956,
        86.93118068150112,
        86.9583009992327,
        86.98553684779576,
        87.01286097935268,
        87.0402592250279,
        87.06771523611886,
        87.09521048409599,
        87.1227297101702,
        87.15025547572544,
        87.17777143205915,
        87.20525687081474,
        87.23269871303013,
        87.26009041922433,
        87.2874025617327,
        87.31463078090123,
        87.34175545828683,
        87.36876460484096,
        87.39564732142857,
        87.4223883492606,
        87.44897351946149
    ],