{
    "testproblem": "quadratic_deep",
    "batch_size": 128,
    "num_epochs": 100,
    "random_seed": 42,
    "l2_reg": null,
    "optimizer_name": "RMSPropOptimizer",
    "optimizer_hyperparams": {
        "learning_rate": 0.03427623910777387,
        "decay": 0.9997218431285372,
        "momentum": 0.0,
        "epsilon": 1e-10,
        "use_locking": false,
        "centered": false
    },
    "training_params": {
        "lr_sched_epochs": [
            1,
            2,
            3,
            4,
            5,
            6,
            7,
            8,
            9,
            10,
            11,
            12,
            13,
            14,
            15,
            16,
            17,
            18,
            19,
            20,
            21,
            22,
            23,
            24,
            25,
            26,
            27,
            28,
            29,
            30,
            31,
            32,
            33,
            34,
            35,
            36,
            37,
            38,
            39,
            40,
            41,
            42,
            43,
            44,
            45,
            46,
            47,
            48,
            49,
            50,
            51,
            52,
            53,
            54,
            55,
            56,
            57,
            58,
            59,
            60,
            61,
            62,
            63,
            64,
            65,
            66,
            67,
            68,
            69,
            70,
            71,
            72,
            73,
            74,
            75,
            76,
            77,
            78,
            79,
            80,
            81,
            82,
            83,
            84,
            85,
            86,
            87,
            88,
            89,
            90,
            91,
            92,
            93,
            94,
            95,
            96,
            97,
            98,
            99,
            100
        ],
        "lr_sched_factors": [
            0.1,
            0.2,
            0.3,
            0.4,
            0.5,
            0.6,
            0.7,
            0.8,
            0.9,
            1.0,
            1.0,
            1.0,
            1.0,
            1.0,
            1.0,
            1.0,
            1.0,
            1.0,
            1.0,
            1.0,
            1.0,
            1.0,
            1.0,
            1.0,
            1.0,
            1.0,
            1.0,
            1.0,
            1.0,
            1.0,
            1.0,
            1.0,
            1.0,
            1.0,
            1.0,
            1.0,
            1.0,
            1.0,
            1.0,
            1.0,
            1.0,
            1.0,
            1.0,
            1.0,
            1.0,
            1.0,
            1.0,
            1.0,
            1.0,
            1.0,
            1.0,
            1.0,
            1.0,
            1.0,
            1.0,
            1.0,
            1.0,
            1.0,
            1.0,
            1.0,
            1.0,
            1.0,
            1.0,
            1.0,
            1.0,
            1.0,
            1.0,
            1.0,
            1.0,
            1.0,
            1.0,
            1.0,
            1.0,
            1.0,
            1.0,
            1.0,
            1.0,
            1.0,
            1.0,
            1.0,
            1.0,
            1.0,
            1.0,
            1.0,
            1.0,
            1.0,
            1.0,
            1.0,
            1.0,
            1.0,
            0.9090909090909091,
            0.8181818181818181,
            0.7272727272727273,
            0.6363636363636364,
            0.5454545454545454,
            0.4545454545454546,
            0.36363636363636365,
            0.2727272727272727,
            0.18181818181818177,
            0.09090909090909094
        ]
    },
    "train_losses": [
        355.276114327567,
        101.29549625941685,
        100.10734013148716,
        99.21680995396206,
        98.10682896205357,
        96.77844565255302,
        95.34461975097656,
        93.92472294398716,
        92.61547197614398,
        91.46944427490234,
        90.46697235107422,
        89.50665392194476,
        88.79826899937221,
        88.24794442313058,
        87.8190165928432,
        87.48000008719308,
        87.20871952601841,
        86.98917715890067,
        86.80964769635882,
        86.6614761352539,
        86.5381578717913,
        86.43475559779576,
        86.34747641427177,
        86.27335466657367,
        86.21007537841797,
        86.15578242710659,
        86.10898917061942,
        86.06849343436105,
        86.0333023071289,
        86.0026136125837,
        85.97575378417969,
        85.95216042654855,
        85.93136923653739,
        85.91298130580357,
        85.89666748046875,
        85.88214983258929,
        85.86917332240513,
        85.8575439453125,
        85.84709058489118,
        85.83765411376953,
        85.82910919189453,
        85.82135009765625,
        85.81427110944476,
        85.80779593331474,
        85.80184500558036,
        85.79636819022042,
        85.79130445207868,
        85.78660583496094,
        85.78223092215401,
        85.77814592633929,
        85.77431924002511,
        85.77071925571987,
        85.76732526506696,
        85.76411982945034,
        85.76108006068638,
        85.75818743024554,
        85.75542994907924,
        85.75279453822544,
        85.7502692086356,
        85.74784524100167,
        85.74551391601562,
        85.74325997488839,
        85.7410888671875,
        85.73898315429688,
        85.73694392613002,
        85.73496900285993,
        85.73304312569755,
        85.73116738455636,
        85.72934068952289,
        85.72755541120257,
        85.72581590924945,
        85.72410583496094,
        85.7224349975586,
        85.7208001273019,
        85.71919468470982,
        85.71762084960938,
        85.71607099260602,
        85.7145494733538,
        85.71304975237165,
        85.71157618931362,
        85.71012551443917,
        85.70869663783482,
        85.70728519984654,
        85.70589882986886,
        85.70452662876674,
        85.70316968645368,
        85.70183345249721,
        85.7005135672433,
        85.69921112060547,
        85.69792066301618,
        85.69664546421596,
        85.6953855242048,
        85.56029946463448,
        85.41897256033761,
        85.30478886195591,
        85.22335597446987,
        85.16770826067243,
        85.12588391985211,
        85.08567374093192,
        85.0411627633231,
        84.99878474644252
    ],