{
    "testproblem": "quadratic_deep",
    "batch_size": 128,
    "num_epochs": 100,
    "random_seed": 42,
    "l2_reg": null,
    "optimizer_name": "NadamOptimizer",
    "optimizer_hyperparams": {
        "learning_rate": 0.001541273240760524,
        "beta1": 0.8952965454169649,
        "beta2": 0.8497643279779852,
        "epsilon": 1e-07
    },
    "training_params": {
        "lr_sched_epochs": null,
        "lr_sched_factors": null
    },
    "train_losses": [
        355.276114327567,
        338.6847839355469,
        325.7884085518973,
        313.61465890066967,
        301.9044756208147,
        290.5864955357143,
        279.6373726981027,
        269.0493948800223,
        258.81982421875,
        248.94750758579798,
        239.43126787458147,
        230.26947457449776,
        221.45989554268974,
        213.00000217982702,
        204.88746643066406,
        197.12000819614954,
        189.6946781703404,
        182.60681370326452,
        175.84955705915178,
        169.41590227399553,
        163.30107988630022,
        157.5025177001953,
        152.01871381487166,
        146.84844970703125,
        141.9905024937221,
        137.44354901994978,
        133.2062050955636,
        129.2770058768136,
        125.65420423235211,
        122.33555930001395,
        119.31803240094867,
        116.59740447998047,
        114.16817910330636,
        112.02464185442243,
        110.16124180385044,
        108.5718525477818,
        107.24837820870536,
        106.17881447928292,
        105.3445576259068,
        104.71617017473493,
        104.25472368512835,
        103.90870230538505,
        103.61926378522601,
        103.34737614222935,
        103.07965196881976,
        102.81438337053571,
        102.55233001708984,
        102.29381343296596,
        102.03872789655414,
        101.78692626953125,
        101.53835732596261,
        101.29301125662667,
        101.0509033203125,
        100.81202479771206,
        100.57637132917132,
        100.34391021728516,
        100.11463056291852,
        99.88848876953125,
        99.66545758928571,
        99.4455086844308,
        99.22859518868583,
        99.0146974836077,
        98.80377960205078,
        98.59580448695591,
        98.39075578962054,
        98.18859536307198,
        97.98929050990513,
        97.79281507219586,
        97.59914180210659,
        97.40823909214565,
        97.22007642473493,
        97.03462873186383,
        96.85186113630023,
        96.67174857003349,
        96.49426160539899,
        96.31936754499164,
        96.14704132080078,
        95.97725895472935,
        95.80997903006417,
        95.64518519810268,
        95.48285239083427,
        95.32293592180524,
        95.16542271205357,
        95.01027570452008,
        94.85747528076172,
        94.7069843837193,
        94.55878666469029,
        94.41284724644252,
        94.2691399710519,
        94.1276375906808,
        93.98831830705915,
        93.85115051269531,
        93.71610695975167,
        93.58316584995815,
        93.45229666573661,
        93.32347433907645,
        93.19667053222656,
        93.07187107631138,
        92.94903237479073,
        92.82814243861607,
        92.70916748046875
    ],
    "valid_losses": [
        353.8127659388951,
        337.3420104980469,
        324.5381774902344,
        312.4537615094866,
        300.83154732840404,
        289.60056849888394,
        278.737548828125,
        268.234619140625,
        258.08902631487166,
        248.2993425641741,
        238.8641836983817,
        229.78148106166296,
        221.04861450195312,
        212.66297476632255,
        204.62238202776228,
        196.92456708635603,
        189.5661882672991,
        182.54159109933036,
        175.84288024902344,
        169.46285138811385,
        163.39730616978235,
        157.64427839006697,
        152.20274353027344,
        147.07174028669084,
        142.2502179827009,
        137.73697989327567,
        133.5308096749442,
        129.63041251046317,
        126.034181867327,
        122.7400883265904,
        119.74546377999442,
        117.04673985072544,
        114.63907950265067,
        112.51705496651786,
        110.67513384137835,
        109.10719299316406,
        107.80513654436383,
        106.75689915248326,
        105.9437255859375,
        105.33542742047992,
        104.89164079938617,
        104.56006295340401,
        104.28132847377232,
        104.01614597865513,
        103.75159672328404,
        103.48720441545758,
        103.22490583147321,
        102.96583557128906,
        102.7103271484375,
        102.45839582170758,
        102.20997946602958,
        101.96500287737165,
        101.72339521135602,
        101.48508017403739,
        101.25001634870257,
        101.01815577915737,
        100.78946576799665,
        100.56390816824776,
        100.3414546421596,
        100.12206922258649,
        99.90572139195034,
        99.69237736293248,
        99.48201206752232,
        99.2745862688337,
        99.07007925851005,
        98.8684550694057,
        98.66969081333706,
        98.47374725341797,
        98.28060041155133,
        98.09022521972656,
        97.90258680071149,
        97.71765681675502,
        97.53540802001953,
        97.35580553327289,
        97.1788308279855,
        97.0044446672712,
        96.83262416294643,
        96.66333334786552,
        96.49655587332589,
        96.33225795200893,
        96.17041015625,
        96.01098087855748,
        95.85394832066127,
        95.69928196498326,
        95.54695674351284,
        95.39694322858539,
        95.24920981270927,
        95.10373905726841,
        94.96049172537667,
        94.81945255824498,
        94.6805910382952,
        94.5438722882952,
        94.40928322928292,
        94.2767835344587,
        94.14635576520648,
        94.01797158377511,
        93.89160592215401,
        93.7672348022461,
        93.6448233468192,
        93.52435738699776,
        93.40580749511719
    ],