{
    "testproblem": "quadratic_deep",
    "batch_size": 128,
    "num_epochs": 100,
    "random_seed": 42,
    "l2_reg": null,
    "optimizer_name": "GradientDescentOptimizer",
    "optimizer_hyperparams": {
        "learning_rate": 0.011648366185823001
    },
    "training_params": {
        "lr_sched_epochs": [
            1,
            2,
            3,
            4,
            5,
            6,
            7,
            8,
            9,
            10,
            11,
            12,
            13,
            14,
            15,
            16,
            17,
            18,
            19,
            20,
            21,
            22,
            23,
            24,
            25,
            26,
            27,
            28,
            29,
            30,
            31,
            32,
            33,
            34,
            35,
            36,
            37,
            38,
            39,
            40,
            41,
            42,
            43,
            44,
            45,
            46,
            47,
            48,
            49,
            50,
            51,
            52,
            53,
            54,
            55,
            56,
            57,
            58,
            59,
            60,
            61,
            62,
            63,
            64,
            65,
            66,
            67,
            68,
            69,
            70,
            71,
            72,
            73,
            74,
            75,
            76,
            77,
            78,
            79,
            80,
            81,
            82,
            83,
            84,
            85,
            86,
            87,
            88,
            89,
            90,
            91,
            92,
            93,
            94,
            95,
            96,
            97,
            98,
            99,
            100
        ],
        "lr_sched_factors": [
            0.9755282581475768,
            0.9045084971874737,
            0.7938926261462366,
            0.6545084971874737,
            0.5,
            0.34549150281252633,
            0.2061073738537635,
            0.09549150281252633,
            0.024471741852423234,
            1.0,
            0.9938441702975689,
            0.9755282581475768,
            0.9455032620941839,
            0.9045084971874737,
            0.8535533905932737,
            0.7938926261462366,
            0.7269952498697734,
            0.6545084971874737,
            0.5782172325201155,
            0.5,
            0.42178276747988447,
            0.34549150281252633,
            0.2730047501302266,
            0.2061073738537635,
            0.14644660940672627,
            0.09549150281252633,
            0.054496737905816106,
            0.024471741852423234,
            0.00615582970243117,
            1.0,
            0.998458666866564,
            0.9938441702975689,
            0.9861849601988383,
            0.9755282581475768,
            0.9619397662556434,
            0.9455032620941839,
            0.9263200821770461,
            0.9045084971874737,
            0.8802029828000155,
            0.8535533905932737,
            0.8247240241650917,
            0.7938926261462366,
            0.7612492823579744,
            0.7269952498697734,
            0.6913417161825449,
            0.6545084971874737,
            0.6167226819279528,
            0.5782172325201155,
            0.5392295478639225,
            0.5,
            0.4607704521360776,
            0.42178276747988447,
            0.38327731807204746,
            0.34549150281252633,
            0.30865828381745514,
            0.2730047501302266,
            0.2387507176420256,
            0.2061073738537635,
            0.17527597583490823,
            0.14644660940672627,
            0.11979701719998453,
            0.09549150281252633,
            0.07367991782295391,
            0.054496737905816106,
            0.03806023374435663,
            0.024471741852423234,
            0.013815039801161721,
            0.00615582970243117,
            0.001541333133436018,
            1.0,
            0.9996145181203615,
            0.998458666866564,
            0.9965342284774632,
            0.9938441702975689,
            0.9903926402016152,
            0.9861849601988383,
            0.9812276182268236,
            0.9755282581475768,
            0.9690956679612421,
            0.9619397662556434,
            0.9540715869125407,
            0.9455032620941839,
            0.9362480035363986,
            0.9263200821770461,
            0.9157348061512727,
            0.9045084971874737,
            0.8926584654403724,
            0.8802029828000155,
            0.8671612547178428,
            0.8535533905932737,
            0.839400372766471,
            0.8247240241650917,
            0.8095469746549171,
            0.7938926261462366,
            0.7777851165098011,
            0.7612492823579744,
            0.7443106207484775,
            0.7269952498697734,
            0.7093298687687141,
            0.6913417161825449
        ]
    },
    "train_losses": [
        355.276114327567,
        103.9945046561105,
        102.09211839948382,
        100.55048370361328,
        99.31973266601562,
        98.37950788225446,
        97.70181165422711,
        97.25365883963448,
        96.99483707972935,
        96.87728118896484,
        96.8473652430943,
        95.88881247384208,
        94.91480691092355,
        94.05742645263672,
        93.3092509678432,
        92.66068812779018,
        92.10188620431083,
        91.623293195452,
        91.21607099260602,
        90.87232644217355,
        90.58515276227679,
        90.34853254045758,
        90.15708814348493,
        90.00584847586495,
        89.89000265938895,
        89.80480412074498,
        89.74552917480469,
        89.70745849609375,
        89.68594469342914,
        89.67631530761719,
        89.67389569963727,
        89.4682137625558,
        89.15041024344308,
        88.86136845179966,
        88.59955814906529,
        88.36243547712054,
        88.14762224469867,
        87.95294189453125,
        87.77639988490513,
        87.61619894845145,
        87.47070748465401,
        87.3384780883789,
        87.2182148524693,
        87.10875592912946,
        87.00909205845424,
        86.91833169119698,
        86.83570316859654,
        86.76052638462612,
        86.69221496582031,
        86.6302730015346,
        86.57424817766461,
        86.5237568446568,
        86.47844478062221,
        86.43799918038505,
        86.40210941859654,
        86.37048993791852,
        86.34285518101284,
        86.3189195905413,
        86.29840850830078,
        86.28104073660714,
        86.26653725760323,
        86.25462232317243,
        86.24502345493862,
        86.23747144426618,
        86.23170907156808,
        86.2274889264788,
        86.22455705915179,
        86.22267586844308,
        86.22161974225726,
        86.2211412702288,
        86.22102464948382,
        86.30447169712612,
        86.24494280133929,
        86.18789672851562,
        86.13434273856026,
        86.08404758998326,
        86.03677150181362,
        85.99229649135044,
        85.9504165649414,
        85.91094752720424,
        85.87371172223773,
        85.83855547223773,
        85.8053207397461,
        85.77388327462333,
        85.74410465785435,
        85.71587589808873,
        85.6890847342355,
        85.66363198416573,
        85.63942500523159,
        85.61637878417969,
        85.59441593715123,
        85.5734634399414,
        85.55345480782645,
        85.53433009556362,
        85.51603589739118,
        85.49851771763393,
        85.48172869001117,
        85.46563175746373,
        85.45018550327846,
        85.43536267961774,
        85.42112731933594
    ],