{
    "testproblem": "quadratic_deep",
    "batch_size": 128,
    "num_epochs": 100,
    "random_seed": 43,
    "l2_reg": null,
    "optimizer_name": "AMSGrad",
    "optimizer_hyperparams": {
        "learning_rate": 0.03550012525851159,
        "beta1": 0.923994814689719,
        "beta2": 0.8884941523527812,
        "epsilon": 1e-08,
        "use_locking": false
    },
    "training_params": {
        "lr_sched_epochs": null,
        "lr_sched_factors": null
    },
    "train_losses": [
        353.2813415527344,
        149.65327889578683,
        106.85691397530692,
        117.11509268624442,
        114.98385402134487,
        104.35839516775948,
        99.18410055977958,
        98.77142333984375,
        98.28389086042132,
        96.75964028494698,
        95.42612893240792,
        94.6875,
        94.15874481201172,
        93.59262411934989,
        93.03895895821708,
        92.56820133754185,
        92.1660897391183,
        91.7972651890346,
        91.4520241873605,
        91.13424137660435,
        90.84359414236886,
        90.57526179722377,
        90.32544272286552,
        90.0924551827567,
        89.87497057233539,
        89.67149135044643,
        89.48060171944755,
        89.30112675258091,
        89.13207244873047,
        88.97256905691964,
        88.82183074951172,
        88.67915453229632,
        88.54390825544085,
        88.41553497314453,
        88.29352460588727,
        88.17742810930524,
        88.06683022635323,
        87.96134403773716,
        87.86065673828125,
        87.76443699428013,
        87.6724101475307,
        87.58431134905133,
        87.49991062709263,
        87.41898454938617,
        87.34132712227958,
        87.26675742013114,
        87.19509996686664,
        87.12620108468192,
        87.05990600585938,
        86.99607631138393,
        86.9345932006836,
        86.87532915387835,
        86.81817517961774,
        86.76302773611886,
        86.70978655133929,
        86.65836770193917,
        86.60867963518415,
        86.5606438773019,
        86.51418631417411,
        86.46923719133649,
        86.42572348458427,
        86.3835917881557,
        86.34277670724052,
        86.30322156633649,
        86.26488058907645,
        86.22769709995815,
        86.1916253226144,
        86.15661948067802,
        86.12264142717633,
        86.0896475655692,
        86.05760083879743,
        86.02646745954242,
        85.99620928083148,
        85.966794695173,
        85.93819100516183,
        85.91037314278739,
        85.88330623081752,
        85.85696956089565,
        85.83133588518415,
        85.80637577601841,
        85.78206852504185,
        85.75839669363839,
        85.73533521379743,
        85.7128655569894,
        85.69096156529018,
        85.66961560930524,
        85.64879390171596,
        85.62849426269531,
        85.60869598388672,
        85.58937508719308,
        85.57052830287388,
        85.55213274274554,
        85.53417859758649,
        85.5166495186942,
        85.49953896658761,
        85.48282623291016,
        85.4665025983538,
        85.45055716378349,
        85.43498120989118,
        85.41975511823382,
        85.40488106863839
    ],
    "valid_losses": [
        353.8127659388951,
        151.14097813197546,
        108.25257219587054,
        117.95406777518136,
        115.6378893171038,
        105.24331447056362,
        100.32169669015067,
        99.94967651367188,
        99.37127358572823,
        97.78629084995815,
        96.46692548479352,
        95.76165662493024,
        95.23876953125,
        94.65852682931083,
        94.09833526611328,
        93.63709477015904,
        93.24903651646206,
        92.88755144391742,
        92.54252406529018,
        92.22327314104352,
        91.9329354422433,
        91.66663142613002,
        91.41944885253906,
        91.1891860961914,
        90.97429656982422,
        90.77296011788505,
        90.58365631103516,
        90.40552193777901,
        90.23794882638114,
        90.08009774344308,
        89.93095288957868,
        89.78966086251395,
        89.65568542480469,
        89.52860913957868,
        89.4079360961914,
        89.29312242780414,
        89.18368203299386,
        89.07928248814174,
        88.97963496616909,
        88.88445608956474,
        88.79344831194196,
        88.7063228062221,
        88.62284633091518,
        88.54280090332031,
        88.46601104736328,
        88.39227076939174,
        88.32141658238002,
        88.25328172956195,
        88.1877201625279,
        88.12461526053292,
        88.06381552559989,
        88.00521523611886,
        87.94870104108539,
        87.89417266845703,
        87.84152657645089,
        87.79067993164062,
        87.74154663085938,
        87.6940449305943,
        87.64809962681362,
        87.60364532470703,
        87.56061553955078,
        87.5189437866211,
        87.47857339041573,
        87.43944985525948,
        87.40152086530414,
        87.36473519461495,
        87.3290514264788,
        87.29441833496094,
        87.26080213274274,
        87.22815268380302,
        87.19644274030414,
        87.16563088553292,
        87.13568333217076,
        87.10657174246651,
        87.07825469970703,
        87.05071912493024,
        87.023923601423,
        86.99784851074219,
        86.97246878487724,
        86.947751726423,
        86.92368752615792,
        86.9002434866769,
        86.87740107945034,
        86.85514286586216,
        86.8334470476423,
        86.81229836600167,
        86.79167066301618,
        86.7715563092913,
        86.75193459647042,
        86.73279462541852,
        86.71411459786552,
        86.69588361467633,
        86.67808750697544,
        86.66071428571429,
        86.64374324253627,
        86.62717546735492,
        86.61099243164062,
        86.59518214634487,
        86.5797348022461,
        86.56463950020927,
        86.54988316127232
    ],