{
    "testproblem": "quadratic_deep",
    "batch_size": 128,
    "num_epochs": 100,
    "random_seed": 42,
    "l2_reg": null,
    "optimizer_name": "LookaheadOptimizerMBGDMomentum",
    "optimizer_hyperparams": {
        "learning_rate": 0.0010842262717330158,
        "momentum": 0.955322471820261,
        "use_nesterov": false,
        "k": 2,
        "alpha": 0.005019072833961315,
        "use_locking": false
    },
    "training_params": {
        "lr_sched_epochs": null,
        "lr_sched_factors": null
    },
    "train_losses": [
        355.276114327567,
        354.5521676199777,
        352.06848580496654,
        348.15408761160717,
        151.95206778390067,
        338.72143990652904,
        124.42525046212333,
        327.05999755859375,
        113.1204081944057,
        314.12376621791293,
        109.71126883370536,
        300.6116289411272,
        109.80223192487445,
        287.0208958217076,
        111.15820639474052,
        273.6941877092634,
        112.71012660435268,
        260.85838535853793,
        253.79696219308036,
        246.95496477399553,
        115.14529854910714,
        235.55568150111608,
        229.37727791922433,
        115.6850084577288,
        219.16256495884485,
        115.55490330287388,
        209.7008819580078,
        115.21907915387835,
        200.9660862513951,
        114.74198259626117,
        192.92306082589286,
        114.17581612723214,
        185.5315922328404,
        113.56078120640346,
        178.7490495954241,
        112.92659323556083,
        172.53231811523438,
        112.29445321219308,
        166.83893040248327,
        111.67891584123883,
        161.62799290248327,
        111.08947317940849,
        156.8606698172433,
        110.53187888009208,
        152.50040326799666,
        110.00919233049665,
        148.51306370326452,
        109.52257428850446,
        144.86700221470423,
        109.07186344691685,
        141.53296770368303,
        108.65601893833706,
        138.48404366629464,
        108.273439679827,
        135.69550214494978,
        107.92221287318638,
        133.14466639927454,
        107.6002426147461,
        130.81080409458704,
        129.56562696184432,
        128.38003649030412,
        107.07636369977679,
        126.44444165910993,
        125.41190229143415,
        106.71005575997489,
        123.72589983258929,
        106.47131238664899,
        122.1829812186105,
        106.25851876395089,
        120.77020154680524,
        120.01557268415179,
        106.00063759940011,
        118.7820314679827,
        118.12296513148716,
        117.49462018694196,
        105.71130698067802,
        116.46750313895089,
        105.55409131731305,
        115.52613285609654,
        105.4159164428711,
        114.66265542166573,
        105.29298400878906,
        113.87002672467914,
        105.1825190952846,
        113.14192635672433,
        105.08245522635323,
        112.47266496930804,
        104.99120112827846,
        111.85708727155414,
        104.9075208391462,
        111.29052843366351,
        104.83041490827289,
        110.76876504080636,
        104.75904955182757,
        110.28794969831195,
        110.02957262311664,
        104.67349025181362,
        109.60508946010044,
        104.60884857177734,
        109.21361650739398,
        104.54954201834542
    ],
    "valid_losses": [
        353.8127659388951,
        353.09242030552457,
        350.6207842145647,
        346.72544642857144,
        151.8754643031529,
        337.3394470214844,
        124.75245121547154,
        325.737069266183,
        113.74482182094029,
        312.86815970284596,
        110.55179704938617,
        299.42852783203125,
        110.79730660574776,
        285.91312517438615,
        112.26121085030692,
        272.6629159109933,
        113.8858642578125,
        259.9034641810826,
        252.88524082728796,
        246.08592006138392,
        116.39300210135323,
        234.7598833356585,
        228.62236894880022,
        116.94302368164062,
        218.47732761928015,
        116.80895233154297,
        209.082759312221,
        116.46270969935826,
        200.41240583147322,
        115.97065189906529,
        192.43107386997767,
        115.38640703473773,
        185.09854343959265,
        114.75125449044364,
        178.37219892229353,
        114.09572383335659,
        172.208984375,
        113.44161333356585,
        166.56649562290735,
        112.80392020089286,
        161.40394592285156,
        112.19246564592633,
        156.68255615234375,
        111.61323656354632,
        152.3658905029297,
        111.06945909772601,
        148.41991315569197,
        110.56240408761161,
        144.81307765415735,
        110.09197998046875,
        141.51622881208147,
        109.65719713483539,
        138.50254821777344,
        109.25648171561105,
        135.74739946637834,
        108.88791983468192,
        133.2281995500837,
        108.54941122872489,
        130.924320765904,
        129.69551413399833,
        128.52576664515905,
        107.98943328857422,
        126.6167471749442,
        125.5987309047154,
        107.60062517438617,
        123.93710327148438,
        107.34978703090123,
        122.41729191371373,
        107.12532806396484,
        121.0264162336077,
        120.28375571114677,
        106.84828839983258,
        119.07028307233539,
        118.42218017578125,
        117.80443137032645,
        106.53467341831752,
        116.79510280064174,
        106.36906215122768,
        115.87061636788505,
        106.22269875662667,
        115.02315303257534,
        106.09182303292411,
        114.24570901053292,
        105.9737047467913,
        113.53200095040458,
        105.86629486083984,
        112.87638310023716,
        105.7680195399693,
        112.27373395647321,
        105.67762865339007,
        111.71942465645927,
        105.59412493024554,
        111.20926121303013,
        105.51668330601284,
        110.73943764822823,
        110.48704528808594,
        105.42041778564453,
        110.07259477887835,
        105.35088675362724,
        109.69063895089286,
        105.28685978480748
    ],