{
    "testproblem": "mnist_vae",
    "batch_size": 64,
    "num_epochs": 50,
    "random_seed": 42,
    "l2_reg": null,
    "optimizer_name": "RMSPropOptimizer",
    "optimizer_hyperparams": {
        "learning_rate": 0.12130221181165154,
        "decay": 0.9905554257450164,
        "momentum": 0.0,
        "epsilon": 1e-10,
        "use_locking": false,
        "centered": false
    },
    "training_params": {
        "lr_sched_epochs": null,
        "lr_sched_factors": null
    },
    "train_losses": [
        181.38856447660007,
        181.38856447660007,
        181.38856447660007,
        181.38856447660007,
        181.38856447660007,
        181.38856447660007,
        181.38856447660007,
        181.38856447660007,
        181.38856447660007,
        181.38856447660007,
        181.38856447660007,
        181.38856447660007,
        181.38856447660007,
        181.38856447660007,
        181.38856447660007,
        181.38856447660007,
        181.38856447660007,
        181.38856447660007,
        181.38856447660007,
        181.38856447660007,
        181.38856447660007,
        181.38856447660007,
        181.38856447660007,
        181.38856447660007,
        181.38856447660007,
        181.38856447660007,
        181.38856447660007,
        181.38856447660007,
        181.38856447660007,
        181.38856447660007,
        181.38856447660007,
        181.38856447660007,
        181.38856447660007,
        181.38856447660007,
        181.38856447660007,
        181.38856447660007,
        181.38856447660007,
        181.38856447660007,
        181.38856447660007,
        181.38856447660007,
        181.38856447660007,
        181.38856447660007,
        181.38856447660007,
        181.38856447660007,
        181.38856447660007,
        181.38856447660007,
        181.38856447660007,
        181.38856447660007,
        181.38856447660007,
        181.38856447660007,
        181.38856447660007
    ],
    "valid_losses": [
        181.33862510094275,
        181.33862510094275,
        181.33862510094275,
        181.33862510094275,
        181.33862510094275,
        181.33862510094275,
        181.33862510094275,
        181.33862510094275,
        181.33862510094275,
        181.33862510094275,
        181.33862510094275,
        181.33862510094275,
        181.33862510094275,
        181.33862510094275,
        181.33862510094275,
        181.33862510094275,
        181.33862510094275,
        181.33862510094275,
        181.33862510094275,
        181.33862510094275,
        181.33862510094275,
        181.33862510094275,
        181.33862510094275,
        181.33862510094275,
        181.33862510094275,
        181.33862510094275,
        181.33862510094275,
        181.33862510094275,
        181.33862510094275,
        181.33862510094275,
        181.33862510094275,
        181.33862510094275,
        181.33862510094275,
        181.33862510094275,
        181.33862510094275,
        181.33862510094275,
        181.33862510094275,
        181.33862510094275,
        181.33862510094275,
        181.33862510094275,
        181.33862510094275,
        181.33862510094275,
        181.33862510094275,
        181.33862510094275,
        181.33862510094275,
        181.33862510094275,
        181.33862510094275,
        181.33862510094275,
        181.33862510094275,
        181.33862510094275,
        181.33862510094275
    ],
    "test_losses": [
        181.40226100041315,
        181.40226100041315,
        181.40226100041315,
        181.40226100041315,
        181.40226100041315,
        181.40226100041315,
        181.40226100041315,
        181.40226100041315,
        181.40226100041315,
        181.40226100041315,
        181.40226100041315,
        181.40226100041315,
        181.40226100041315,
        181.40226100041315,
        181.40226100041315,
        181.40226100041315,
        181.40226100041315,
        181.40226100041315,
        181.40226100041315,
        181.40226100041315,
        181.40226100041315,
        181.40226100041315,
        181.40226100041315,
        181.40226100041315,
        181.40226100041315,
        181.40226100041315,
        181.40226100041315,
        181.40226100041315,
        181.40226100041315,
        181.40226100041315,
        181.40226100041315,
        181.40226100041315,
        181.40226100041315,
        181.40226100041315,
        181.40226100041315,
        181.40226100041315,
        181.40226100041315,
        181.40226100041315,
        181.40226100041315,
        181.40226100041315,
        181.40226100041315,
        181.40226100041315,
        181.40226100041315,
        181.40226100041315,
        181.40226100041315,
        181.40226100041315,
        181.40226100041315,
        181.40226100041315,
        181.40226100041315,
        181.40226100041315,
        181.40226100041315
    ],