{
    "testproblem": "fmnist_vae",
    "batch_size": 64,
    "num_epochs": 100,
    "random_seed": 42,
    "l2_reg": null,
    "optimizer_name": "AdaBoundOptimizer",
    "optimizer_hyperparams": {
        "learning_rate": 0.3060852210672247,
        "final_lr": 0.14760835337542907,
        "beta1": 0.5689542718995396,
        "beta2": 0.9754503448163554,
        "gamma": 0.00414979578989159,
        "epsilon": 1e-08,
        "amsbound": false,
        "use_locking": false
    },
    "training_params": {
        "lr_sched_epochs": [],
        "lr_sched_factors": []
    },
    "train_losses": [
        133.51027958209698,
        133.51027958209698,
        133.51027958209698,
        133.51027958209698,
        133.51027958209698,
        133.51027958209698,
        133.51027958209698,
        133.51027958209698,
        133.51027958209698,
        133.51027958209698,
        133.51027958209698,
        133.51027958209698,
        133.51027958209698,
        133.51027958209698,
        133.51027958209698,
        133.51027958209698,
        133.51027958209698,
        133.51027958209698,
        133.51027958209698,
        133.51027958209698,
        133.51027958209698,
        133.51027958209698,
        133.51027958209698,
        133.51027958209698,
        133.51027958209698,
        133.51027958209698,
        133.51027958209698,
        133.51027958209698,
        133.51027958209698,
        133.51027958209698,
        133.51027958209698,
        133.51027958209698,
        133.51027958209698,
        133.51027958209698,
        133.51027958209698,
        133.51027958209698,
        133.51027958209698,
        133.51027958209698,
        133.51027958209698,
        133.51027958209698,
        133.51027958209698,
        133.51027958209698,
        133.51027958209698,
        133.51027958209698,
        133.51027958209698,
        133.51027958209698,
        133.51027958209698,
        133.51027958209698,
        133.51027958209698,
        133.51027958209698,
        133.51027958209698,
        133.51027958209698,
        133.51027958209698,
        133.51027958209698,
        133.51027958209698,
        133.51027958209698,
        133.51027958209698,
        133.51027958209698,
        133.51027958209698,
        133.51027958209698,
        133.51027958209698,
        133.51027958209698,
        133.51027958209698,
        133.51027958209698,
        133.51027958209698,
        133.51027958209698,
        133.51027958209698,
        133.51027958209698,
        133.51027958209698,
        133.51027958209698,
        133.51027958209698,
        133.51027958209698,
        133.51027958209698,
        133.51027958209698,
        133.51027958209698,
        133.51027958209698,
        133.51027958209698,
        133.51027958209698,
        133.51027958209698,
        133.51027958209698,
        133.51027958209698,
        133.51027958209698,
        133.51027958209698,
        133.51027958209698,
        133.51027958209698,
        133.51027958209698,
        133.51027958209698,
        133.51027958209698,
        133.51027958209698,
        133.51027958209698,
        133.51027958209698,
        133.51027958209698,
        133.51027958209698,
        133.51027958209698,
        133.51027958209698,
        133.51027958209698,
        133.51027958209698,
        133.51027958209698,
        133.51027958209698,
        133.51027958209698,
        133.51027958209698
    ],
    "valid_losses": [
        134.02608338380472,
        134.02608338380472,
        134.02608338380472,
        134.02608338380472,
        134.02608338380472,
        134.02608338380472,
        134.02608338380472,
        134.02608338380472,
        134.02608338380472,
        134.02608338380472,
        134.02608338380472,
        134.02608338380472,
        134.02608338380472,
        134.02608338380472,
        134.02608338380472,
        134.02608338380472,
        134.02608338380472,
        134.02608338380472,
        134.02608338380472,
        134.02608338380472,
        134.02608338380472,
        134.02608338380472,
        134.02608338380472,
        134.02608338380472,
        134.02608338380472,
        134.02608338380472,
        134.02608338380472,
        134.02608338380472,
        134.02608338380472,
        134.02608338380472,
        134.02608338380472,
        134.02608338380472,
        134.02608338380472,
        134.02608338380472,
        134.02608338380472,
        134.02608338380472,
        134.02608338380472,
        134.02608338380472,
        134.02608338380472,
        134.02608338380472,
        134.02608338380472,
        134.02608338380472,
        134.02608338380472,
        134.02608338380472,
        134.02608338380472,
        134.02608338380472,
        134.02608338380472,
        134.02608338380472,
        134.02608338380472,
        134.02608338380472,
        134.02608338380472,
        134.02608338380472,
        134.02608338380472,
        134.02608338380472,
        134.02608338380472,
        134.02608338380472,
        134.02608338380472,
        134.02608338380472,
        134.02608338380472,
        134.02608338380472,
        134.02608338380472,
        134.02608338380472,
        134.02608338380472,
        134.02608338380472,
        134.02608338380472,
        134.02608338380472,
        134.02608338380472,
        134.02608338380472,
        134.02608338380472,
        134.02608338380472,
        134.02608338380472,
        134.02608338380472,
        134.02608338380472,
        134.02608338380472,
        134.02608338380472,
        134.02608338380472,
        134.02608338380472,
        134.02608338380472,
        134.02608338380472,
        134.02608338380472,
        134.02608338380472,
        134.02608338380472,
        134.02608338380472,
        134.02608338380472,
        134.02608338380472,
        134.02608338380472,
        134.02608338380472,
        134.02608338380472,
        134.02608338380472,
        134.02608338380472,
        134.02608338380472,
        134.02608338380472,
        134.02608338380472,
        134.02608338380472,
        134.02608338380472,
        134.02608338380472,
        134.02608338380472,
        134.02608338380472,
        134.02608338380472,
        134.02608338380472,
        134.02608338380472
    ],