{
    "testproblem": "mnist_vae",
    "batch_size": 64,
    "num_epochs": 50,
    "random_seed": 42,
    "l2_reg": null,
    "optimizer_name": "AdaBoundOptimizer",
    "optimizer_hyperparams": {
        "learning_rate": 0.5778755734457454,
        "final_lr": 0.37553742955749475,
        "beta1": 0.9418479346603865,
        "beta2": 0.8685787695645762,
        "gamma": 0.00011126788925493282,
        "epsilon": 1e-08,
        "amsbound": false,
        "use_locking": false
    },
    "training_params": {
        "lr_sched_epochs": [],
        "lr_sched_factors": []
    },
    "train_losses": [
        181.38856408534906,
        181.38856408534906,
        181.38856408534906,
        181.38856408534906,
        181.38856408534906,
        181.38856408534906,
        181.38856408534906,
        181.38856408534906,
        181.38856408534906,
        181.38856408534906,
        181.38856408534906,
        181.38856408534906,
        181.38856408534906,
        181.38856408534906,
        181.38856408534906,
        181.38856408534906,
        181.38856408534906,
        181.38856408534906,
        181.38856408534906,
        181.38856408534906,
        181.38856408534906,
        181.38856408534906,
        181.38856408534906,
        181.38856408534906,
        181.38856408534906,
        181.38856408534906,
        181.38856408534906,
        181.38856408534906,
        181.38856408534906,
        181.38856408534906,
        181.38856408534906,
        181.38856408534906,
        181.38856408534906,
        181.38856408534906,
        181.38856408534906,
        181.38856408534906,
        181.38856408534906,
        181.38856408534906,
        181.38856408534906,
        181.38856408534906,
        181.38856408534906,
        181.38856408534906,
        181.38856408534906,
        181.38856408534906,
        181.38856408534906,
        181.38856408534906,
        181.38856408534906,
        181.38856408534906,
        181.38856408534906,
        181.38856408534906,
        181.38856408534906
    ],
    "valid_losses": [
        181.3386255900065,
        181.3386255900065,
        181.3386255900065,
        181.3386255900065,
        181.3386255900065,
        181.3386255900065,
        181.3386255900065,
        181.3386255900065,
        181.3386255900065,
        181.3386255900065,
        181.3386255900065,
        181.3386255900065,
        181.3386255900065,
        181.3386255900065,
        181.3386255900065,
        181.3386255900065,
        181.3386255900065,
        181.3386255900065,
        181.3386255900065,
        181.3386255900065,
        181.3386255900065,
        181.3386255900065,
        181.3386255900065,
        181.3386255900065,
        181.3386255900065,
        181.3386255900065,
        181.3386255900065,
        181.3386255900065,
        181.3386255900065,
        181.3386255900065,
        181.3386255900065,
        181.3386255900065,
        181.3386255900065,
        181.3386255900065,
        181.3386255900065,
        181.3386255900065,
        181.3386255900065,
        181.3386255900065,
        181.3386255900065,
        181.3386255900065,
        181.3386255900065,
        181.3386255900065,
        181.3386255900065,
        181.3386255900065,
        181.3386255900065,
        181.3386255900065,
        181.3386255900065,
        181.3386255900065,
        181.3386255900065,
        181.3386255900065,
        181.3386255900065
    ],
    "test_losses": [
        181.40226070697491,
        181.40226070697491,
        181.40226070697491,
        181.40226070697491,
        181.40226070697491,
        181.40226070697491,
        181.40226070697491,
        181.40226070697491,
        181.40226070697491,
        181.40226070697491,
        181.40226070697491,
        181.40226070697491,
        181.40226070697491,
        181.40226070697491,
        181.40226070697491,
        181.40226070697491,
        181.40226070697491,
        181.40226070697491,
        181.40226070697491,
        181.40226070697491,
        181.40226070697491,
        181.40226070697491,
        181.40226070697491,
        181.40226070697491,
        181.40226070697491,
        181.40226070697491,
        181.40226070697491,
        181.40226070697491,
        181.40226070697491,
        181.40226070697491,
        181.40226070697491,
        181.40226070697491,
        181.40226070697491,
        181.40226070697491,
        181.40226070697491,
        181.40226070697491,
        181.40226070697491,
        181.40226070697491,
        181.40226070697491,
        181.40226070697491,
        181.40226070697491,
        181.40226070697491,
        181.40226070697491,
        181.40226070697491,
        181.40226070697491,
        181.40226070697491,
        181.40226070697491,
        181.40226070697491,
        181.40226070697491,
        181.40226070697491,
        181.40226070697491
    ],