{
    "testproblem": "quadratic_deep",
    "batch_size": 128,
    "num_epochs": 100,
    "random_seed": 42,
    "l2_reg": null,
    "optimizer_name": "AMSBoundOptimizer",
    "optimizer_hyperparams": {
        "learning_rate": 0.0007914091959657685,
        "final_lr": 0.041492215027359676,
        "beta1": 0.5235669322905956,
        "beta2": 0.9724184018218175,
        "gamma": 0.000497273795754027,
        "epsilon": 1e-08,
        "amsbound": true,
        "use_locking": false
    },
    "training_params": {
        "lr_sched_epochs": [
            1,
            2,
            3,
            4,
            5,
            6,
            7,
            8,
            9,
            10,
            11,
            12,
            13,
            14,
            15,
            16,
            17,
            18,
            19,
            20,
            21,
            22,
            23,
            24,
            25,
            26,
            27,
            28,
            29,
            30,
            31,
            32,
            33,
            34,
            35,
            36,
            37,
            38,
            39,
            40,
            41,
            42,
            43,
            44,
            45,
            46,
            47,
            48,
            49,
            50,
            51,
            52,
            53,
            54,
            55,
            56,
            57,
            58,
            59,
            60,
            61,
            62,
            63,
            64,
            65,
            66,
            67,
            68,
            69,
            70,
            71,
            72,
            73,
            74,
            75,
            76,
            77,
            78,
            79,
            80,
            81,
            82,
            83,
            84,
            85,
            86,
            87,
            88,
            89,
            90,
            91,
            92,
            93,
            94,
            95,
            96,
            97,
            98,
            99,
            100
        ],
        "lr_sched_factors": [
            0.1,
            0.2,
            0.3,
            0.4,
            0.5,
            0.6,
            0.7,
            0.8,
            0.9,
            1.0,
            1.0,
            1.0,
            1.0,
            1.0,
            1.0,
            1.0,
            1.0,
            1.0,
            1.0,
            1.0,
            1.0,
            1.0,
            1.0,
            1.0,
            1.0,
            1.0,
            1.0,
            1.0,
            1.0,
            1.0,
            1.0,
            1.0,
            1.0,
            1.0,
            1.0,
            1.0,
            1.0,
            1.0,
            1.0,
            1.0,
            1.0,
            1.0,
            1.0,
            1.0,
            1.0,
            1.0,
            1.0,
            1.0,
            1.0,
            1.0,
            1.0,
            1.0,
            1.0,
            1.0,
            1.0,
            1.0,
            1.0,
            1.0,
            1.0,
            1.0,
            1.0,
            1.0,
            1.0,
            1.0,
            1.0,
            1.0,
            1.0,
            1.0,
            1.0,
            1.0,
            1.0,
            1.0,
            1.0,
            1.0,
            1.0,
            1.0,
            1.0,
            1.0,
            1.0,
            1.0,
            1.0,
            1.0,
            1.0,
            1.0,
            1.0,
            1.0,
            1.0,
            1.0,
            1.0,
            1.0,
            0.9090909090909091,
            0.8181818181818181,
            0.7272727272727273,
            0.6363636363636364,
            0.5454545454545454,
            0.4545454545454546,
            0.36363636363636365,
            0.2727272727272727,
            0.18181818181818177,
            0.09090909090909094
        ]
    },
    "train_losses": [
        355.276114327567,
        341.9391392299107,
        309.3744899204799,
        265.26860482352123,
        219.28745814732142,
        179.16542053222656,
        148.86166381835938,
        128.67529514857702,
        116.64478302001953,
        110.1282490321568,
        106.84149496895927,
        105.22661590576172,
        104.38679831368583,
        103.87051064627511,
        103.47395978655133,
        103.11323874337333,
        102.75663757324219,
        102.39346531459263,
        102.02091544015067,
        101.63902609688895,
        101.24874986921039,
        100.85133361816406,
        100.44806235177177,
        100.0402330671038,
        99.62908063616071,
        99.21581922258649,
        98.80160413469586,
        98.38753836495536,
        97.97466605050224,
        97.56398337227958,
        97.15640367780414,
        96.75279562813895,
        96.35395268031529,
        95.96060834612165,
        95.57342856270927,
        95.19300951276507,
        94.8198972429548,
        94.45455932617188,
        94.09741755894252,
        93.74882180350167,
        93.40907069614956,
        93.07840946742466,
        92.75703866141183,
        92.4450912475586,
        92.14267185756138,
        91.84983934674945,
        91.56660788399833,
        91.29295894077846,
        91.02883802141461,
        90.77416120256696,
        90.52881622314453,
        90.29267338344029,
        90.06557028634208,
        89.84733472551618,
        89.6377705165318,
        89.43667166573661,
        89.2438245500837,
        89.05900246756417,
        88.88196127755302,
        88.71246773856026,
        88.55027553013393,
        88.3951394217355,
        88.24680982317243,
        88.10504259381976,
        87.96959032331195,
        87.84020887102399,
        87.71665518624442,
        87.59869602748326,
        87.4861090523856,
        87.378659929548,
        87.27612849644252,
        87.17830657958984,
        87.0849849155971,
        86.99596732003349,
        86.9110576084682,
        86.83006504603794,
        86.75282287597656,
        86.6791501726423,
        86.60888235909599,
        86.54186466761998,
        86.47794342041016,
        86.41698128836495,
        86.35882459368024,
        86.30335998535156,
        86.25044904436383,
        86.19997950962612,
        86.1518325805664,
        86.10590035574776,
        86.06208910260882,
        86.02028002057757,
        85.98039899553571,
        85.94234466552734,
        85.90603964669364,
        85.87140219552177,
        85.8383538382394,
        85.80682373046875,
        85.77674320765904,
        85.748046875,
        85.72066824776786,
        85.69454956054688,
        85.66963849748883
    ],