{
    "testproblem": "quadratic_deep",
    "batch_size": 128,
    "num_epochs": 100,
    "random_seed": 42,
    "l2_reg": null,
    "optimizer_name": "AdamOptimizer",
    "optimizer_hyperparams": {
        "learning_rate": 0.005762487216478597,
        "beta1": 0.5441028894764612,
        "beta2": 0.8930375422826754,
        "epsilon": 1e-08,
        "use_locking": false
    },
    "training_params": {
        "lr_sched_epochs": [],
        "lr_sched_factors": []
    },
    "train_losses": [
        278.30774361746654,
        242.4610137939453,
        212.65829249790735,
        188.22334507533483,
        168.42872183663505,
        152.7267586844308,
        140.66810389927454,
        131.83131626674108,
        125.76780591692243,
        121.94716535295758,
        119.72710200718471,
        118.42590876988002,
        117.50656999860492,
        116.69381168910435,
        115.9054936000279,
        115.13225664411273,
        114.37913077218192,
        113.6514391217913,
        112.95249394008091,
        112.28370339529855,
        111.64515141078404,
        111.03626687186105,
        110.45613861083984,
        109.9037584577288,
        109.37805720738002,
        108.8779787336077,
        108.40247562953404,
        107.95050702776227,
        107.5210712977818,
        107.11317443847656,
        106.72585623604911,
        106.35816846575055,
        106.00919778006417,
        105.6780537196568,
        105.36387852260044,
        105.06583622523716,
        104.78311702183315,
        104.51495034354073,
        104.26058850969586,
        104.0193099975586,
        103.79042053222656,
        103.5732661655971,
        103.36720929827008,
        103.17165265764508,
        102.9860120500837,
        102.80974578857422,
        102.64233071463448,
        102.48327091761998,
        102.33209555489677,
        102.18836430140904,
        102.05164773123605,
        101.92155456542969,
        101.79770878383091,
        101.67974853515625,
        101.56735120500836,
        101.46019308907645,
        101.35797882080078,
        101.26042938232422,
        101.16729082380023,
        101.07830810546875,
        100.99325016566685,
        100.91190665108817,
        100.83406611851284,
        100.7595443725586,
        100.68815176827567,
        100.61973571777344,
        100.55411747523716,
        100.4911640712193,
        100.43073054722377,
        100.37269047328404,
        100.31691087995257,
        100.26328713553292,
        100.21170479910714,
        100.1620592389788,
        100.11426435198102,
        100.06822422572544,
        100.0238516671317,
        99.98106929234096,
        99.93980189732143,
        99.89997972760882,
        99.86153411865234,
        99.82439858572823,
        99.78852190290179,
        99.75384303501674,
        99.7203129359654,
        99.68787166050502,
        99.65647888183594,
        99.62609318324498,
        99.59666878836495,
        99.5681621006557,
        99.54054151262555,
        99.51376342773438,
        99.48779950823102,
        99.46261378696987,
        99.43817792619977,
        99.41446140834263,
        99.39143589564732,
        99.36907849993024,
        99.34735652378627,
        99.32625470842633,
        99.30574253627232
    ],
    "valid_losses": [
        276.63147408621654,
        241.19852556501115,
        211.76053510393416,
        187.65315464564733,
        168.1573202950614,
        152.7275630405971,
        140.91392953055245,
        132.29399980817522,
        126.42067609514508,
        122.76673889160156,
        120.68892778669085,
        119.49923161097935,
        118.65583147321429,
        117.88542829241071,
        117.11712428501674,
        116.35393742152623,
        115.60707637241909,
        114.8840560913086,
        114.18902587890625,
        113.52371651785714,
        112.88836887904576,
        112.282472882952,
        111.7051751273019,
        111.15548924037388,
        110.63237544468471,
        110.13477979387555,
        109.66166687011719,
        109.21200452532086,
        108.78478458949498,
        108.37902178083148,
        107.99375697544643,
        107.62805066789899,
        107.2809807913644,
        106.95167541503906,
        106.63926369803292,
        106.34291185651507,
        106.06182425362724,
        105.79522487095424,
        105.54236166817802,
        105.30252075195312,
        105.07501111711774,
        104.8591799054827,
        104.65439060756138,
        104.46004595075335,
        104.27556501116071,
        104.10040828159877,
        103.93405151367188,
        103.7760031563895,
        103.62579236711774,
        103.4829842703683,
        103.34714617047992,
        103.21789223807198,
        103.09484318324498,
        102.97764914376395,
        102.865966796875,
        102.75950295584542,
        102.65794154575893,
        102.56101662772042,
        102.46846553257534,
        102.38004738943917,
        102.2955300467355,
        102.21468789236886,
        102.13732801164899,
        102.06325857979911,
        101.99230521065849,
        101.92428806849888,
        101.85906219482422,
        101.79647173200335,
        101.73638371058873,
        101.67867170061383,
        101.62319837297711,
        101.56986672537667,
        101.518556867327,
        101.46917288643974,
        101.42162105015346,
        101.37580217633929,
        101.33164433070591,
        101.28906576974052,
        101.24798148018974,
        101.20833369663784,
        101.17005266462054,
        101.13307625906808,
        101.0973390851702,
        101.06278991699219,
        101.02937970842633,
        100.99705178397042,
        100.96576363699776,
        100.93547058105469,
        100.9061301095145,
        100.87770407540458,
        100.85015324183873,
        100.82344055175781,
        100.7975343976702,
        100.77239881243024,
        100.74800763811383,
        100.72432817731585,
        100.70133863176618,
        100.67900739397321,
        100.65730830601284,
        100.63622174944196,
        100.61572374616351
    ],