{
    "testproblem": "quadratic_deep",
    "batch_size": 128,
    "num_epochs": 100,
    "random_seed": 42,
    "l2_reg": null,
    "optimizer_name": "RMSPropOptimizer",
    "optimizer_hyperparams": {
        "learning_rate": 0.017282386396417958,
        "decay": 0.9011288828236977,
        "momentum": 0.0,
        "epsilon": 1e-10,
        "use_locking": false,
        "centered": false
    },
    "training_params": {
        "lr_sched_epochs": null,
        "lr_sched_factors": null
    },
    "train_losses": [
        355.276114327567,
        172.7830069405692,
        126.87398747035435,
        110.02815682547433,
        104.38187844412667,
        102.20879364013672,
        100.64187622070312,
        99.12293134416852,
        97.64016396658761,
        96.23296138218471,
        94.93491690499442,
        93.76641300746373,
        92.73383549281529,
        91.83247484479632,
        91.05114419119698,
        90.37612479073661,
        89.79357583182198,
        89.29063088553292,
        88.85579681396484,
        88.47903006417411,
        88.1516581944057,
        87.86627742222377,
        87.61659894670758,
        87.39732142857143,
        87.20398603166852,
        87.03285217285156,
        86.8807874407087,
        86.74517168317523,
        86.623781476702,
        86.51478467668805,
        86.41659545898438,
        86.32789066859654,
        86.2475357055664,
        86.17456817626953,
        86.10815102713448,
        86.04756818498883,
        85.99219185965401,
        85.94148690359933,
        85.89498138427734,
        85.85225350516183,
        85.8129403250558,
        85.77671160016742,
        85.74328068324498,
        85.71239907400948,
        85.68383462088448,
        85.65737806047711,
        85.63285609654018,
        85.61009107317243,
        85.5889391217913,
        85.56927381243024,
        85.55096544538226,
        85.53390175955636,
        85.5179922921317,
        85.50314113071987,
        85.48926544189453,
        85.47629111153739,
        85.46414947509766,
        85.45277295793805,
        85.4421136038644,
        85.43211473737445,
        85.42272186279297,
        85.41390010288784,
        85.40560477120536,
        85.39780099051339,
        85.39044516427177,
        85.38351876395089,
        85.37698582240513,
        85.37081800188336,
        85.364992414202,
        85.35949053083148,
        85.35428728376117,
        85.349363054548,
        85.34469495500836,
        85.34027426583427,
        85.3360824584961,
        85.3321053641183,
        85.32832554408482,
        85.32473863874164,
        85.32132829938617,
        85.31808144705636,
        85.31499372209821,
        85.31204768589565,
        85.30924333844867,
        85.3065686907087,
        85.30401502336774,
        85.30158015659877,
        85.29925210135323,
        85.29702540806362,
        85.29490116664341,
        85.29286520821708,
        85.29091535295758,
        85.28904833112445,
        85.2872554234096,
        85.2855464390346,
        85.28389630998883,
        85.28231920514789,
        85.28079768589565,
        85.2793437412807,
        85.27794211251395,
        85.27659606933594,
        85.27530234200614
    ],
    "valid_losses": [
        353.8127659388951,
        172.6854705810547,
        127.16810716901507,
        110.51608167375836,
        104.9752676827567,
        102.85403333391461,
        101.3098624093192,
        99.8032706124442,
        98.33018602643695,
        96.93122318812779,
        95.64025442940849,
        94.47806004115513,
        93.45119912283761,
        92.55498395647321,
        91.77821132114956,
        91.10723005022321,
        90.52825600760323,
        90.02847181047711,
        89.59643227713448,
        89.2221200125558,
        88.89690617152623,
        88.61341203962054,
        88.36538260323661,
        88.1475350516183,
        87.95544324602399,
        87.78539494105748,
        87.63426317487445,
        87.49945068359375,
        87.37876238141742,
        87.27035849434989,
        87.1726804460798,
        87.08440726143974,
        87.00442504882812,
        86.9317605154855,
        86.86559295654297,
        86.80521828787667,
        86.75000871930804,
        86.69943019321987,
        86.65301622663226,
        86.610349382673,
        86.57107216971261,
        86.53485979352679,
        86.50142342703683,
        86.47051456996373,
        86.44190325055804,
        86.41539110456195,
        86.39078957693917,
        86.3679449898856,
        86.34670039585659,
        86.3269293648856,
        86.30850764683315,
        86.2913316999163,
        86.2752925327846,
        86.26031276157924,
        86.24630083356585,
        86.23318808419364,
        86.22090475899833,
        86.20938764299665,
        86.19858006068638,
        86.18843405587333,
        86.17889295305524,
        86.169924054827,
        86.16147831508091,
        86.15352303641183,
        86.1460211617606,
        86.13894762311664,
        86.13226536342076,
        86.12594931466239,
        86.11997876848493,
        86.1143319266183,
        86.1089848109654,
        86.10391889299665,
        86.09911346435547,
        86.0945554460798,
        86.09022957938058,
        86.08611951555524,
        86.08221326555524,
        86.07849230085101,
        86.074953351702,
        86.0715833391462,
        86.06837136404855,
        86.0653097970145,
        86.06238773890904,
        86.05959865025112,
        86.0569327218192,
        86.05438668387276,
        86.05195072719029,
        86.04962158203125,
        86.0473883492606,
        86.04525102887835,
        86.04320635114398,
        86.04124341692243,
        86.03935786655971,
        86.03755187988281,
        86.0358156476702,
        86.03414699009487,
        86.0325448172433,
        86.03100476946149,
        86.02952030726841,
        86.02809361049107,
        86.02672031947544
    ],