{
    "testproblem": "fmnist_vae",
    "batch_size": 64,
    "num_epochs": 100,
    "random_seed": 42,
    "l2_reg": null,
    "optimizer_name": "LookaheadOptimizerMBGDMomentum",
    "optimizer_hyperparams": {
        "learning_rate": 0.9307782732027227,
        "momentum": 0.07119418600172986,
        "use_nesterov": false,
        "k": 12,
        "alpha": 0.00012366582530130827,
        "use_locking": false
    },
    "training_params": {
        "lr_sched_epochs": [],
        "lr_sched_factors": []
    },
    "train_losses": [
        133.51027967990973,
        133.51027967990973,
        133.51027967990973,
        133.51027967990973,
        133.51027967990973,
        133.51027967990973,
        133.51027967990973,
        133.51027967990973,
        133.51027967990973,
        133.51027967990973,
        133.51027967990973,
        133.51027967990973,
        133.51027967990973,
        133.51027967990973,
        133.51027967990973,
        133.51027967990973,
        133.51027967990973,
        133.51027967990973,
        133.51027967990973,
        133.51027967990973,
        133.51027967990973,
        133.51027967990973,
        133.51027967990973,
        133.51027967990973,
        133.51027967990973,
        133.51027967990973,
        133.51027967990973,
        133.51027967990973,
        133.51027967990973,
        133.51027967990973,
        133.51027967990973,
        133.51027967990973,
        133.51027967990973,
        133.51027967990973,
        133.51027967990973,
        133.51027967990973,
        133.51027967990973,
        133.51027967990973,
        133.51027967990973,
        133.51027967990973,
        133.51027967990973,
        133.51027967990973,
        133.51027967990973,
        133.51027967990973,
        133.51027967990973,
        133.51027967990973,
        133.51027967990973,
        133.51027967990973,
        133.51027967990973,
        133.51027967990973,
        133.51027967990973,
        133.51027967990973,
        133.51027967990973,
        133.51027967990973,
        133.51027967990973,
        133.51027967990973,
        133.51027967990973,
        133.51027967990973,
        133.51027967990973,
        133.51027967990973,
        133.51027967990973,
        133.51027967990973,
        133.51027967990973,
        133.51027967990973,
        133.51027967990973,
        133.51027967990973,
        133.51027967990973,
        133.51027967990973,
        133.51027967990973,
        133.51027967990973,
        133.51027967990973,
        133.51027967990973,
        133.51027967990973,
        133.51027967990973,
        133.51027967990973,
        133.51027967990973,
        133.51027967990973,
        133.51027967990973,
        133.51027967990973,
        133.51027967990973,
        133.51027967990973,
        133.51027967990973,
        133.51027967990973,
        133.51027967990973,
        133.51027967990973,
        133.51027967990973,
        133.51027967990973,
        133.51027967990973,
        133.51027967990973,
        133.51027967990973,
        133.51027967990973,
        133.51027967990973,
        133.51027967990973,
        133.51027967990973,
        133.51027967990973,
        133.51027967990973,
        133.51027967990973,
        133.51027967990973,
        133.51027967990973,
        133.51027967990973,
        133.51027967990973
    ],
    "valid_losses": [
        134.0260835794302,
        134.0260835794302,
        134.0260835794302,
        134.0260835794302,
        134.0260835794302,
        134.0260835794302,
        134.0260835794302,
        134.0260835794302,
        134.0260835794302,
        134.0260835794302,
        134.0260835794302,
        134.0260835794302,
        134.0260835794302,
        134.0260835794302,
        134.0260835794302,
        134.0260835794302,
        134.0260835794302,
        134.0260835794302,
        134.0260835794302,
        134.0260835794302,
        134.0260835794302,
        134.0260835794302,
        134.0260835794302,
        134.0260835794302,
        134.0260835794302,
        134.0260835794302,
        134.0260835794302,
        134.0260835794302,
        134.0260835794302,
        134.0260835794302,
        134.0260835794302,
        134.0260835794302,
        134.0260835794302,
        134.0260835794302,
        134.0260835794302,
        134.0260835794302,
        134.0260835794302,
        134.0260835794302,
        134.0260835794302,
        134.0260835794302,
        134.0260835794302,
        134.0260835794302,
        134.0260835794302,
        134.0260835794302,
        134.0260835794302,
        134.0260835794302,
        134.0260835794302,
        134.0260835794302,
        134.0260835794302,
        134.0260835794302,
        134.0260835794302,
        134.0260835794302,
        134.0260835794302,
        134.0260835794302,
        134.0260835794302,
        134.0260835794302,
        134.0260835794302,
        134.0260835794302,
        134.0260835794302,
        134.0260835794302,
        134.0260835794302,
        134.0260835794302,
        134.0260835794302,
        134.0260835794302,
        134.0260835794302,
        134.0260835794302,
        134.0260835794302,
        134.0260835794302,
        134.0260835794302,
        134.0260835794302,
        134.0260835794302,
        134.0260835794302,
        134.0260835794302,
        134.0260835794302,
        134.0260835794302,
        134.0260835794302,
        134.0260835794302,
        134.0260835794302,
        134.0260835794302,
        134.0260835794302,
        134.0260835794302,
        134.0260835794302,
        134.0260835794302,
        134.0260835794302,
        134.0260835794302,
        134.0260835794302,
        134.0260835794302,
        134.0260835794302,
        134.0260835794302,
        134.0260835794302,
        134.0260835794302,
        134.0260835794302,
        134.0260835794302,
        134.0260835794302,
        134.0260835794302,
        134.0260835794302,
        134.0260835794302,
        134.0260835794302,
        134.0260835794302,
        134.0260835794302,
        134.0260835794302
    ],