{
    "testproblem": "quadratic_deep",
    "batch_size": 128,
    "num_epochs": 100,
    "random_seed": 49,
    "l2_reg": null,
    "optimizer_name": "LookaheadOptimizerMBGDMomentum",
    "optimizer_hyperparams": {
        "learning_rate": 0.002023778954048507,
        "momentum": 0.9808673160454735,
        "use_nesterov": false,
        "k": 8,
        "alpha": 0.2388555817868857,
        "use_locking": false
    },
    "training_params": {
        "lr_sched_epochs": [
            1,
            2,
            3,
            4,
            5,
            6,
            7,
            8,
            9,
            10,
            11,
            12,
            13,
            14,
            15,
            16,
            17,
            18,
            19,
            20,
            21,
            22,
            23,
            24,
            25,
            26,
            27,
            28,
            29,
            30,
            31,
            32,
            33,
            34,
            35,
            36,
            37,
            38,
            39,
            40,
            41,
            42,
            43,
            44,
            45,
            46,
            47,
            48,
            49,
            50,
            51,
            52,
            53,
            54,
            55,
            56,
            57,
            58,
            59,
            60,
            61,
            62,
            63,
            64,
            65,
            66,
            67,
            68,
            69,
            70,
            71,
            72,
            73,
            74,
            75,
            76,
            77,
            78,
            79,
            80,
            81,
            82,
            83,
            84,
            85,
            86,
            87,
            88,
            89,
            90,
            91,
            92,
            93,
            94,
            95,
            96,
            97,
            98,
            99,
            100
        ],
        "lr_sched_factors": [
            0.1,
            0.2,
            0.3,
            0.4,
            0.5,
            0.6,
            0.7,
            0.8,
            0.9,
            1.0,
            1.0,
            1.0,
            1.0,
            1.0,
            1.0,
            1.0,
            1.0,
            1.0,
            1.0,
            1.0,
            1.0,
            1.0,
            1.0,
            1.0,
            1.0,
            1.0,
            1.0,
            1.0,
            1.0,
            1.0,
            1.0,
            1.0,
            1.0,
            1.0,
            1.0,
            1.0,
            1.0,
            1.0,
            1.0,
            1.0,
            1.0,
            1.0,
            1.0,
            1.0,
            1.0,
            1.0,
            1.0,
            1.0,
            1.0,
            1.0,
            1.0,
            1.0,
            1.0,
            1.0,
            1.0,
            1.0,
            1.0,
            1.0,
            1.0,
            1.0,
            1.0,
            1.0,
            1.0,
            1.0,
            1.0,
            1.0,
            1.0,
            1.0,
            1.0,
            1.0,
            1.0,
            1.0,
            1.0,
            1.0,
            1.0,
            1.0,
            1.0,
            1.0,
            1.0,
            1.0,
            1.0,
            1.0,
            1.0,
            1.0,
            1.0,
            1.0,
            1.0,
            1.0,
            1.0,
            1.0,
            0.9090909090909091,
            0.8181818181818181,
            0.7272727272727273,
            0.6363636363636364,
            0.5454545454545454,
            0.4545454545454546,
            0.36363636363636365,
            0.2727272727272727,
            0.18181818181818177,
            0.09090909090909094
        ]
    },
    "train_losses": [
        353.03431919642856,
        142.03278459821428,
        161.0894492013114,
        107.35144914899554,
        114.9385986328125,
        117.84940992082868,
        111.53248923165458,
        108.75769369942802,
        104.15965924944196,
        99.92507607596261,
        94.61489977155414,
        92.66817583356585,
        92.08709062848773,
        91.52842167445591,
        91.01545715332031,
        90.56032126290458,
        89.55748203822544,
        87.1395285470145,
        87.13464791434151,
        86.97583443777901,
        86.88065011160714,
        86.81866237095424,
        86.71155657087054,
        86.61043984549386,
        86.54712023053851,
        86.27052416120257,
        86.21585627964565,
        86.08657400948661,
        86.03248051234654,
        86.01001521519252,
        85.94292449951172,
        85.87954711914062,
        85.85131944928851,
        85.71225084577289,
        85.68780190604073,
        85.58478328159877,
        85.5536640712193,
        85.55116816929409,
        85.50150735037667,
        85.45359148297992,
        85.43936266217914,
        85.42566244942802,
        85.42418997628349,
        85.34031241280692,
        85.32561928885323,
        85.3375244140625,
        85.30070495605469,
        85.26471056256976,
        85.26179940359933,
        85.33904157366071,
        85.34256853376117,
        85.26314544677734,
        85.25260380336216,
        85.26840645926339,
        85.23521096365792,
        85.20271301269531,
        85.20315987723214,
        85.19637189592633,
        85.19506290980748,
        85.28987339564732,
        85.22302137102399,
        85.21343231201172,
        85.23143223353794,
        85.19931139264789,
        85.16802324567523,
        85.16930825369698,
        85.27542332240513,
        85.28052411760602,
        85.20275006975446,
        85.1937735421317,
        85.21105848039899,
        85.17928314208984,
        85.14813886369977,
        85.14988381522042,
        85.26003810337612,
        85.26554325648716,
        85.18804604666573,
        85.17936597551618,
        85.19693429129464,
        85.1654554094587,
        85.13458796909877,
        85.13660539899554,
        85.24922289167132,
        85.25491441999164,
        85.17759159633091,
        85.16908155168805,
        85.18680681501117,
        85.1554946899414,
        85.12479073660714,
        85.12696402413505,
        85.2410866873605,
        85.24690246582031,
        85.16336277553013,
        85.14769308907645,
        85.14804404122489,
        85.12685721261161,
        85.11767469133649,
        85.11823054722377,
        85.1556418282645,
        85.14260537283761,
        85.12550571986607
    ],