{
    "testproblem": "quadratic_deep",
    "batch_size": 128,
    "num_epochs": 100,
    "random_seed": 45,
    "l2_reg": null,
    "optimizer_name": "LookaheadOptimizerMBGDMomentum",
    "optimizer_hyperparams": {
        "learning_rate": 0.002023778954048507,
        "momentum": 0.9808673160454735,
        "use_nesterov": false,
        "k": 8,
        "alpha": 0.2388555817868857,
        "use_locking": false
    },
    "training_params": {
        "lr_sched_epochs": [
            1,
            2,
            3,
            4,
            5,
            6,
            7,
            8,
            9,
            10,
            11,
            12,
            13,
            14,
            15,
            16,
            17,
            18,
            19,
            20,
            21,
            22,
            23,
            24,
            25,
            26,
            27,
            28,
            29,
            30,
            31,
            32,
            33,
            34,
            35,
            36,
            37,
            38,
            39,
            40,
            41,
            42,
            43,
            44,
            45,
            46,
            47,
            48,
            49,
            50,
            51,
            52,
            53,
            54,
            55,
            56,
            57,
            58,
            59,
            60,
            61,
            62,
            63,
            64,
            65,
            66,
            67,
            68,
            69,
            70,
            71,
            72,
            73,
            74,
            75,
            76,
            77,
            78,
            79,
            80,
            81,
            82,
            83,
            84,
            85,
            86,
            87,
            88,
            89,
            90,
            91,
            92,
            93,
            94,
            95,
            96,
            97,
            98,
            99,
            100
        ],
        "lr_sched_factors": [
            0.1,
            0.2,
            0.3,
            0.4,
            0.5,
            0.6,
            0.7,
            0.8,
            0.9,
            1.0,
            1.0,
            1.0,
            1.0,
            1.0,
            1.0,
            1.0,
            1.0,
            1.0,
            1.0,
            1.0,
            1.0,
            1.0,
            1.0,
            1.0,
            1.0,
            1.0,
            1.0,
            1.0,
            1.0,
            1.0,
            1.0,
            1.0,
            1.0,
            1.0,
            1.0,
            1.0,
            1.0,
            1.0,
            1.0,
            1.0,
            1.0,
            1.0,
            1.0,
            1.0,
            1.0,
            1.0,
            1.0,
            1.0,
            1.0,
            1.0,
            1.0,
            1.0,
            1.0,
            1.0,
            1.0,
            1.0,
            1.0,
            1.0,
            1.0,
            1.0,
            1.0,
            1.0,
            1.0,
            1.0,
            1.0,
            1.0,
            1.0,
            1.0,
            1.0,
            1.0,
            1.0,
            1.0,
            1.0,
            1.0,
            1.0,
            1.0,
            1.0,
            1.0,
            1.0,
            1.0,
            1.0,
            1.0,
            1.0,
            1.0,
            1.0,
            1.0,
            1.0,
            1.0,
            1.0,
            1.0,
            0.9090909090909091,
            0.8181818181818181,
            0.7272727272727273,
            0.6363636363636364,
            0.5454545454545454,
            0.4545454545454546,
            0.36363636363636365,
            0.2727272727272727,
            0.18181818181818177,
            0.09090909090909094
        ]
    },
    "train_losses": [
        355.9654976981027,
        141.92849949428015,
        160.48648071289062,
        106.57274954659599,
        114.96172768729073,
        117.8660387311663,
        110.82125854492188,
        107.85316140311105,
        103.31068311418805,
        98.42397635323661,
        93.92886461530414,
        92.00025068010602,
        91.40518515450614,
        90.8060542515346,
        90.29949406215123,
        89.83977944510323,
        86.75255693708148,
        86.6506827218192,
        86.59822627476284,
        86.47605895996094,
        86.361570085798,
        86.19109344482422,
        86.08096313476562,
        85.99578857421875,
        85.54180472237724,
        85.50513894217355,
        85.51478685651507,
        85.45282200404576,
        85.39730834960938,
        85.2838875906808,
        85.2283913748605,
        85.1941386631557,
        84.95626177106585,
        84.94693320138114,
        84.98124694824219,
        84.94124603271484,
        84.90519714355469,
        84.8089348929269,
        84.76854923793248,
        84.74784524100167,
        84.6267318725586,
        84.64351000104632,
        84.69952283586774,
        84.67787715366909,
        84.65791320800781,
        84.57608250209263,
        84.54890659877232,
        84.54073115757534,
        84.52292306082589,
        84.54638017926898,
        84.60820988246373,
        84.59175109863281,
        84.57665034702846,
        84.49939509800502,
        84.47655705043248,
        84.47256796700614,
        84.48341914585659,
        84.50787462506976,
        84.57072993687221,
        84.55527823311942,
        84.5411845615932,
        84.46490478515625,
        84.44301278250558,
        84.43992832728794,
        84.45724269321987,
        84.48243168422154,
        84.54597691127232,
        84.53116389683315,
        84.5176522391183,
        84.44190107073102,
        84.42052568708148,
        84.41794041224888,
        84.43972669328961,
        84.46536690848214,
        84.52933720179966,
        84.51491437639508,
        84.5017591203962,
        84.42635018484933,
        84.40530831473214,
        84.40304129464286,
        84.42772674560547,
        84.45358167375836,
        84.51775905064174,
        84.50353676932198,
        84.49057878766742,
        84.41536058698382,
        84.3945061819894,
        84.39242771693638,
        84.4188232421875,
        84.44481440952846,
        84.50911930629185,
        84.49502999441964,
        84.4648677280971,
        84.39501408168248,
        84.38487897600446,
        84.38424464634487,
        84.3991208757673,
        84.38988276890346,
        84.41158621651786,
        84.38731057303292,
        84.38130187988281
    ],