{
    "testproblem": "quadratic_deep",
    "batch_size": 128,
    "num_epochs": 100,
    "random_seed": 42,
    "l2_reg": null,
    "optimizer_name": "AdaBoundOptimizer",
    "optimizer_hyperparams": {
        "learning_rate": 0.0019625093208439854,
        "final_lr": 0.025131354023869477,
        "beta1": 0.8134041961191499,
        "beta2": 0.8673199732489023,
        "gamma": 0.08228984573308158,
        "epsilon": 1e-08,
        "amsbound": false,
        "use_locking": false
    },
    "training_params": {
        "lr_sched_epochs": [
            1,
            2,
            3,
            4,
            5,
            6,
            7,
            8,
            9,
            10,
            11,
            12,
            13,
            14,
            15,
            16,
            17,
            18,
            19,
            20,
            21,
            22,
            23,
            24,
            25,
            26,
            27,
            28,
            29,
            30,
            31,
            32,
            33,
            34,
            35,
            36,
            37,
            38,
            39,
            40,
            41,
            42,
            43,
            44,
            45,
            46,
            47,
            48,
            49,
            50,
            51,
            52,
            53,
            54,
            55,
            56,
            57,
            58,
            59,
            60,
            61,
            62,
            63,
            64,
            65,
            66,
            67,
            68,
            69,
            70,
            71,
            72,
            73,
            74,
            75,
            76,
            77,
            78,
            79,
            80,
            81,
            82,
            83,
            84,
            85,
            86,
            87,
            88,
            89,
            90,
            91,
            92,
            93,
            94,
            95,
            96,
            97,
            98,
            99,
            100
        ],
        "lr_sched_factors": [
            0.1,
            0.2,
            0.3,
            0.4,
            0.5,
            0.6,
            0.7,
            0.8,
            0.9,
            1.0,
            1.0,
            1.0,
            1.0,
            1.0,
            1.0,
            1.0,
            1.0,
            1.0,
            1.0,
            1.0,
            1.0,
            1.0,
            1.0,
            1.0,
            1.0,
            1.0,
            1.0,
            1.0,
            1.0,
            1.0,
            1.0,
            1.0,
            1.0,
            1.0,
            1.0,
            1.0,
            1.0,
            1.0,
            1.0,
            1.0,
            1.0,
            1.0,
            1.0,
            1.0,
            1.0,
            1.0,
            1.0,
            1.0,
            1.0,
            1.0,
            1.0,
            1.0,
            1.0,
            1.0,
            1.0,
            1.0,
            1.0,
            1.0,
            1.0,
            1.0,
            1.0,
            1.0,
            1.0,
            1.0,
            1.0,
            1.0,
            1.0,
            1.0,
            1.0,
            1.0,
            1.0,
            1.0,
            1.0,
            1.0,
            1.0,
            1.0,
            1.0,
            1.0,
            1.0,
            1.0,
            1.0,
            1.0,
            1.0,
            1.0,
            1.0,
            1.0,
            1.0,
            1.0,
            1.0,
            1.0,
            0.9090909090909091,
            0.8181818181818181,
            0.7272727272727273,
            0.6363636363636364,
            0.5454545454545454,
            0.4545454545454546,
            0.36363636363636365,
            0.2727272727272727,
            0.18181818181818177,
            0.09090909090909094
        ]
    },
    "train_losses": [
        347.4988577706473,
        120.84693145751953,
        132.16368103027344,
        116.56171635219029,
        109.68993486676898,
        106.6394773210798,
        104.42284066336495,
        102.68745749337333,
        101.28308977399554,
        100.14346204485211,
        99.2250246320452,
        98.47675541469029,
        97.8721182686942,
        97.37872859409877,
        96.97646113804409,
        96.64616067068917,
        96.3738032749721,
        96.14786638532367,
        95.95926557268415,
        95.80087171282086,
        95.66697147914341,
        95.55306025913784,
        95.45553697858539,
        95.37152208600726,
        95.29871259416852,
        95.23523930140904,
        95.17959594726562,
        95.13054874965123,
        95.08709280831474,
        95.04840523856026,
        95.0137961251395,
        94.98269871303013,
        94.9546367100307,
        94.92921120779855,
        94.90609196254185,
        94.88499123709542,
        94.86566598074776,
        94.84790910993304,
        94.83154296875,
        94.81642368861607,
        94.80240849086216,
        94.78938947405133,
        94.77726527622768,
        94.76594979422433,
        94.75536237444196,
        94.74544198172433,
        94.73612649100167,
        94.72736031668526,
        94.71910749162946,
        94.71131461007255,
        94.70394570486886,
        94.6969735281808,
        94.69036211286273,
        94.68408857073102,
        94.67813110351562,
        94.67245810372489,
        94.66705431256976,
        94.66190556117466,
        94.65699005126953,
        94.65229797363281,
        94.64780644008091,
        94.6435056413923,
        94.63939230782645,
        94.63544573102679,
        94.63166046142578,
        94.6280266898019,
        94.6245356968471,
        94.62117331368583,
        94.61794607979911,
        94.61483328683036,
        94.61183820452008,
        94.60894775390625,
        94.60615975516183,
        94.6034687587193,
        94.60087040492466,
        94.59835924421039,
        94.59592982700893,
        94.59358324323382,
        94.59131295340401,
        94.58911241803851,
        94.58697836739677,
        94.5849129813058,
        94.58290536063058,
        94.58096749441964,
        94.57908303397042,
        94.57724979945591,
        94.57547433035714,
        94.57374354771206,
        94.57206508091518,
        94.57043566022601,
        94.56884220668248,
        94.56729670933315,
        94.56578935895648,
        94.56432560511998,
        94.56289672851562,
        94.56150490897042,
        94.56015232631138,
        94.55882917131696,
        94.55753871372768,
        94.55627877371651,
        94.5550515311105
    ],