{
    "testproblem": "quadratic_deep",
    "batch_size": 128,
    "num_epochs": 100,
    "random_seed": 42,
    "l2_reg": null,
    "optimizer_name": "AdadeltaOptimizer",
    "optimizer_hyperparams": {
        "learning_rate": 0.12164139351417055,
        "rho": 0.9998022217148754,
        "epsilon": 1e-08,
        "use_locking": false
    },
    "training_params": {
        "lr_sched_epochs": null,
        "lr_sched_factors": null
    },
    "train_losses": [
        355.276114327567,
        348.0394941057478,
        341.02755301339283,
        334.22952706473217,
        327.6391383579799,
        321.2497122628348,
        315.0545436314174,
        309.0470188685826,
        303.22076416015625,
        297.5696236746652,
        292.0876770019531,
        286.7692609514509,
        281.60892159598217,
        276.6014142717634,
        271.74173845563615,
        267.0250985281808,
        262.4468514578683,
        258.0025961739676,
        253.6880166190011,
        249.49905613490515,
        245.4317365373884,
        241.48229326520647,
        237.64703151157923,
        233.9224635532924,
        230.30515616280692,
        226.79185049874442,
        223.37936183384485,
        220.06463405064173,
        216.844730922154,
        213.71680341448103,
        210.6780787876674,
        207.72588893345423,
        204.85766819545202,
        202.07092067173548,
        199.3632332938058,
        196.73226274762834,
        194.1757594517299,
        191.69152178083147,
        189.2774440220424,
        186.93146623883928,
        184.65160478864397,
        182.43592180524553,
        180.28253173828125,
        178.18965802873885,
        176.15552411760603,
        174.17843191964286,
        172.25672694614954,
        170.38880920410156,
        168.57313101632255,
        166.80817522321428,
        165.0924835205078,
        163.42464773995536,
        161.80327497209822,
        160.22703116280692,
        158.69464329310827,
        157.20484488351005,
        155.75639125279017,
        154.34812491280692,
        152.9788861955915,
        151.64756338936942,
        150.35306440080916,
        149.09434509277344,
        147.87039184570312,
        146.68019104003906,
        145.52279009137834,
        144.3972669328962,
        143.30269949776786,
        142.23821149553572,
        141.20294407435827,
        140.1960710797991,
        139.21678161621094,
        138.26429530552454,
        137.33785574776786,
        136.43672398158483,
        135.56017848423548,
        134.70750209263392,
        133.8780473981585,
        133.07113647460938,
        132.28614153180803,
        131.52244349888392,
        130.77943420410156,
        130.056524004255,
        129.3531494140625,
        128.66875893729073,
        128.00281415666853,
        127.35479518345424,
        126.7241952078683,
        126.11051831926618,
        125.51329040527344,
        124.93205152239118,
        124.3663351876395,
        123.81572723388672,
        123.27978624616351,
        122.75810241699219,
        122.2502692086356,
        121.75589643205915,
        121.27461569649833,
        120.80604226248605,
        120.34983171735492,
        119.90563092912946,
        119.47310856410435
    ],
    "valid_losses": [
        353.8127659388951,
        346.6288800920759,
        339.6674107142857,
        332.9181431361607,
        326.37487357003346,
        320.03098842075894,
        313.8798304966518,
        307.91485595703125,
        302.12977382114957,
        296.5184326171875,
        291.0750165666853,
        285.7938799176897,
        280.6696341378348,
        275.6970999581473,
        270.8712899344308,
        266.18748256138394,
        261.6410653250558,
        257.22766549246654,
        252.94303458077567,
        248.78312465122767,
        244.74400983537947,
        240.8219473702567,
        237.01329694475447,
        233.31456865583147,
        229.7223903111049,
        226.23350088936942,
        222.84476143973214,
        219.55313982282365,
        216.35572814941406,
        213.24968610491072,
        210.23226056780135,
        207.30083574567522,
        204.4528329031808,
        201.68579319545202,
        198.99730355398995,
        196.38506426130022,
        193.84681919642858,
        191.38040161132812,
        188.98370361328125,
        186.6546914236886,
        184.39139229910714,
        182.19188363211495,
        180.05430167061942,
        177.97685895647322,
        175.95780726841517,
        173.9954550606864,
        172.0881565638951,
        170.2343292236328,
        168.43243844168526,
        166.68094961983817,
        164.97845023018974,
        163.32352556501115,
        161.71478489467077,
        160.15090942382812,
        158.63063485281808,
        157.1526881626674,
        155.71585518973214,
        154.31897190638952,
        152.96088082449776,
        151.64048331124442,
        150.35670035226005,
        149.10847909109933,
        147.89481462751115,
        146.7147173200335,
        145.56721932547433,
        144.45139857700892,
        143.3663613455636,
        142.31122044154577,
        141.28511483328683,
        140.28724670410156,
        139.31679207938058,
        138.37297712053572,
        137.4550497872489,
        136.56227329799108,
        135.69393702915735,
        134.84933253696985,
        134.0277818952288,
        133.22865077427454,
        132.4512983049665,
        131.69510650634766,
        130.95947265625,
        130.24380929129464,
        129.54755510602678,
        128.8701629638672,
        128.21109880719865,
        127.56983838762555,
        126.94589015415737,
        126.33874838692802,
        125.74794660295758,
        125.17302485874721,
        124.61352866036552,
        124.06902422223773,
        123.53909628731864,
        123.0233176095145,
        122.52129581996373,
        122.0326429094587,
        121.5569828578404,
        121.0939472743443,
        120.64317975725446,
        120.20433807373047,
        119.77708108084542
    ],