{
    "testproblem": "quadratic_deep",
    "batch_size": 128,
    "num_epochs": 100,
    "random_seed": 50,
    "l2_reg": null,
    "optimizer_name": "AMSGrad",
    "optimizer_hyperparams": {
        "learning_rate": 0.01,
        "beta1": 0.9,
        "beta2": 0.999,
        "epsilon": 1e-08,
        "use_locking": false
    },
    "training_params": {
        "lr_sched_epochs": [
            1,
            2,
            3,
            4,
            5,
            6,
            7,
            8,
            9,
            10,
            11,
            12,
            13,
            14,
            15,
            16,
            17,
            18,
            19,
            20,
            21,
            22,
            23,
            24,
            25,
            26,
            27,
            28,
            29,
            30,
            31,
            32,
            33,
            34,
            35,
            36,
            37,
            38,
            39,
            40,
            41,
            42,
            43,
            44,
            45,
            46,
            47,
            48,
            49,
            50,
            51,
            52,
            53,
            54,
            55,
            56,
            57,
            58,
            59,
            60,
            61,
            62,
            63,
            64,
            65,
            66,
            67,
            68,
            69,
            70,
            71,
            72,
            73,
            74,
            75,
            76,
            77,
            78,
            79,
            80,
            81,
            82,
            83,
            84,
            85,
            86,
            87,
            88,
            89,
            90,
            91,
            92,
            93,
            94,
            95,
            96,
            97,
            98,
            99,
            100
        ],
        "lr_sched_factors": [
            0.9755282581475768,
            0.9045084971874737,
            0.7938926261462366,
            0.6545084971874737,
            0.5,
            0.34549150281252633,
            0.2061073738537635,
            0.09549150281252633,
            0.024471741852423234,
            1,
            0.9938441702975689,
            0.9755282581475768,
            0.9455032620941839,
            0.9045084971874737,
            0.8535533905932737,
            0.7938926261462366,
            0.7269952498697734,
            0.6545084971874737,
            0.5782172325201155,
            0.5,
            0.42178276747988447,
            0.34549150281252633,
            0.2730047501302266,
            0.2061073738537635,
            0.14644660940672627,
            0.09549150281252633,
            0.054496737905816106,
            0.024471741852423234,
            0.00615582970243117,
            1,
            0.998458666866564,
            0.9938441702975689,
            0.9861849601988383,
            0.9755282581475768,
            0.9619397662556434,
            0.9455032620941839,
            0.9263200821770461,
            0.9045084971874737,
            0.8802029828000155,
            0.8535533905932737,
            0.8247240241650917,
            0.7938926261462366,
            0.7612492823579744,
            0.7269952498697734,
            0.6913417161825449,
            0.6545084971874737,
            0.6167226819279528,
            0.5782172325201155,
            0.5392295478639225,
            0.5,
            0.4607704521360776,
            0.42178276747988447,
            0.38327731807204746,
            0.34549150281252633,
            0.30865828381745514,
            0.2730047501302266,
            0.2387507176420256,
            0.2061073738537635,
            0.17527597583490823,
            0.14644660940672627,
            0.11979701719998453,
            0.09549150281252633,
            0.07367991782295391,
            0.054496737905816106,
            0.03806023374435663,
            0.024471741852423234,
            0.013815039801161721,
            0.00615582970243117,
            0.001541333133436018,
            1,
            0.9996145181203615,
            0.998458666866564,
            0.9965342284774632,
            0.9938441702975689,
            0.9903926402016152,
            0.9861849601988383,
            0.9812276182268236,
            0.9755282581475768,
            0.9690956679612421,
            0.9619397662556434,
            0.9540715869125407,
            0.9455032620941839,
            0.9362480035363986,
            0.9263200821770461,
            0.9157348061512727,
            0.9045084971874737,
            0.8926584654403724,
            0.8802029828000155,
            0.8671612547178428,
            0.8535533905932737,
            0.839400372766471,
            0.8247240241650917,
            0.8095469746549171,
            0.7938926261462366,
            0.7777851165098011,
            0.7612492823579744,
            0.7443106207484775,
            0.7269952498697734,
            0.7093298687687141,
            0.6913417161825449
        ]
    },
    "train_losses": [
        261.70142909458707,
        206.9505157470703,
        166.47085789271765,
        139.70027596609933,
        123.59167153494698,
        114.58236585344586,
        109.7854494367327,
        107.32477460588727,
        106.13905879429409,
        105.65572139195034,
        105.53878784179688,
        101.6911871773856,
        99.47129930768695,
        98.2496828351702,
        97.42840903145927,
        96.71629551478794,
        96.04461342947823,
        95.42470877511161,
        94.87262507847377,
        94.39264025006976,
        93.98183768136161,
        93.63540758405414,
        93.34853907993862,
        93.11659022739956,
        92.93480791364398,
        92.79810769217355,
        92.7009996686663,
        92.6374762398856,
        92.60100555419922,
        92.5844966343471,
        92.5802971976144,
        91.9059328351702,
        91.26036507742745,
        90.64986637660435,
        90.07669394356864,
        89.5412096296038,
        89.04266248430524,
        88.57967812674386,
        88.1506118774414,
        87.75369916643415,
        87.38716670445034,
        87.04922703334263,
        86.73815482003349,
        86.45225197928292,
        86.18992178780692,
        85.9496340070452,
        85.72994995117188,
        85.52950940813336,
        85.34703826904297,
        85.18134525844029,
        85.03131866455078,
        84.8959208897182,
        84.77417428152901,
        84.66517203194755,
        84.5680672781808,
        84.48204476492745,
        84.40635790143695,
        84.34027753557477,
        84.28311593191964,
        84.23420715332031,
        84.19290815080915,
        84.1585715157645,
        84.13058689662388,
        84.10832105364118,
        84.09115273611886,
        84.07844543457031,
        84.06955283028739,
        84.0638198852539,
        84.06057412283761,
        84.05911799839565,
        84.05875178745815,
        83.82513536725726,
        83.60195704868862,
        83.3902086530413,
        83.19027600969586,
        83.0021743774414,
        82.82537187848773,
        82.65912628173828,
        82.50278581891742,
        82.35575648716518,
        82.21744864327567,
        82.08729662214007,
        81.96476527622768,
        81.84938267299107,
        81.74068341936383,
        81.63824680873326,
        81.54167829241071,
        81.4506116594587,
        81.36470576695034,
        81.28364562988281,
        81.20713588169643,
        81.13490077427456,
        81.06668308803013,
        81.00225176130023,
        80.94137791224888,
        80.8838620867048,
        80.82950374058315,
        80.77812957763672,
        80.7295663016183,
        80.68365914481026,
        80.64026205880302
    ],