{"testproblem": "mnist_mlp", "batch_size": 128, "num_epochs": 100, "random_seed": 47, "weight_decay": null, "optimizer_name": "SGD", "optimizer_hyperparams": {"lr": 6.309573444801929e-05}, "train_losses": [2.302263391323579, 2.3023226261138916, 2.301822995528197, 2.301788094716194, 2.3017450265395336, 2.301440425408192, 2.3012704085081053, 2.3010535729237094, 2.3011619463945046, 2.300804147353539, 2.3006025888980965, 2.3004311598264255, 2.3004213754947367, 2.3000300450202746, 2.3000055979459715, 2.299942896916316, 2.299661174798623, 2.2994349675300794, 2.2992540292250805, 2.2991565527060094, 2.2989944311288686, 2.298748884445582, 2.298352871185694, 2.2983298362829747, 2.2983280450869827, 2.298069648253612, 2.29787124425937, 2.297626107166975, 2.2974840219204244, 2.2973284935339904, 2.29711630099859, 2.2969460090001426, 2.296913911134769, 2.2967102894416223, 2.296597162882487, 2.2961890880878153, 2.295995519711421, 2.295940258564093, 2.2956461111704507, 2.295507372953953, 2.2954286275765834, 2.2952631131196632, 2.2951327929129968, 2.2947612572938967, 2.294737464342362, 2.294351984293033, 2.2942156210923805, 2.2939687294837756, 2.293760073490632, 2.293385441486652, 2.2932588779009304, 2.293078208580995, 2.2932412379827256, 2.2927395074795456, 2.2925259272257485, 2.2921197903461947, 2.2922925857397227, 2.2918593363884168, 2.2918990544783764, 2.291641504336626, 2.29091822489714, 2.291007616581061, 2.29069936581147, 2.290407229692508, 2.290067672729492, 2.289839979929802, 2.2897023940697694, 2.2896641462277145, 2.2892222771277795, 2.2890625580763206, 2.288733485417488, 2.2887000823632264, 2.288599439156361, 2.2883422863789096, 2.2877987225850425, 2.287844508122175, 2.287361074716617, 2.2873134093406873, 2.286501108071743, 2.286584872465867, 2.2863967143572292, 2.2861059048236947, 2.28578506066249, 2.2857204522842016, 2.2852824315046654, 2.284946790108314, 2.2847942602940097, 2.2841745828970885, 2.284319364107572, 2.2839336028465858, 2.2834667578721657, 2.2832555770874023, 2.2828517510340762, 2.282800998443212, 2.2820006089332776, 2.2822159009102063, 2.2815845287763157, 2.2815135900790873, 2.281077491931426, 2.28046391866146, 2.280141145755083], "test_losses": [2.3023106104288344, 2.3021433720221887, 2.301976130558894, 2.3018089013221936, 2.301641507026477, 2.301473849858993, 2.3013060031793056, 2.3011379486475234, 2.3009697260000768, 2.300801020402175, 2.3006321619718504, 2.3004628603275004, 2.3002932285651183, 2.300123040492718, 2.299952519245637, 2.299781628144093, 2.2996101715625863, 2.299438085311498, 2.29926544886369, 2.299092243879269, 2.2989183144691663, 2.298743718709701, 2.298568401581202, 2.298392274440863, 2.2982153525719275, 2.29803768488077, 2.2978591277049136, 2.297679812480242, 2.2974996047142224, 2.2973185105201526, 2.297136273139562, 2.296953091254601, 2.296768931242136, 2.2965836188732047, 2.2963971877709413, 2.296209665445181, 2.296020847100478, 2.2958308122096915, 2.2956395668861194, 2.2954470775066276, 2.295253264598357, 2.295058094538175, 2.2948615978925657, 2.2946637991147165, 2.294464545372205, 2.2942639069679456, 2.2940617371828127, 2.2938581980191746, 2.2936532436273036, 2.293446672268403, 2.2932384411493936, 2.29302864196973, 2.2928171494068246, 2.292603972630623, 2.2923891697174463, 2.29217267036438, 2.2919543859286184, 2.2917342430505996, 2.2915122967499952, 2.2912883514013047, 2.291062627083216, 2.2908348181308846, 2.2906050987732716, 2.290373368140979, 2.290139540647849, 2.289903665200258, 2.2896656776085877, 2.2894256053826747, 2.2891832101039395, 2.288938562075297, 2.288691658240098, 2.2884425261081796, 2.2881909975638757, 2.287937179589883, 2.287681059959607, 2.287422482783978, 2.287161506139315, 2.2868980964024863, 2.286631981531779, 2.286363360209343, 2.2860920398663254, 2.2858180602391562, 2.2855413938179994, 2.2852619886398315, 2.2849799486306996, 2.2846950262020798, 2.284407221353971, 2.2841165554829135, 2.283822930776156, 2.2835262769307847, 2.2832264686242127, 2.282923460006714, 2.2826175078367577, 2.2823082544864755, 2.2819957519188905, 2.2816800551536756, 2.281360870752579, 2.2810382598485703, 2.280712182705219, 2.280382593472799, 2.280049415735098], "train_accuracies": [0.11127804487179487, 0.11077724358974358, 0.11408253205128205, 0.12329727564102565, 0.12259615384615384, 0.12670272435897437, 0.12720352564102563, 0.1312099358974359, 0.1287059294871795, 0.13711939102564102, 0.13371394230769232, 0.14092548076923078, 0.1362179487179487, 0.14763621794871795, 0.14803685897435898, 0.14853766025641027, 0.15374599358974358, 0.1560496794871795, 0.15685096153846154, 0.16045673076923078, 0.1635616987179487, 0.16967147435897437, 0.17618189102564102, 0.1739783653846154, 0.1723758012820513, 0.17487980769230768, 0.18529647435897437, 0.1867988782051282, 0.1851963141025641, 0.18579727564102563, 0.18529647435897437, 0.1948116987179487, 0.19290865384615385, 0.19250801282051283, 0.19491185897435898, 0.19801682692307693, 0.20162259615384615, 0.20973557692307693, 0.20993589743589744, 0.21364182692307693, 0.20903445512820512, 0.20983573717948717, 0.21334134615384615, 0.21674679487179488, 0.21404246794871795, 0.21965144230769232, 0.22626201923076922, 0.2267628205128205, 0.22576121794871795, 0.23036858974358973, 0.2384815705128205, 0.23577724358974358, 0.23447516025641027, 0.2416866987179487, 0.23998397435897437, 0.24739583333333334, 0.2439903846153846, 0.24959935897435898, 0.2478966346153846, 0.25370592948717946, 0.2682291666666667, 0.26582532051282054, 0.2663261217948718, 0.27013221153846156, 0.27904647435897434, 0.2786458333333333, 0.2839543269230769, 0.28295272435897434, 0.2920673076923077, 0.29356971153846156, 0.29747596153846156, 0.29677483974358976, 0.297275641025641, 0.304286858974359, 0.31360176282051283, 0.3128004807692308, 0.32371794871794873, 0.3187099358974359, 0.33313301282051283, 0.328525641025641, 0.3352363782051282, 0.33643830128205127, 0.3460536858974359, 0.34615384615384615, 0.348056891025641, 0.3538661858974359, 0.36047676282051283, 0.3707932692307692, 0.3607772435897436, 0.36668669871794873, 0.37560096153846156, 0.37449919871794873, 0.3828125, 0.37479967948717946, 0.3835136217948718, 0.38591746794871795, 0.3915264423076923, 0.3959334935897436, 0.3958333333333333, 0.3998397435897436, 0.39853766025641024],