{
    "testproblem": "quadratic_deep",
    "batch_size": 128,
    "num_epochs": 100,
    "random_seed": 46,
    "l2_reg": null,
    "optimizer_name": "LookaheadOptimizerMBGDMomentum",
    "optimizer_hyperparams": {
        "learning_rate": 0.00314891164795686,
        "momentum": 0.7114476009343417,
        "use_nesterov": false,
        "k": 11,
        "alpha": 0.1314510323215011,
        "use_locking": false
    },
    "training_params": {
        "lr_sched_epochs": [],
        "lr_sched_factors": []
    },
    "train_losses": [
        278.0577479771205,
        129.85982404436385,
        170.87127903529577,
        122.91415623256138,
        118.6604243687221,
        165.41850934709822,
        121.25174277169364,
        118.15418897356305,
        149.56365312848772,
        118.93498229980469,
        120.25261470249721,
        115.8635995047433,
        116.96029227120536,
        122.10099356515067,
        115.64323316301618,
        115.75815037318638,
        120.92948150634766,
        115.15624891008649,
        115.38333347865513,
        119.13545445033482,
        114.6257073538644,
        115.25994764055524,
        113.49993024553571,
        114.15150996616909,
        115.23424203055245,
        113.20628792898995,
        113.71810041155133,
        114.68186296735492,
        112.88623373849052,
        113.39460209437779,
        114.2427237374442,
        112.5759037562779,
        113.10996355329242,
        111.76211220877511,
        112.29386029924665,
        112.87240600585938,
        111.48807198660714,
        111.98777444022042,
        112.49767630440849,
        111.22391183035714,
        111.70378003801618,
        112.19358389718192,
        110.9684807913644,
        111.44542585100446,
        110.27779279436383,
        110.7383281162807,
        111.20108250209263,
        110.0329099382673,
        110.48038482666016,
        110.90174102783203,
        109.80491529192243,
        110.23043169294085,
        110.63068062918526,
        109.58312116350446,
        110.00713348388672,
        110.2271968296596,
        109.22078813825335,
        109.6293443952288,
        108.64184243338448,
        109.03085109165737,
        109.4163567679269,
        108.43174961635044,
        108.81455448695591,
        109.17052132742745,
        108.24024527413505,
        108.60199301583427,
        108.93345424107143,
        108.05335671561105,
        108.41649954659599,
        107.54676164899554,
        107.89025115966797,
        108.22735159737724,
        107.36055537632534,
        107.69956970214844,
        108.01114545549665,
        107.19261496407645,
        107.51151711600167,
        107.79960523332868,
        107.02860695975167,
        107.35053144182477,
        106.58393314906529,
        106.88789476667132,
        107.18414851597377,
        106.41837092808315,
        106.7192622593471,
        106.99207087925502,
        106.27075740269252,
        106.55251639229911,
        106.8031005859375,
        106.12662070138114,
        106.41263362339565,
        106.54099491664341,
        105.88954598563058,
        106.16492789132255,
        106.28821672712054,
        105.65989685058594,
        105.92662702287946,
        105.29604666573661,
        105.5476313999721,
        105.79337855747768,
        105.15752846854073
    ],
    "valid_losses": [
        276.63147408621654,
        132.31314958844865,
        170.82437569754464,
        125.14205278669085,
        120.49949972970145,
        165.38967895507812,
        123.41736166817802,
        119.5428227015904,
        149.85472324916296,
        120.9645756312779,
        121.43787928989956,
        117.69260842459542,
        118.81999969482422,
        123.26029532296317,
        117.47893415178571,
        117.46199144635882,
        122.05813925606864,
        116.97542572021484,
        116.90561894008091,
        120.36568777901786,
        116.39910343715123,
        116.75279889787946,
        115.22034890311105,
        115.86568450927734,
        116.77659824916294,
        114.92191096714565,
        115.38304029192243,
        116.18419756208148,
        114.59844970703125,
        114.9634769984654,
        115.77682386125836,
        114.27112688337054,
        114.70482635498047,
        113.45121656145368,
        113.96514783586774,
        114.54076494489398,
        113.16869463239398,
        113.64381953648159,
        114.12292916434151,
        112.90527888706752,
        113.29097311837333,
        113.82823617117745,
        112.64200592041016,
        113.07623291015625,
        111.95998055594308,
        112.39914049421039,
        112.91298130580357,
        111.70538766043526,
        112.1367427280971,
        112.56947653634208,
        111.47943551199776,
        111.82657950265067,
        112.30061449323382,
        111.25266919817243,
        111.6524636404855,
        111.9016603742327,
        110.89451272147042,
        111.27493831089565,
        110.3258797781808,
        110.69192940848214,
        111.1474838256836,
        110.10511670793805,
        110.47484043666294,
        110.85708618164062,
        109.91602652413505,
        110.20504215785435,
        110.61963217599052,
        109.72511073521206,
        110.0706296648298,
        109.23319353376117,
        109.5540019444057,
        109.96570478166852,
        109.03663853236607,
        109.36339896065849,
        109.7047598702567,
        108.8711678641183,
        109.11873517717633,
        109.49218205043248,
        108.70331573486328,
        109.00921085902623,
        108.2735127040318,
        108.55483136858258,
        108.92718396868024,
        108.09752001081195,
        108.38649531773159,
        108.69026838030133,
        107.95236315046039,
        108.16329411097935,
        108.50001852852958,
        107.8043932233538,
        108.07496098109654,
        108.23821367536273,
        107.5722405569894,
        107.82591574532645,
        107.9856185913086,
        107.34359741210938,
        107.58819798060826,
        106.99097224644252,
        107.21956198556083,
        107.54105377197266,
        106.84144483293805
    ],