{
    "testproblem": "fmnist_vae",
    "batch_size": 64,
    "num_epochs": 100,
    "random_seed": 42,
    "l2_reg": null,
    "optimizer_name": "RMSPropOptimizer",
    "optimizer_hyperparams": {
        "learning_rate": 0.11044350847124682,
        "decay": 0.04828715216179208,
        "momentum": 0.0,
        "epsilon": 1e-10,
        "use_locking": false,
        "centered": false
    },
    "training_params": {
        "lr_sched_epochs": [],
        "lr_sched_factors": []
    },
    "train_losses": [
        133.51027977772247,
        133.51027977772247,
        133.51027977772247,
        133.51027977772247,
        133.51027977772247,
        133.51027977772247,
        133.51027977772247,
        133.51027977772247,
        133.51027977772247,
        133.51027977772247,
        133.51027977772247,
        133.51027977772247,
        133.51027977772247,
        133.51027977772247,
        133.51027977772247,
        133.51027977772247,
        133.51027977772247,
        133.51027977772247,
        133.51027977772247,
        133.51027977772247,
        133.51027977772247,
        133.51027977772247,
        133.51027977772247,
        133.51027977772247,
        133.51027977772247,
        133.51027977772247,
        133.51027977772247,
        133.51027977772247,
        133.51027977772247,
        133.51027977772247,
        133.51027977772247,
        133.51027977772247,
        133.51027977772247,
        133.51027977772247,
        133.51027977772247,
        133.51027977772247,
        133.51027977772247,
        133.51027977772247,
        133.51027977772247,
        133.51027977772247,
        133.51027977772247,
        133.51027977772247,
        133.51027977772247,
        133.51027977772247,
        133.51027977772247,
        133.51027977772247,
        133.51027977772247,
        133.51027977772247,
        133.51027977772247,
        133.51027977772247,
        133.51027977772247,
        133.51027977772247,
        133.51027977772247,
        133.51027977772247,
        133.51027977772247,
        133.51027977772247,
        133.51027977772247,
        133.51027977772247,
        133.51027977772247,
        133.51027977772247,
        133.51027977772247,
        133.51027977772247,
        133.51027977772247,
        133.51027977772247,
        133.51027977772247,
        133.51027977772247,
        133.51027977772247,
        133.51027977772247,
        133.51027977772247,
        133.51027977772247,
        133.51027977772247,
        133.51027977772247,
        133.51027977772247,
        133.51027977772247,
        133.51027977772247,
        133.51027977772247,
        133.51027977772247,
        133.51027977772247,
        133.51027977772247,
        133.51027977772247,
        133.51027977772247,
        133.51027977772247,
        133.51027977772247,
        133.51027977772247,
        133.51027977772247,
        133.51027977772247,
        133.51027977772247,
        133.51027977772247,
        133.51027977772247,
        133.51027977772247,
        133.51027977772247,
        133.51027977772247,
        133.51027977772247,
        133.51027977772247,
        133.51027977772247,
        133.51027977772247,
        133.51027977772247,
        133.51027977772247,
        133.51027977772247,
        133.51027977772247,
        133.51027977772247
    ],
    "valid_losses": [
        134.02608377505572,
        134.02608377505572,
        134.02608377505572,
        134.02608377505572,
        134.02608377505572,
        134.02608377505572,
        134.02608377505572,
        134.02608377505572,
        134.02608377505572,
        134.02608377505572,
        134.02608377505572,
        134.02608377505572,
        134.02608377505572,
        134.02608377505572,
        134.02608377505572,
        134.02608377505572,
        134.02608377505572,
        134.02608377505572,
        134.02608377505572,
        134.02608377505572,
        134.02608377505572,
        134.02608377505572,
        134.02608377505572,
        134.02608377505572,
        134.02608377505572,
        134.02608377505572,
        134.02608377505572,
        134.02608377505572,
        134.02608377505572,
        134.02608377505572,
        134.02608377505572,
        134.02608377505572,
        134.02608377505572,
        134.02608377505572,
        134.02608377505572,
        134.02608377505572,
        134.02608377505572,
        134.02608377505572,
        134.02608377505572,
        134.02608377505572,
        134.02608377505572,
        134.02608377505572,
        134.02608377505572,
        134.02608377505572,
        134.02608377505572,
        134.02608377505572,
        134.02608377505572,
        134.02608377505572,
        134.02608377505572,
        134.02608377505572,
        134.02608377505572,
        134.02608377505572,
        134.02608377505572,
        134.02608377505572,
        134.02608377505572,
        134.02608377505572,
        134.02608377505572,
        134.02608377505572,
        134.02608377505572,
        134.02608377505572,
        134.02608377505572,
        134.02608377505572,
        134.02608377505572,
        134.02608377505572,
        134.02608377505572,
        134.02608377505572,
        134.02608377505572,
        134.02608377505572,
        134.02608377505572,
        134.02608377505572,
        134.02608377505572,
        134.02608377505572,
        134.02608377505572,
        134.02608377505572,
        134.02608377505572,
        134.02608377505572,
        134.02608377505572,
        134.02608377505572,
        134.02608377505572,
        134.02608377505572,
        134.02608377505572,
        134.02608377505572,
        134.02608377505572,
        134.02608377505572,
        134.02608377505572,
        134.02608377505572,
        134.02608377505572,
        134.02608377505572,
        134.02608377505572,
        134.02608377505572,
        134.02608377505572,
        134.02608377505572,
        134.02608377505572,
        134.02608377505572,
        134.02608377505572,
        134.02608377505572,
        134.02608377505572,
        134.02608377505572,
        134.02608377505572,
        134.02608377505572,
        134.02608377505572
    ],