{
    "testproblem": "quadratic_deep",
    "batch_size": 128,
    "num_epochs": 100,
    "random_seed": 44,
    "l2_reg": null,
    "optimizer_name": "RAdamOptimizer",
    "optimizer_hyperparams": {
        "learning_rate": 0.024637685958997447,
        "beta1": 0.9464283452816183,
        "beta2": 0.8158998845429736,
        "epsilon": 1e-07
    },
    "training_params": {
        "lr_sched_epochs": [
            1,
            2,
            3,
            4,
            5,
            6,
            7,
            8,
            9,
            10,
            11,
            12,
            13,
            14,
            15,
            16,
            17,
            18,
            19,
            20,
            21,
            22,
            23,
            24,
            25,
            26,
            27,
            28,
            29,
            30,
            31,
            32,
            33,
            34,
            35,
            36,
            37,
            38,
            39,
            40,
            41,
            42,
            43,
            44,
            45,
            46,
            47,
            48,
            49,
            50,
            51,
            52,
            53,
            54,
            55,
            56,
            57,
            58,
            59,
            60,
            61,
            62,
            63,
            64,
            65,
            66,
            67,
            68,
            69,
            70,
            71,
            72,
            73,
            74,
            75,
            76,
            77,
            78,
            79,
            80,
            81,
            82,
            83,
            84,
            85,
            86,
            87,
            88,
            89,
            90,
            91,
            92,
            93,
            94,
            95,
            96,
            97,
            98,
            99,
            100
        ],
        "lr_sched_factors": [
            0.1,
            0.2,
            0.3,
            0.4,
            0.5,
            0.6,
            0.7,
            0.8,
            0.9,
            1.0,
            1.0,
            1.0,
            1.0,
            1.0,
            1.0,
            1.0,
            1.0,
            1.0,
            1.0,
            1.0,
            1.0,
            1.0,
            1.0,
            1.0,
            1.0,
            1.0,
            1.0,
            1.0,
            1.0,
            1.0,
            1.0,
            1.0,
            1.0,
            1.0,
            1.0,
            1.0,
            1.0,
            1.0,
            1.0,
            1.0,
            1.0,
            1.0,
            1.0,
            1.0,
            1.0,
            1.0,
            1.0,
            1.0,
            1.0,
            1.0,
            1.0,
            1.0,
            1.0,
            1.0,
            1.0,
            1.0,
            1.0,
            1.0,
            1.0,
            1.0,
            1.0,
            1.0,
            1.0,
            1.0,
            1.0,
            1.0,
            1.0,
            1.0,
            1.0,
            1.0,
            1.0,
            1.0,
            1.0,
            1.0,
            1.0,
            1.0,
            1.0,
            1.0,
            1.0,
            1.0,
            1.0,
            1.0,
            1.0,
            1.0,
            1.0,
            1.0,
            1.0,
            1.0,
            1.0,
            1.0,
            0.9090909090909091,
            0.8181818181818181,
            0.7272727272727273,
            0.6363636363636364,
            0.5454545454545454,
            0.4545454545454546,
            0.36363636363636365,
            0.2727272727272727,
            0.18181818181818177,
            0.09090909090909094
        ]
    },
    "train_losses": [
        352.5200631277902,
        112.90899331229073,
        111.98069545200893,
        108.1544919695173,
        103.09878213065011,
        102.28400530133929,
        105.10811505998883,
        102.63001796177456,
        97.84945024762835,
        97.55176435198102,
        96.84097399030414,
        93.79880196707589,
        92.41970934186664,
        91.78739166259766,
        90.22734832763672,
        89.23571341378349,
        89.07657514299665,
        87.61010415213448,
        87.88840920584542,
        86.79474857875279,
        86.8941410609654,
        86.25780705043248,
        86.18386949811664,
        85.81988852364677,
        85.73411560058594,
        85.50963374546596,
        85.40206582205636,
        85.24869646344867,
        85.21344866071429,
        85.07682364327567,
        85.0466799054827,
        84.97419956752232,
        84.93922642299107,
        84.9015633719308,
        84.86315482003349,
        84.84301321847099,
        84.81859697614398,
        84.7975572858538,
        84.78104509626117,
        84.76795632498605,
        84.75322723388672,
        84.74241529192243,
        84.73257119315011,
        84.72328295026507,
        84.71519361223493,
        84.70714896065849,
        84.70136043003627,
        84.6949234008789,
        84.68844495500836,
        84.68417358398438,
        84.67917960030692,
        84.67417580740792,
        84.67042323521206,
        84.66646902901786,
        84.66275460379464,
        84.6593017578125,
        84.65606035505023,
        84.65322875976562,
        84.65017373221261,
        84.64745766775948,
        84.64511544363839,
        84.64254215785435,
        84.64023263113839,
        84.63818686349052,
        84.6360582624163,
        84.63407897949219,
        84.6322522844587,
        84.63047790527344,
        84.62878090994698,
        84.62715584891183,
        84.62564086914062,
        84.6241694859096,
        84.62274932861328,
        84.62142399379185,
        84.62013898577008,
        84.61890411376953,
        84.61774008614677,
        84.61660548618862,
        84.61553410121373,
        84.61449650355748,
        84.61349487304688,
        84.61255536760602,
        84.61163657052177,
        84.61075156075614,
        84.60991559709821,
        84.60909925188336,
        84.60831778390067,
        84.60757119315011,
        84.60684531075614,
        84.60614994594029,
        84.60547637939453,
        84.6048344203404,
        84.60351126534599,
        84.6023178100586,
        84.60169110979352,
        84.60097830636161,
        84.60027095249721,
        84.59976632254464,
        84.59939357212612,
        84.59910038539341,
        84.5989009312221
    ],