{
    "testproblem": "quadratic_deep",
    "batch_size": 128,
    "num_epochs": 100,
    "random_seed": 46,
    "l2_reg": null,
    "optimizer_name": "AdagradOptimizer",
    "optimizer_hyperparams": {
        "learning_rate": 0.43379206974909357,
        "initial_accumulator_value": 0.1,
        "use_locking": false
    },
    "training_params": {
        "lr_sched_epochs": [
            1,
            2,
            3,
            4,
            5,
            6,
            7,
            8,
            9,
            10,
            11,
            12,
            13,
            14,
            15,
            16,
            17,
            18,
            19,
            20,
            21,
            22,
            23,
            24,
            25,
            26,
            27,
            28,
            29,
            30,
            31,
            32,
            33,
            34,
            35,
            36,
            37,
            38,
            39,
            40,
            41,
            42,
            43,
            44,
            45,
            46,
            47,
            48,
            49,
            50,
            51,
            52,
            53,
            54,
            55,
            56,
            57,
            58,
            59,
            60,
            61,
            62,
            63,
            64,
            65,
            66,
            67,
            68,
            69,
            70,
            71,
            72,
            73,
            74,
            75,
            76,
            77,
            78,
            79,
            80,
            81,
            82,
            83,
            84,
            85,
            86,
            87,
            88,
            89,
            90,
            91,
            92,
            93,
            94,
            95,
            96,
            97,
            98,
            99,
            100
        ],
        "lr_sched_factors": [
            0.9755282581475768,
            0.9045084971874737,
            0.7938926261462366,
            0.6545084971874737,
            0.5,
            0.34549150281252633,
            0.2061073738537635,
            0.09549150281252633,
            0.024471741852423234,
            1,
            0.9938441702975689,
            0.9755282581475768,
            0.9455032620941839,
            0.9045084971874737,
            0.8535533905932737,
            0.7938926261462366,
            0.7269952498697734,
            0.6545084971874737,
            0.5782172325201155,
            0.5,
            0.42178276747988447,
            0.34549150281252633,
            0.2730047501302266,
            0.2061073738537635,
            0.14644660940672627,
            0.09549150281252633,
            0.054496737905816106,
            0.024471741852423234,
            0.00615582970243117,
            1,
            0.998458666866564,
            0.9938441702975689,
            0.9861849601988383,
            0.9755282581475768,
            0.9619397662556434,
            0.9455032620941839,
            0.9263200821770461,
            0.9045084971874737,
            0.8802029828000155,
            0.8535533905932737,
            0.8247240241650917,
            0.7938926261462366,
            0.7612492823579744,
            0.7269952498697734,
            0.6913417161825449,
            0.6545084971874737,
            0.6167226819279528,
            0.5782172325201155,
            0.5392295478639225,
            0.5,
            0.4607704521360776,
            0.42178276747988447,
            0.38327731807204746,
            0.34549150281252633,
            0.30865828381745514,
            0.2730047501302266,
            0.2387507176420256,
            0.2061073738537635,
            0.17527597583490823,
            0.14644660940672627,
            0.11979701719998453,
            0.09549150281252633,
            0.07367991782295391,
            0.054496737905816106,
            0.03806023374435663,
            0.024471741852423234,
            0.013815039801161721,
            0.00615582970243117,
            0.001541333133436018,
            1,
            0.9996145181203615,
            0.998458666866564,
            0.9965342284774632,
            0.9938441702975689,
            0.9903926402016152,
            0.9861849601988383,
            0.9812276182268236,
            0.9755282581475768,
            0.9690956679612421,
            0.9619397662556434,
            0.9540715869125407,
            0.9455032620941839,
            0.9362480035363986,
            0.9263200821770461,
            0.9157348061512727,
            0.9045084971874737,
            0.8926584654403724,
            0.8802029828000155,
            0.8671612547178428,
            0.8535533905932737,
            0.839400372766471,
            0.8247240241650917,
            0.8095469746549171,
            0.7938926261462366,
            0.7777851165098011,
            0.7612492823579744,
            0.7443106207484775,
            0.7269952498697734,
            0.7093298687687141,
            0.6913417161825449
        ]
    },
    "train_losses": [
        383.0386701311384,
        112.61972372872489,
        106.90015084402901,
        104.49134826660156,
        102.88838740757534,
        101.8064934866769,
        101.11253029959542,
        100.69383239746094,
        100.46935381208148,
        100.37203543526786,
        100.347902570452,
        100.2911616734096,
        99.62237330845424,
        99.06683567592076,
        98.60105787004743,
        98.21057782854352,
        97.88447025844029,
        97.61370413643974,
        97.3902609688895,
        97.2069843837193,
        97.05785151890346,
        96.9381354195731,
        96.84400285993304,
        96.77187129429409,
        96.71813528878349,
        96.67952292306083,
        96.65322984967914,
        96.63672201974052,
        96.62758309500558,
        96.62354387555804,
        96.62252589634487,
        96.88065665108817,
        96.7612795148577,
        96.6520015171596,
        96.55157034737724,
        96.45896911621094,
        96.3733891078404,
        96.29416983468192,
        96.22076416015625,
        96.15272412981305,
        96.08965192522321,
        96.03120749337333,
        95.97708674839565,
        95.92701394217355,
        95.88075583321708,
        95.83809661865234,
        95.7988510131836,
        95.76286969866071,
        95.7300033569336,
        95.70013209751674,
        95.67314147949219,
        95.6488789149693,
        95.62722451346261,
        95.6080093383789,
        95.59107644217355,
        95.57625034877232,
        95.56336975097656,
        95.55228315080915,
        95.54284776960101,
        95.53491646902901,
        95.52835954938617,
        95.52303859165737,
        95.51880645751953,
        95.51553344726562,
        95.51307133265904,
        95.51129695347377,
        95.5100816999163,
        95.50931004115513,
        95.50887407575335,
        95.50867898123605,
        95.50863211495536,
        95.7090083530971,
        95.68660409109933,
        95.66477748325893,
        95.64363643101284,
        95.62313733782086,
        95.60323551722935,
        95.58390699114118,
        95.56511797223773,
        95.54684666224888,
        95.52907453264508,
        95.51178959437779,
        95.49495479038784,
        95.47857339041573,
        95.46262577601841,
        95.44710758754185,
        95.43200792585101,
        95.4173115321568,
        95.40301949637276,
        95.38912091936383,
        95.3756125313895,
        95.36249215262276,
        95.34974997384208,
        95.33738817487445,
        95.32540348597935,
        95.31378609793526,
        95.30254690987724,
        95.29167175292969,
        95.28116934640067,
        95.27103097098214,
        95.26125771658761
    ],