{
    "testproblem": "quadratic_deep",
    "batch_size": 128,
    "num_epochs": 100,
    "random_seed": 47,
    "l2_reg": null,
    "optimizer_name": "RAdamOptimizer",
    "optimizer_hyperparams": {
        "learning_rate": 0.001,
        "beta1": 0.9,
        "beta2": 0.999,
        "epsilon": 1e-07
    },
    "training_params": {
        "lr_sched_epochs": [],
        "lr_sched_factors": []
    },
    "train_losses": [
        353.481942313058,
        253.27607073102678,
        252.9345964704241,
        252.42823791503906,
        251.79659598214286,
        251.06047930036272,
        250.2336905343192,
        249.32652064732142,
        248.34716796875,
        247.3023223876953,
        246.1977822440011,
        245.0385480608259,
        243.82904706682478,
        242.57324872698103,
        241.27478245326452,
        239.93690272739954,
        238.56266566685267,
        237.15482875279017,
        235.71607317243303,
        234.2488294328962,
        232.7554452078683,
        231.2380828857422,
        229.69881112234933,
        228.13960920061385,
        226.56234087262834,
        224.96881539481026,
        223.3607221330915,
        221.73970249720983,
        220.1073237827846,
        218.46508135114397,
        216.81441388811385,
        215.15672738211495,
        213.49333844866072,
        211.82551792689733,
        210.15450395856584,
        208.4814932686942,
        206.80760192871094,
        205.13395036969865,
        203.46155439104353,
        201.79147120884485,
        200.12466430664062,
        198.46204703194755,
        196.80455671037947,
        195.15301295689173,
        193.508296421596,
        191.87117222377233,
        190.24241420200892,
        188.62274823869978,
        187.01290239606584,
        185.41351318359375,
        183.8252432686942,
        182.24871172223772,
        180.68450709751673,
        179.13316781180245,
        177.595219203404,
        176.07118661063058,
        174.56152997698103,
        173.0667223249163,
        171.58716910226005,
        170.12328011648995,
        168.6754390171596,
        167.24401637486048,
        165.82931082589286,
        164.4316667829241,
        163.05135018484933,
        161.68864004952567,
        160.3437761579241,
        159.01699829101562,
        157.70850263323103,
        156.4184853690011,
        155.1470990862165,
        153.8945094517299,
        152.66084507533483,
        151.44621930803572,
        150.250732421875,
        149.074462890625,
        147.91747828892298,
        146.77982875279017,
        145.6615469796317,
        144.56265258789062,
        143.483154296875,
        142.4230455671038,
        141.38229370117188,
        140.36087690080916,
        139.35873413085938,
        138.37581089564733,
        137.4120374407087,
        136.4673309326172,
        135.54158455984933,
        134.63470894949776,
        133.74657985142298,
        132.87707737513952,
        132.02607073102678,
        131.19340297154017,
        130.37894330705916,
        129.58251081194197,
        128.80394635881697,
        128.04307556152344,
        127.29971531459263,
        126.57367270333427,
        125.86475263323102
    ],
    "valid_losses": [
        354.48441423688615,
        254.32546997070312,
        253.98399788992745,
        253.47769165039062,
        252.84610421316964,
        252.1100354875837,
        251.2833295549665,
        250.37622288295202,
        249.3969443184989,
        248.35217503138952,
        247.24772426060267,
        246.08859252929688,
        244.8792005266462,
        243.62353297642298,
        242.32520621163505,
        240.98748561314173,
        239.61343601771765,
        238.20580182756697,
        236.76727512904577,
        235.300297328404,
        233.80719212123327,
        232.2901327950614,
        230.75121416364397,
        229.19237627301897,
        227.6155264718192,
        226.0224325997489,
        224.41481454031808,
        222.79430062430245,
        221.16246686662947,
        219.52081298828125,
        217.87077985491072,
        216.2137494768415,
        214.55106680733817,
        212.88399396623885,
        211.2137669154576,
        209.54158238002233,
        207.86856733049666,
        206.1958269391741,
        204.52440316336495,
        202.8553183419364,
        201.18955557686942,
        199.5280478341239,
        197.87168666294642,
        196.22134835379464,
        194.5778547014509,
        192.94201878138952,
        191.31458827427454,
        189.69629996163505,
        188.0878688267299,
        186.4899400983538,
        184.9031938825335,
        183.32822745186942,
        181.76562717982702,
        180.21593366350447,
        178.67969621930803,
        177.15740312848772,
        175.64954703194755,
        174.1565682547433,
        172.6789049421038,
        171.2169429234096,
        169.77107456752233,
        168.34166390555245,
        166.92902483258928,
        165.53347996303015,
        164.15531703404017,
        162.79478890555245,
        161.45215933663505,
        160.12764848981584,
        158.82145472935267,
        157.5337851388114,
        156.26478576660156,
        155.01461791992188,
        153.7834189278739,
        152.5712890625,
        151.37833077566964,
        150.20462690080916,
        149.0502428327288,
        147.91521998814173,
        146.79959978376115,
        145.70338875906808,
        144.6266130719866,
        143.56925528390067,
        142.53126961844308,
        141.5126451764788,
        140.5133296421596,
        139.53324454171317,
        138.57233101981026,
        137.63051278250558,
        136.70768083844865,
        135.80372837611608,
        134.91854858398438,
        134.052001953125,
        133.2039533342634,
        132.37427847726005,
        131.56281389508928,
        130.76939065115792,
        129.99384198869978,
        129.23600006103516,
        128.49566868373327,
        127.77266475132534,
        127.06678553989956
    ],