{
    "testproblem": "quadratic_deep",
    "batch_size": 128,
    "num_epochs": 100,
    "random_seed": 42,
    "l2_reg": null,
    "optimizer_name": "AdaBoundOptimizer",
    "optimizer_hyperparams": {
        "learning_rate": 0.00014045842344024697,
        "final_lr": 0.04417882260081226,
        "beta1": 0.708092890616791,
        "beta2": 0.8092191563830333,
        "gamma": 0.0006853925708853054,
        "epsilon": 1e-08,
        "amsbound": true,
        "use_locking": false
    },
    "training_params": {
        "lr_sched_epochs": [
            1,
            2,
            3,
            4,
            5,
            6,
            7,
            8,
            9,
            10,
            11,
            12,
            13,
            14,
            15,
            16,
            17,
            18,
            19,
            20,
            21,
            22,
            23,
            24,
            25,
            26,
            27,
            28,
            29,
            30,
            31,
            32,
            33,
            34,
            35,
            36,
            37,
            38,
            39,
            40,
            41,
            42,
            43,
            44,
            45,
            46,
            47,
            48,
            49,
            50,
            51,
            52,
            53,
            54,
            55,
            56,
            57,
            58,
            59,
            60,
            61,
            62,
            63,
            64,
            65,
            66,
            67,
            68,
            69,
            70,
            71,
            72,
            73,
            74,
            75,
            76,
            77,
            78,
            79,
            80,
            81,
            82,
            83,
            84,
            85,
            86,
            87,
            88,
            89,
            90,
            91,
            92,
            93,
            94,
            95,
            96,
            97,
            98,
            99,
            100
        ],
        "lr_sched_factors": [
            0.1,
            0.2,
            0.3,
            0.4,
            0.5,
            0.6,
            0.7,
            0.8,
            0.9,
            1.0,
            1.0,
            1.0,
            1.0,
            1.0,
            1.0,
            1.0,
            1.0,
            1.0,
            1.0,
            1.0,
            1.0,
            1.0,
            1.0,
            1.0,
            1.0,
            1.0,
            1.0,
            1.0,
            1.0,
            1.0,
            1.0,
            1.0,
            1.0,
            1.0,
            1.0,
            1.0,
            1.0,
            1.0,
            1.0,
            1.0,
            1.0,
            1.0,
            1.0,
            1.0,
            1.0,
            1.0,
            1.0,
            1.0,
            1.0,
            1.0,
            1.0,
            1.0,
            1.0,
            1.0,
            1.0,
            1.0,
            1.0,
            1.0,
            1.0,
            1.0,
            1.0,
            1.0,
            1.0,
            1.0,
            1.0,
            1.0,
            1.0,
            1.0,
            1.0,
            1.0,
            1.0,
            1.0,
            1.0,
            1.0,
            1.0,
            1.0,
            1.0,
            1.0,
            1.0,
            1.0,
            1.0,
            1.0,
            1.0,
            1.0,
            1.0,
            1.0,
            1.0,
            1.0,
            1.0,
            1.0,
            0.9090909090909091,
            0.8181818181818181,
            0.7272727272727273,
            0.6363636363636364,
            0.5454545454545454,
            0.4545454545454546,
            0.36363636363636365,
            0.2727272727272727,
            0.18181818181818177,
            0.09090909090909094
        ]
    },
    "train_losses": [
        329.5888192313058,
        317.2066388811384,
        279.58067103794644,
        231.02999877929688,
        186.21500069754464,
        153.51001848493303,
        133.98023986816406,
        124.21462794712612,
        119.97330583844867,
        118.21497780936105,
        117.35168892996651,
        116.73613739013672,
        116.15741184779576,
        115.56202806745257,
        114.9417005266462,
        114.2982155936105,
        113.63499014718192,
        112.95553915841239,
        112.26331329345703,
        111.56167929513114,
        110.85386003766742,
        110.14296613420758,
        109.4319349016462,
        108.72354670933315,
        108.02039010184151,
        107.32486506870815,
        106.63916996547154,
        105.96530260358539,
        105.30506025041852,
        104.6600341796875,
        104.03160967145648,
        103.42098563058036,
        102.82915387834821,
        102.25694710867745,
        101.70499747140067,
        101.17379433768136,
        100.66365923200335,
        100.17477308000836,
        99.70718710763114,
        99.26082611083984,
        98.83551570347377,
        98.43097250802177,
        98.04683685302734,
        97.6826662336077,
        97.33795275006976,
        97.01214381626674,
        96.70463344029018,
        96.41477857317243,
        96.14191436767578,
        95.88534981863839,
        95.6443852015904,
        95.41830553327289,
        95.20640890938895,
        95.0079814365932,
        94.82232992989677,
        94.64877537318638,
        94.48662785121373,
        94.33524758475167,
        94.19399915422711,
        94.0622787475586,
        93.93948800223214,
        93.8250732421875,
        93.71849278041294,
        93.6192376273019,
        93.52682277134487,
        93.44078390938895,
        93.36069052559989,
        93.2861328125,
        93.2167249407087,
        93.15210069928851,
        93.09193093436105,
        93.03588976178851,
        92.98368072509766,
        92.9350346156529,
        92.88968658447266,
        92.84740665980748,
        92.80796377999442,
        92.77115631103516,
        92.7367913382394,
        92.70469883510044,
        92.6747065952846,
        92.64666748046875,
        92.62043980189732,
        92.59589603969029,
        92.57291521344867,
        92.55138833182198,
        92.53121185302734,
        92.51229422433036,
        92.4945547921317,
        92.47789982386998,
        92.46226828438895,
        92.4475816999163,
        92.43378557477679,
        92.42081669398716,
        92.40862819126674,
        92.39716012137276,
        92.3863765171596,
        92.37622942243304,
        92.36668178013393,
        92.35769653320312,
        92.34923880440849
    ],