{
    "testproblem": "quadratic_deep",
    "batch_size": 128,
    "num_epochs": 100,
    "random_seed": 42,
    "l2_reg": null,
    "optimizer_name": "RMSPropOptimizer",
    "optimizer_hyperparams": {
        "learning_rate": 0.0021066486017042195,
        "decay": 0.0015512259126484742,
        "momentum": 0.0,
        "epsilon": 1e-10,
        "use_locking": false,
        "centered": false
    },
    "training_params": {
        "lr_sched_epochs": [],
        "lr_sched_factors": []
    },
    "train_losses": [
        246.2793906075614,
        233.8397696358817,
        222.12246922084265,
        211.1222207205636,
        200.8373260498047,
        191.25648062569755,
        182.35882350376673,
        174.1172594342913,
        166.51851981026786,
        159.5485578264509,
        153.20156860351562,
        147.46892874581474,
        142.34474400111608,
        137.80048043387276,
        133.82755170549666,
        130.38324410574776,
        127.45129503522601,
        125.02950504847935,
        123.0642841884068,
        121.49898420061383,
        120.32747650146484,
        119.45609283447266,
        118.78298078264508,
        118.22046988351005,
        117.71679251534599,
        117.2401875087193,
        116.77513013567243,
        116.32212938581195,
        115.88119615827289,
        115.45207214355469,
        115.03301456996373,
        114.62363978794643,
        114.22401428222656,
        113.83302416120257,
        113.44997297014508,
        113.07496752057757,
        112.7080797467913,
        112.34833308628627,
        111.99557059151786,
        111.64939880371094,
        111.3103746686663,
        110.97676740373883,
        110.6511470249721,
        110.32921164376395,
        110.01587894984654,
        109.70725686209542,
        109.40878513881138,
        109.11560930524554,
        108.82836587088448,
        108.54546356201172,
        108.26817975725446,
        107.99523816789899,
        107.7306398664202,
        107.47168622698102,
        107.22073255266461,
        106.9740971156529,
        106.73174830845424,
        106.49373190743583,
        106.26005445207868,
        106.03048597063336,
        105.80483027866909,
        105.58297620500836,
        105.36495971679688,
        105.15137808663505,
        104.94198063441685,
        104.7367412022182,
        104.53578622000558,
        104.33930097307477,
        104.14685930524554,
        103.95879581996373,
        103.77549198695591,
        103.59718104771206,
        103.42387281145368,
        103.255617414202,
        103.09272221156529,
        102.936525617327,
        102.78573499407086,
        102.63869803292411,
        102.495607648577,
        102.35577501569476,
        102.21932438441685,
        102.0860366821289,
        101.95592498779297,
        101.82874843052456,
        101.7040764944894,
        101.58330317905971,
        101.46519688197544,
        101.34802682059151,
        101.23419625418526,
        101.12168884277344,
        101.0118408203125,
        100.90357426234654,
        100.79778180803571,
        100.69381822858539,
        100.59225136893136,
        100.49292101178851,
        100.39627184186664,
        100.30195072719029,
        100.20999363490513,
        100.12034715924945,
        100.03285544259208
    ],
    "valid_losses": [
        244.30690002441406,
        231.9510498046875,
        220.3157697405134,
        209.39687020438058,
        199.1961190359933,
        189.7110835484096,
        180.9202379499163,
        172.7819562639509,
        165.27891104561942,
        158.39530072893416,
        152.12769208635603,
        146.47509111676897,
        141.43700081961495,
        136.98119463239397,
        133.09512983049666,
        129.73937007359095,
        126.89913504464286,
        124.58083888462612,
        122.72515324183873,
        121.27563585553851,
        120.19482094900948,
        119.4058816092355,
        118.7849862234933,
        118.25615583147321,
        117.76500156947544,
        117.29891749790737,
        116.8429434640067,
        116.39292471749442,
        115.9516111101423,
        115.5233633858817,
        115.10344696044922,
        114.6915305001395,
        114.28844778878349,
        113.89372035435268,
        113.50707680838448,
        113.128908429827,
        112.75872802734375,
        112.39599173409599,
        112.04024178641183,
        111.69161115373883,
        111.34966387067523,
        111.01418740408761,
        110.68594251360211,
        110.362060546875,
        110.0466537475586,
        109.73680986676898,
        109.43641880580357,
        109.14210074288505,
        108.85342625209263,
        108.56951577322823,
        108.29108319963727,
        108.01708875383649,
        107.75080980573382,
        107.49112265450614,
        107.23836081368583,
        106.9902114868164,
        106.74643925258091,
        106.50717054094586,
        106.272458757673,
        106.0419921875,
        105.81546456473214,
        105.59269169398716,
        105.37350899832589,
        105.15745871407645,
        104.94607216971261,
        104.73888833182198,
        104.53604779924665,
        104.33774130684989,
        104.14371817452567,
        103.95420401436942,
        103.7696304321289,
        103.59038434709821,
        103.41644723074776,
        103.24757930210659,
        103.0843484061105,
        102.92807987758091,
        102.77575029645648,
        102.62799726213727,
        102.48369598388672,
        102.34294019426618,
        102.20557294573102,
        102.07137298583984,
        101.94033813476562,
        101.81233433314732,
        101.68681989397321,
        101.56578717912946,
        101.44577026367188,
        101.32824053083148,
        101.21293313162667,
        101.10060555594308,
        100.98915209089007,
        100.88113621303013,
        100.77398681640625,
        100.67013440813336,
        100.567626953125,
        100.46825517926898,
        100.37127140590123,
        100.27656773158482,
        100.18385859898159,
        100.09315054757255,
        100.0049558367048
    ],