{
    "testproblem": "quadratic_deep",
    "batch_size": 128,
    "num_epochs": 100,
    "random_seed": 51,
    "l2_reg": null,
    "optimizer_name": "NDAdamOptimizer",
    "optimizer_hyperparams": {
        "learning_rate": 0.001,
        "beta1": 0.9,
        "beta2": 0.999,
        "epsilon": 1e-08
    },
    "training_params": {
        "lr_sched_epochs": [],
        "lr_sched_factors": []
    },
    "train_losses": [
        496.90052577427457,
        485.4420863560268,
        474.2214791434152,
        462.98158046177457,
        451.8030264718192,
        440.76578194754467,
        429.9266444614955,
        419.3206787109375,
        408.96724591936385,
        398.87540108816967,
        389.04822213309154,
        379.48514665876115,
        370.1836940220424,
        361.1403285435268,
        352.3508867536272,
        343.81095232282365,
        335.51590837751115,
        327.46107264927457,
        319.64171055385043,
        312.05310494559154,
        304.6904776436942,
        297.5491420200893,
        290.62437656947543,
        283.91153390066967,
        277.4059361049107,
        271.1029728480748,
        264.998046875,
        259.08663286481584,
        253.36424473353796,
        247.82640729631697,
        242.46871948242188,
        237.28684561593192,
        232.27643476213728,
        227.43322535923548,
        222.7530517578125,
        218.2317177908761,
        213.86515590122767,
        209.64930071149553,
        205.58019365583147,
        201.65387834821428,
        197.86652265276228,
        194.21429879324776,
        190.69342476981026,
        187.3002646309989,
        184.03117152622767,
        180.88258797781808,
        177.85098484584265,
        174.93293980189733,
        172.12506321498327,
        169.42403520856584,
        166.82661655970983,
        164.329585484096,
        161.92981175013952,
        159.6242457798549,
        157.4098641531808,
        155.28372410365515,
        153.24295479910714,
        151.28470720563615,
        149.40625,
        147.60486929757255,
        145.87792314801897,
        144.22284371512276,
        142.6371111188616,
        141.1182904924665,
        139.6639622279576,
        138.27178955078125,
        136.93951416015625,
        135.66491372244698,
        134.44581604003906,
        133.28013283865792,
        132.16582380022322,
        131.10089438302177,
        130.08340563092912,
        129.1114959716797,
        128.18333980015345,
        127.29717145647321,
        126.45127323695591,
        125.64398520333427,
        124.87369210379464,
        124.13885062081474,
        123.43793705531529,
        122.76949964250836,
        122.13212476457868,
        121.52444893973214,
        120.94515882219586,
        120.39297703334263,
        119.86668831961495,
        119.36510467529297,
        118.88708387102399,
        118.43153272356305,
        117.9973885672433,
        117.5836410522461,
        117.18931361607143,
        116.81346239362445,
        116.45518820626395,
        116.11362675258091,
        115.7879409790039,
        115.4773439679827,
        115.18106842041016,
        114.89838082449776,
        114.62857927594867
    ],
    "valid_losses": [
        494.40916224888394,
        482.97586931501115,
        471.7809579031808,
        460.56734357561385,
        449.41551426478793,
        438.40523856026783,
        427.59322684151783,
        417.0144696916853,
        406.6882106236049,
        396.62353079659596,
        386.82344709123885,
        377.2873796735491,
        368.0128435407366,
        358.9962463378906,
        350.2334943498884,
        341.7200927734375,
        333.4514465332031,
        325.4228515625,
        317.6295645577567,
        310.0668727329799,
        302.72999354771207,
        295.6142098563058,
        288.71484375,
        282.02718680245533,
        275.54659162248885,
        269.2684631347656,
        263.18814958844865,
        257.30115400041853,
        251.60298374720983,
        246.08915056501115,
        240.7552708217076,
        235.59698050362724,
        230.6099352155413,
        225.7898951939174,
        221.13265991210938,
        216.63404192243303,
        212.28997802734375,
        208.09639413016183,
        204.04932512555803,
        200.14483206612724,
        196.37904793875558,
        192.7481689453125,
        189.24840654645647,
        185.87611607142858,
        182.6276593889509,
        179.49945940290178,
        176.48801749093192,
        173.58986336844308,
        170.8016597202846,
        168.1200408935547,
        165.54178946358817,
        163.06366620744978,
        160.68256487165178,
        158.39540318080358,
        156.19918169294084,
        154.09095110212053,
        152.0678253173828,
        150.12698582240515,
        148.26566641671317,
        146.48115975516183,
        144.7708500453404,
        143.13213893345423,
        141.5625239780971,
        140.05955505371094,
        138.6208212716239,
        137.2439945765904,
        135.92680140904017,
        134.66702924455916,
        133.4625004359654,
        132.3111288888114,
        131.21087755475725,
        130.1597420828683,
        129.15581730433874,
        128.19719042096818,
        127.28207179478237,
        126.40868486676898,
        125.57532501220703,
        124.78031376429966,
        124.02206420898438,
        123.29901014055524,
        122.60963766915458,
        121.95250047956195,
        121.32617514474052,
        120.72931780133929,
        120.16060638427734,
        119.61876460484096,
        119.10257502964565,
        118.6108638218471,
        118.14248766217914,
        117.69634355817523,
        117.27139500209263,
        116.86661638532367,
        116.4810322352818,
        116.11370958600726,
        115.76375470842633,
        115.43029458182198,
        115.11250523158482,
        114.80959756033761,
        114.52080317905971,
        114.24540274483817,
        113.9826889038086
    ],