{
    "testproblem": "quadratic_deep",
    "batch_size": 128,
    "num_epochs": 100,
    "random_seed": 48,
    "l2_reg": null,
    "optimizer_name": "AdaBoundOptimizer",
    "optimizer_hyperparams": {
        "learning_rate": 0.00030771802712506853,
        "final_lr": 0.02170113658566702,
        "beta1": 0.5120780469341668,
        "beta2": 0.9790889275500179,
        "gamma": 0.0005975027999960292,
        "epsilon": 1e-08,
        "amsbound": true,
        "use_locking": false
    },
    "training_params": {
        "lr_sched_epochs": [
            1,
            2,
            3,
            4,
            5,
            6,
            7,
            8,
            9,
            10,
            11,
            12,
            13,
            14,
            15,
            16,
            17,
            18,
            19,
            20,
            21,
            22,
            23,
            24,
            25,
            26,
            27,
            28,
            29,
            30,
            31,
            32,
            33,
            34,
            35,
            36,
            37,
            38,
            39,
            40,
            41,
            42,
            43,
            44,
            45,
            46,
            47,
            48,
            49,
            50,
            51,
            52,
            53,
            54,
            55,
            56,
            57,
            58,
            59,
            60,
            61,
            62,
            63,
            64,
            65,
            66,
            67,
            68,
            69,
            70,
            71,
            72,
            73,
            74,
            75,
            76,
            77,
            78,
            79,
            80,
            81,
            82,
            83,
            84,
            85,
            86,
            87,
            88,
            89,
            90,
            91,
            92,
            93,
            94,
            95,
            96,
            97,
            98,
            99,
            100
        ],
        "lr_sched_factors": [
            0.1,
            0.2,
            0.3,
            0.4,
            0.5,
            0.6,
            0.7,
            0.8,
            0.9,
            1.0,
            1.0,
            1.0,
            1.0,
            1.0,
            1.0,
            1.0,
            1.0,
            1.0,
            1.0,
            1.0,
            1.0,
            1.0,
            1.0,
            1.0,
            1.0,
            1.0,
            1.0,
            1.0,
            1.0,
            1.0,
            1.0,
            1.0,
            1.0,
            1.0,
            1.0,
            1.0,
            1.0,
            1.0,
            1.0,
            1.0,
            1.0,
            1.0,
            1.0,
            1.0,
            1.0,
            1.0,
            1.0,
            1.0,
            1.0,
            1.0,
            1.0,
            1.0,
            1.0,
            1.0,
            1.0,
            1.0,
            1.0,
            1.0,
            1.0,
            1.0,
            1.0,
            1.0,
            1.0,
            1.0,
            1.0,
            1.0,
            1.0,
            1.0,
            1.0,
            1.0,
            1.0,
            1.0,
            1.0,
            1.0,
            1.0,
            1.0,
            1.0,
            1.0,
            1.0,
            1.0,
            1.0,
            1.0,
            1.0,
            1.0,
            1.0,
            1.0,
            1.0,
            1.0,
            1.0,
            1.0,
            0.9090909090909091,
            0.8181818181818181,
            0.7272727272727273,
            0.6363636363636364,
            0.5454545454545454,
            0.4545454545454546,
            0.36363636363636365,
            0.2727272727272727,
            0.18181818181818177,
            0.09090909090909094
        ]
    },
    "train_losses": [
        350.11546107700894,
        341.95225306919644,
        320.15516880580356,
        288.7025713239397,
        252.54459926060267,
        216.52376665387834,
        184.3611101422991,
        158.1541748046875,
        138.43600245884485,
        124.60881805419922,
        115.49366869245257,
        109.79230717250279,
        106.3705825805664,
        104.37007359095982,
        103.20519474574498,
        102.50716400146484,
        102.05792781284877,
        101.73490142822266,
        101.47203063964844,
        101.23505292619977,
        101.00687844412667,
        100.77937752859933,
        100.54896109444755,
        100.31424386160714,
        100.07489449637276,
        99.83103288922992,
        99.58300236293248,
        99.33121272495815,
        99.07611628941127,
        98.81814466203961,
        98.55775015694755,
        98.29537200927734,
        98.03142983572823,
        97.7663345336914,
        97.500486101423,
        97.23428126743862,
        96.96807534354073,
        96.70223563058036,
        96.43710109165737,
        96.17300197056362,
        95.91023908342633,
        95.6491219656808,
        95.38992309570312,
        95.13290841238839,
        94.87831660679409,
        94.62638528006417,
        94.37733677455357,
        94.13135092599052,
        93.88863699776786,
        93.64934539794922,
        93.41363307407924,
        93.18164389474052,
        92.95350646972656,
        92.72932543073382,
        92.50919995989118,
        92.29321834019252,
        92.08145032610211,
        91.87396022251674,
        91.67079598563058,
        91.4719957624163,
        91.277587890625,
        91.08759525844029,
        90.90201459612165,
        90.72086225237165,
        90.54412405831474,
        90.3717771257673,
        90.2038072858538,
        90.04018075125558,
        89.88086373465401,
        89.72581045968192,
        89.57497732979911,
        89.42831529889789,
        89.28575570242745,
        89.14724513462612,
        89.01272365025112,
        88.88211604527065,
        88.75535801478794,
        88.6323710850307,
        88.5130844116211,
        88.39742061070034,
        88.28529684884208,
        88.17664010184151,
        88.07136535644531,
        87.96939522879464,
        87.87064688546317,
        87.77502986363002,
        87.68247658865792,
        87.5928933279855,
        87.50620814732143,
        87.42233058384487,
        87.34119306291852,
        87.26270076206752,
        87.18678501674107,
        87.11336844308036,
        87.04237038748605,
        86.97372218540737,
        86.90734100341797,
        86.84316689627511,
        86.78111812046596,
        86.72112928118024,
        86.66312953404018
    ],