{
    "testproblem": "quadratic_deep",
    "batch_size": 128,
    "num_epochs": 100,
    "random_seed": 42,
    "l2_reg": null,
    "optimizer_name": "RMSPropOptimizer",
    "optimizer_hyperparams": {
        "learning_rate": 0.0013296521457299509,
        "decay": 0.04247058562261868,
        "momentum": 0.0,
        "epsilon": 1e-10,
        "use_locking": false,
        "centered": false
    },
    "training_params": {
        "lr_sched_epochs": [
            1,
            2,
            3,
            4,
            5,
            6,
            7,
            8,
            9,
            10,
            11,
            12,
            13,
            14,
            15,
            16,
            17,
            18,
            19,
            20,
            21,
            22,
            23,
            24,
            25,
            26,
            27,
            28,
            29,
            30,
            31,
            32,
            33,
            34,
            35,
            36,
            37,
            38,
            39,
            40,
            41,
            42,
            43,
            44,
            45,
            46,
            47,
            48,
            49,
            50,
            51,
            52,
            53,
            54,
            55,
            56,
            57,
            58,
            59,
            60,
            61,
            62,
            63,
            64,
            65,
            66,
            67,
            68,
            69,
            70,
            71,
            72,
            73,
            74,
            75,
            76,
            77,
            78,
            79,
            80,
            81,
            82,
            83,
            84,
            85,
            86,
            87,
            88,
            89,
            90,
            91,
            92,
            93,
            94,
            95,
            96,
            97,
            98,
            99,
            100
        ],
        "lr_sched_factors": [
            0.1,
            0.2,
            0.3,
            0.4,
            0.5,
            0.6,
            0.7,
            0.8,
            0.9,
            1.0,
            1.0,
            1.0,
            1.0,
            1.0,
            1.0,
            1.0,
            1.0,
            1.0,
            1.0,
            1.0,
            1.0,
            1.0,
            1.0,
            1.0,
            1.0,
            1.0,
            1.0,
            1.0,
            1.0,
            1.0,
            1.0,
            1.0,
            1.0,
            1.0,
            1.0,
            1.0,
            1.0,
            1.0,
            1.0,
            1.0,
            1.0,
            1.0,
            1.0,
            1.0,
            1.0,
            1.0,
            1.0,
            1.0,
            1.0,
            1.0,
            1.0,
            1.0,
            1.0,
            1.0,
            1.0,
            1.0,
            1.0,
            1.0,
            1.0,
            1.0,
            1.0,
            1.0,
            1.0,
            1.0,
            1.0,
            1.0,
            1.0,
            1.0,
            1.0,
            1.0,
            1.0,
            1.0,
            1.0,
            1.0,
            1.0,
            1.0,
            1.0,
            1.0,
            1.0,
            1.0,
            1.0,
            1.0,
            1.0,
            1.0,
            1.0,
            1.0,
            1.0,
            1.0,
            1.0,
            1.0,
            0.9090909090909091,
            0.8181818181818181,
            0.7272727272727273,
            0.6363636363636364,
            0.5454545454545454,
            0.4545454545454546,
            0.36363636363636365,
            0.2727272727272727,
            0.18181818181818177,
            0.09090909090909094
        ]
    },
    "train_losses": [
        481.1281433105469,
        466.6621747698103,
        465.23719569614957,
        462.3963623046875,
        458.1581551688058,
        452.5500706263951,
        445.6088649204799,
        437.3804364885603,
        427.9197474888393,
        417.2908673967634,
        405.56676810128346,
        392.8293936593192,
        380.39660208565846,
        368.2685808454241,
        356.44546944754467,
        344.92738560267856,
        333.71436854771207,
        322.80670166015625,
        312.2049037388393,
        301.9092538016183,
        291.9195643833705,
        282.23705618722096,
        272.85892595563615,
        263.78324454171315,
        255.0071062360491,
        246.5260772705078,
        238.3378143310547,
        230.44117518833704,
        222.83530970982142,
        215.51817975725447,
        208.48732430594308,
        201.74187796456474,
        195.2816423688616,
        189.1059788295201,
        183.214351109096,
        177.60713849748885,
        172.28323364257812,
        167.23771013532365,
        162.46820068359375,
        157.97479248046875,
        153.75414385114397,
        149.80181666782923,
        146.11252920968192,
        142.68240574428015,
        139.50883047921317,
        136.59117780412947,
        133.92757742745536,
        131.51163373674666,
        129.3369587489537,
        127.39815630231585,
        125.6900166102818,
        124.20551409040179,
        122.92554364885602,
        121.83577837262835,
        120.91771044049945,
        120.15801130022321,
        119.53690447126117,
        119.03927939278739,
        118.64290400913784,
        118.32281930106026,
        118.05733272007534,
        117.81852722167969,
        117.59402465820312,
        117.37957218715123,
        117.17170933314732,
        116.96881648472377,
        116.7699475969587,
        116.57427433558873,
        116.38118307931083,
        116.19032178606305,
        116.00152478899274,
        115.81471906389508,
        115.62987409319196,
        115.44696480887276,
        115.26598794119698,
        115.08693477085659,
        114.9097922188895,
        114.73456682477679,
        114.56124332972935,
        114.38980865478516,
        114.22024318150112,
        114.05253056117466,
        113.88665226527623,
        113.72257886614118,
        113.56028202601841,
        113.39974757603237,
        113.24094935825893,
        113.08384922572544,
        112.92843845912388,
        112.77469199044364,
        112.6225836617606,
        112.4720938546317,
        112.33621106828961,
        112.21467045375279,
        112.10721806117466,
        112.01363154820034,
        111.93370383126395,
        111.86727469308036,
        111.81421661376953,
        111.77444131033761,
        111.74790736607143
    ],