{"testproblem": "fmnist_2c2d", "batch_size": 128, "num_epochs": 100, "random_seed": 47, "weight_decay": null, "optimizer_name": "SGD", "optimizer_hyperparams": {"lr": 63.09573444801943}, "train_losses": [2.3443398781311817, 25.49861871279203, 22.343786655328213, 22.367004345624874, 25.8608583792662, 18.99519906899868, 24.773731231689453, 20.6158510354849, 29.17164981059539, 21.497936493311173, 24.107377370198567, 28.193747740525467, 24.561048043079865, 18.629908341627853, 19.91886838277181, 20.096409626496143, 21.222745870932556, 21.984790581923264, 15.08835342602852, 18.772688682262714, 20.305901136153782, 24.260949208186222, 19.866733820010456, 17.646043532933945, 26.401318134405674, 21.608571859506462, 19.59997745660635, 19.878844542381092, 19.843575917757473, 18.154150106968025, 23.82975949996557, 22.007306954799553, 23.499943928840832, 26.119923762786083, 27.302936969659267, 27.4927854293432, 18.305435535235283, 27.018761952718098, 24.4759397262182, 23.85655823732034, 19.037711290212776, 21.573066809238533, 26.595673805628067, 19.83537370730669, 25.263578879527557, 19.862330510066105, 24.718298374078213, 26.050053254151955, 19.636254481780224, 20.690888380393005, 26.414948634612255, 29.010438307737694, 19.97512841836, 26.408477294139374, 22.4131835546249, 25.596993446350098, 16.860012433467766, 22.47165961143298, 21.28810295691857, 13.815605884943253, 24.812943800901756, 24.399154491913624, 22.74243386586507, 15.745778450599083, 18.304937778375088, 27.315951909774387, 21.54852651938414, 21.75912387554462, 26.57794443766276, 17.989343692094852, 20.970063478518757, 22.431109257233448, 25.486469611143455, 26.82999393267509, 21.327549347510704, 17.757684047405537, 22.87801617842454, 29.66940904274965, 18.359153906504314, 20.1250725770608, 17.93550948607616, 23.93644518729968, 20.572778701782227, 14.02644038811708, 21.024588535993527, 21.3495239844689, 22.472618249746468, 23.44822475237724, 21.355803954295624, 20.489735212081516, 15.609666995513134, 23.962001922803047, 17.695448459723057, 20.48505267118796, 13.8091703806168, 25.460513139382385, 19.039626182653965, 25.905982995644592, 27.235594211480556, 20.75444128574469, 21.439084591009678], "test_losses": [2.3461312911449332, 25.661181572156075, 22.26858965555827, 22.18983911856627, 25.660936918014134, 18.890233993530273, 24.566164285708698, 20.645950268476437, 29.352071810991337, 21.692233305711014, 23.80639802492582, 28.178604419414814, 24.71140284416003, 18.559432005270935, 20.07052299303886, 20.143988902752216, 21.075327555338543, 21.918221718225723, 15.221912445166172, 18.71768842599331, 20.488203831208057, 24.194427367968437, 19.8277369034596, 17.675830229734764, 26.322732631976788, 21.69824639344827, 19.847383462465725, 19.862381592775, 19.854522387186687, 18.25198311683459, 23.975912118569397, 21.989615684900528, 23.65182531796969, 26.035362928341595, 27.41432150816306, 27.236411314744217, 18.08028227243668, 27.126760409428524, 24.671487319163788, 23.86461820357885, 19.11858034133911, 21.663545046097195, 26.699373171879696, 19.771700443365635, 25.48881322909624, 20.063172181447346, 24.66867872384878, 25.927113704192333, 19.468456610655174, 20.806580274533, 26.340090262584198, 28.980275936615772, 19.91779603713598, 26.310690464117588, 22.343666614630283, 25.668590447841545, 17.259206258333645, 22.55862627273951, 21.14408211830335, 14.059497710986015, 24.661384558066345, 23.975645970075558, 22.74991644345797, 15.60758149318206, 18.301810790330936, 27.31249726124299, 21.801642809158718, 21.74917228405292, 26.45170131096473, 17.850514118488018, 20.83567328330798, 22.378638658768093, 25.373187749813763, 26.891623497009277, 21.33545063703488, 17.688484179667938, 22.812794856536083, 29.528793090429062, 18.56591966824654, 19.842550717867336, 17.715033103258182, 23.95144699781369, 20.546570288829315, 13.8883342620654, 21.20099436931121, 21.289814117627266, 22.6216185154059, 23.71783090249086, 21.632130573957394, 20.394053532527042, 15.471862560663467, 23.829903871585163, 17.630485497988186, 20.37868455740122, 13.830212177374424, 25.545879339560486, 18.981037873488205, 26.029613812764484, 27.10843184055426, 20.31209231645633, 21.49134281354073], "train_accuracies": [0.10226362179487179, 0.10667067307692307, 0.10036057692307693, 0.0953525641025641, 0.09635416666666667, 0.10126201923076923, 0.10016025641025642, 0.10256410256410256, 0.09825721153846154, 0.10136217948717949, 0.10006009615384616, 0.10056089743589744, 0.10086137820512821, 0.09785657051282051, 0.09975961538461539, 0.10086137820512821, 0.09885817307692307, 0.1006610576923077, 0.10256410256410256, 0.1024639423076923, 0.1006610576923077, 0.09915865384615384, 0.10376602564102565, 0.10476762820512821, 0.10076121794871795, 0.10306490384615384, 0.09975961538461539, 0.09845753205128205, 0.09955929487179487, 0.10556891025641026, 0.09945913461538461, 0.10076121794871795, 0.10206330128205128, 0.10186298076923077, 0.09865785256410256, 0.10186298076923077, 0.09635416666666667, 0.10506810897435898, 0.09935897435897435, 0.10366586538461539, 0.10126201923076923, 0.0946514423076923, 0.10016025641025642, 0.10026041666666667, 0.10486778846153846, 0.10346554487179487, 0.09825721153846154, 0.10046073717948718, 0.09935897435897435, 0.10326522435897435, 0.09805689102564102, 0.10256410256410256, 0.09715544871794872, 0.09645432692307693, 0.09825721153846154, 0.1038661858974359, 0.10256410256410256, 0.09685496794871795, 0.10286458333333333, 0.10266426282051282, 0.0992588141025641, 0.09515224358974358, 0.1038661858974359, 0.0985576923076923, 0.09895833333333333, 0.10056089743589744, 0.1024639423076923, 0.1024639423076923, 0.09975961538461539, 0.09935897435897435, 0.09244791666666667, 0.09805689102564102, 0.09775641025641026, 0.09865785256410256, 0.09875801282051282, 0.09415064102564102, 0.09815705128205128, 0.09805689102564102, 0.10236378205128205, 0.10096153846153846, 0.09805689102564102, 0.09645432692307693, 0.10236378205128205, 0.0985576923076923, 0.10236378205128205, 0.10286458333333333, 0.09955929487179487, 0.09595352564102565, 0.09785657051282051, 0.09835737179487179, 0.1038661858974359, 0.09385016025641026, 0.10126201923076923, 0.1006610576923077, 0.10166266025641026, 0.10206330128205128, 0.10196314102564102, 0.09745592948717949, 0.09845753205128205, 0.09645432692307693, 0.10536858974358974],