{
    "testproblem": "quadratic_deep",
    "batch_size": 128,
    "num_epochs": 100,
    "random_seed": 44,
    "l2_reg": null,
    "optimizer_name": "AMSGrad",
    "optimizer_hyperparams": {
        "learning_rate": 0.06796578090758151,
        "beta1": 0.5072091521946193,
        "beta2": 0.9923553226446393,
        "epsilon": 1e-08,
        "use_locking": false
    },
    "training_params": {
        "lr_sched_epochs": null,
        "lr_sched_factors": null
    },
    "train_losses": [
        352.5200631277902,
        109.10225023542132,
        101.84120287214007,
        98.76201956612724,
        96.29211098807198,
        94.31964220319476,
        92.7537100655692,
        91.50900704520089,
        90.51392582484654,
        89.71258326939174,
        89.06217302594867,
        88.52995954241071,
        88.09096963065011,
        87.72609492710659,
        87.4205300467355,
        87.16265324183873,
        86.94363294328961,
        86.75644247872489,
        86.59552764892578,
        86.45646558489118,
        86.3357173374721,
        86.23042951311383,
        86.13828604561942,
        86.05736214773995,
        85.98607090541294,
        85.92308807373047,
        85.86730085100446,
        85.81776210239956,
        85.77367619105748,
        85.73435320172992,
        85.69920240129743,
        85.66771806989398,
        85.63945988246373,
        85.61404309953961,
        85.5911396571568,
        85.57046072823661,
        85.55174909319196,
        85.5347878592355,
        85.5193852015904,
        85.505368913923,
        85.49259403773716,
        85.48092433384487,
        85.47024427141461,
        85.46045684814453,
        85.45146070207868,
        85.4431904384068,
        85.43556758335659,
        85.42853001185826,
        85.4220221383231,
        85.41599709647042,
        85.410400390625,
        85.4051982334682,
        85.40035792759487,
        85.39584568568638,
        85.3916255405971,
        85.38768768310547,
        85.38399505615234,
        85.38053131103516,
        85.37728009905133,
        85.37422398158482,
        85.37134443010602,
        85.36863272530692,
        85.36607251848493,
        85.36365182059151,
        85.36136736188617,
        85.35920061383929,
        85.35714939662388,
        85.35519736153739,
        85.3533445085798,
        85.3515875680106,
        85.34991237095424,
        85.34832654680524,
        85.34681156703404,
        85.3453608921596,
        85.34397997174945,
        85.34265572684151,
        85.34139033726284,
        85.34017508370536,
        85.33901650565011,
        85.33789825439453,
        85.33682795933315,
        85.33580017089844,
        85.33480725969586,
        85.33385794503349,
        85.33293914794922,
        85.33205195835659,
        85.33119855608258,
        85.33037894112724,
        85.32958330426898,
        85.32881491524833,
        85.3280748639788,
        85.32735552106585,
        85.32665579659599,
        85.32598331996373,
        85.32533264160156,
        85.32470158168248,
        85.32408578055245,
        85.32349068777901,
        85.32291194370815,
        85.32234845842633,
        85.32180350167411
    ],
    "valid_losses": [
        353.8127659388951,
        110.26008823939732,
        102.8636005946568,
        99.80049678257534,
        97.33831678118024,
        95.37544468470982,
        93.8189926147461,
        92.58337075369698,
        91.59685952322823,
        90.80351802280971,
        90.16048431396484,
        89.63501630510602,
        89.20216369628906,
        88.8428475516183,
        88.54227229527065,
        88.2888663155692,
        88.0738296508789,
        87.89019557407924,
        87.73245348249164,
        87.59622519356864,
        87.47800554547992,
        87.37498038155692,
        87.28485325404576,
        87.20574297223773,
        87.13607679094586,
        87.07455335344586,
        87.02008492606026,
        86.97174181256976,
        86.9287360055106,
        86.89039502825055,
        86.85613577706474,
        86.82547215053013,
        86.79796055385044,
        86.77322823660714,
        86.75094495500836,
        86.73083932059151,
        86.71266719273159,
        86.69619315011161,
        86.68123844691685,
        86.66763523646763,
        86.65523965018136,
        86.64392198835101,
        86.6335688999721,
        86.62407902308873,
        86.61536080496651,
        86.60734558105469,
        86.59995923723493,
        86.5931396484375,
        86.58683449881417,
        86.58099256243024,
        86.57556915283203,
        86.57052503313336,
        86.56582859584263,
        86.5614482334682,
        86.55735560825893,
        86.55352456229073,
        86.54993438720703,
        86.54656546456474,
        86.54340144566127,
        86.54042489188058,
        86.53761727469308,
        86.53496987479073,
        86.53246961321149,
        86.5301045009068,
        86.52786472865513,
        86.52574157714844,
        86.52372741699219,
        86.52181461879185,
        86.51999337332589,
        86.51825714111328,
        86.51661137172154,
        86.51504407610211,
        86.51354217529297,
        86.5121100289481,
        86.51073782784599,
        86.50942557198661,
        86.50816672188895,
        86.50696127755302,
        86.50579833984375,
        86.5046866280692,
        86.50361633300781,
        86.50258527483258,
        86.50159454345703,
        86.50063759940011,
        86.49971989222935,
        86.4988272530692,
        86.49796840122768,
        86.49713679722377,
        86.496335710798,
        86.4955586024693,
        86.49480874197823,
        86.49407849993024,
        86.49337441580636,
        86.49269212995257,
        86.49202728271484,
        86.4913831438337,
        86.49075753348214,
        86.49014936174665,
        86.48955971854073,
        86.48898533412388,
        86.48843056815011
    ],