{
    "testproblem": "quadratic_deep",
    "batch_size": 128,
    "num_epochs": 100,
    "random_seed": 42,
    "l2_reg": null,
    "optimizer_name": "MomentumOptimizer",
    "optimizer_hyperparams": {
        "learning_rate": 0.00314891164795686,
        "momentum": 0.7114476009343417,
        "use_locking": false,
        "use_nesterov": true
    },
    "training_params": {
        "lr_sched_epochs": [
            1,
            2,
            3,
            4,
            5,
            6,
            7,
            8,
            9,
            10,
            11,
            12,
            13,
            14,
            15,
            16,
            17,
            18,
            19,
            20,
            21,
            22,
            23,
            24,
            25,
            26,
            27,
            28,
            29,
            30,
            31,
            32,
            33,
            34,
            35,
            36,
            37,
            38,
            39,
            40,
            41,
            42,
            43,
            44,
            45,
            46,
            47,
            48,
            49,
            50,
            51,
            52,
            53,
            54,
            55,
            56,
            57,
            58,
            59,
            60,
            61,
            62,
            63,
            64,
            65,
            66,
            67,
            68,
            69,
            70,
            71,
            72,
            73,
            74,
            75,
            76,
            77,
            78,
            79,
            80,
            81,
            82,
            83,
            84,
            85,
            86,
            87,
            88,
            89,
            90,
            91,
            92,
            93,
            94,
            95,
            96,
            97,
            98,
            99,
            100
        ],
        "lr_sched_factors": [
            0.1,
            0.2,
            0.3,
            0.4,
            0.5,
            0.6,
            0.7,
            0.8,
            0.9,
            1.0,
            1.0,
            1.0,
            1.0,
            1.0,
            1.0,
            1.0,
            1.0,
            1.0,
            1.0,
            1.0,
            1.0,
            1.0,
            1.0,
            1.0,
            1.0,
            1.0,
            1.0,
            1.0,
            1.0,
            1.0,
            1.0,
            1.0,
            1.0,
            1.0,
            1.0,
            1.0,
            1.0,
            1.0,
            1.0,
            1.0,
            1.0,
            1.0,
            1.0,
            1.0,
            1.0,
            1.0,
            1.0,
            1.0,
            1.0,
            1.0,
            1.0,
            1.0,
            1.0,
            1.0,
            1.0,
            1.0,
            1.0,
            1.0,
            1.0,
            1.0,
            1.0,
            1.0,
            1.0,
            1.0,
            1.0,
            1.0,
            1.0,
            1.0,
            1.0,
            1.0,
            1.0,
            1.0,
            1.0,
            1.0,
            1.0,
            1.0,
            1.0,
            1.0,
            1.0,
            1.0,
            1.0,
            1.0,
            1.0,
            1.0,
            1.0,
            1.0,
            1.0,
            1.0,
            1.0,
            1.0,
            0.9090909090909091,
            0.8181818181818181,
            0.7272727272727273,
            0.6363636363636364,
            0.5454545454545454,
            0.4545454545454546,
            0.36363636363636365,
            0.2727272727272727,
            0.18181818181818177,
            0.09090909090909094
        ]
    },
    "train_losses": [
        355.276114327567,
        108.44483947753906,
        106.74588884626117,
        104.24701581682477,
        103.24480983189174,
        102.52117483956474,
        101.67823028564453,
        100.72933197021484,
        99.70018441336495,
        98.6199972970145,
        97.51616777692523,
        96.41391209193638,
        95.41495077950614,
        94.52201298304966,
        93.72117941720145,
        93.00191388811383,
        92.35495213099888,
        91.77210998535156,
        91.24621691022601,
        90.77093614850726,
        90.34071132114956,
        89.95063781738281,
        89.5963865007673,
        89.27413722446987,
        88.9805188860212,
        88.71255057198661,
        88.46758706229073,
        88.24329485212054,
        88.03759438650948,
        87.84863826206752,
        87.67480577741351,
        87.51462118966239,
        87.36680276053292,
        87.23018101283482,
        87.1037346976144,
        86.98652648925781,
        86.87773677280971,
        86.77662331717355,
        86.6825180053711,
        86.59482683454242,
        86.5130113874163,
        86.43658011300224,
        86.36510576520648,
        86.29818289620536,
        86.23545837402344,
        86.17660849434989,
        86.12133244105748,
        86.06937190464565,
        86.02047075544085,
        85.97441864013672,
        85.93101065499442,
        85.89005279541016,
        85.85138811383929,
        85.81485203334263,
        85.7802963256836,
        85.74760437011719,
        85.71664537702289,
        85.68731362479073,
        85.6594979422433,
        85.63311222621373,
        85.60806056431362,
        85.58426666259766,
        85.56165967668805,
        85.54015786307198,
        85.5197001865932,
        85.50023106166294,
        85.48168836321149,
        85.46402522495815,
        85.44718606131417,
        85.4311272757394,
        85.41580745152065,
        85.40118626185826,
        85.38722446986607,
        85.37388610839844,
        85.36114174979073,
        85.34895324707031,
        85.33730207170758,
        85.32615225655692,
        85.31548200334821,
        85.30526406424386,
        85.29547991071429,
        85.28610338483539,
        85.27711486816406,
        85.26849801199776,
        85.26023646763393,
        85.25230189732143,
        85.24469212123326,
        85.23738316127232,
        85.23036629813058,
        85.22362300327846,
        85.2171401977539,
        85.21091025216239,
        85.19347272600446,
        85.17966025216239,
        85.16788155691964,
        85.15793064662388,
        85.14973667689732,
        85.14315250941685,
        85.1380637032645,
        85.13434055873326,
        85.1318860735212
    ],