{
    "testproblem": "quadratic_deep",
    "batch_size": 128,
    "num_epochs": 100,
    "random_seed": 42,
    "l2_reg": null,
    "optimizer_name": "AdamOptimizer",
    "optimizer_hyperparams": {
        "learning_rate": 0.00044145368764944787,
        "beta1": 0.9515666733432182,
        "beta2": 0.9573249396037167,
        "epsilon": 1e-08,
        "use_locking": false
    },
    "training_params": {
        "lr_sched_epochs": [],
        "lr_sched_factors": []
    },
    "train_losses": [
        278.30774361746654,
        275.33917236328125,
        272.40216064453125,
        269.4955749511719,
        266.6196507045201,
        263.77452305385043,
        260.9602791922433,
        258.17692129952565,
        255.4244646344866,
        252.7028547014509,
        250.01199776785714,
        247.35174560546875,
        244.72200230189733,
        242.1225803920201,
        239.5533185686384,
        237.0140838623047,
        234.5046888078962,
        232.02502223423548,
        229.57494245256697,
        227.1543208530971,
        224.7630331856864,
        222.4010053362165,
        220.0681392124721,
        217.76436941964286,
        215.48958260672433,
        213.24373953683036,
        211.0267595563616,
        208.83854457310267,
        206.67909676688058,
        204.54830278669084,
        202.44612993512834,
        200.3725084577288,
        198.32738167898995,
        196.31068638392858,
        194.32239859444755,
        192.36242457798548,
        190.43071637834822,
        188.5272500174386,
        186.6519557407924,
        184.80477905273438,
        182.98568289620536,
        181.1946040562221,
        179.43147931780135,
        177.69624764578683,
        175.98888070242745,
        174.30929565429688,
        172.6574249267578,
        171.03320966448103,
        169.4365735735212,
        167.86742946079798,
        166.32568141392298,
        164.81126185825892,
        163.3240683419364,
        161.86402021135603,
        160.43101719447546,
        159.02494376046317,
        157.6457257952009,
        156.29325430733817,
        154.96742466517858,
        153.66816057477678,
        152.3953639439174,
        151.14892578125,
        149.92876325334822,
        148.73477826799666,
        147.56687709263392,
        146.42495945521765,
        145.30894688197546,
        144.21875217982702,
        143.1542467389788,
        142.1153847830636,
        141.10205078125,
        140.11416625976562,
        139.1516374860491,
        138.21437181745256,
        137.3022744315011,
        136.4152592250279,
        135.55324336460657,
        134.7161363874163,
        133.90381731305803,
        133.11620875767298,
        132.3531951904297,
        131.61466544015067,
        130.9004898071289,
        130.21056474958147,
        129.5447256905692,
        128.902827671596,
        128.2846963065011,
        127.69014522007534,
        127.11895642961774,
        126.5708977835519,
        126.04568917410714,
        125.54305158342633,
        125.06262534005302,
        124.6040529523577,
        124.16694096156529,
        123.75088500976562,
        123.35542297363281,
        122.98011779785156,
        122.62448338099888,
        122.28801509312221,
        121.97019304547992
    ],
    "valid_losses": [
        276.63147408621654,
        273.6948896135603,
        270.7896030970982,
        267.9147426060268,
        265.0704912458147,
        262.2570343017578,
        259.47435433524,
        256.7225537981306,
        254.0015825544085,
        251.3113752092634,
        248.6518314906529,
        246.0228271484375,
        243.4242226736886,
        240.85584150041853,
        238.3175332205636,
        235.8091299874442,
        233.3304726736886,
        230.88142830984933,
        228.46187046595983,
        226.07166399274553,
        223.71069117954798,
        221.3788844517299,
        219.07613699776786,
        216.80237688337053,
        214.55751473563058,
        212.34149823869978,
        210.15424455915178,
        207.99566432407923,
        205.86575535365515,
        203.764404296875,
        201.69154575892858,
        199.64714704241072,
        197.63113403320312,
        195.64343479701452,
        193.68402971540178,
        191.75282505580358,
        189.8497576032366,
        187.97481427873885,
        186.12791224888392,
        184.3089882986886,
        182.51801191057478,
        180.75491768973214,
        179.01961408342635,
        177.31207711356026,
        175.6322261265346,
        173.98000008719308,
        172.35531616210938,
        170.75811331612724,
        169.18829563685827,
        167.64577157156808,
        166.13043648856026,
        164.64220537458147,
        163.1809583391462,
        161.7466060093471,
        160.33902195521765,
        158.95808628627233,
        157.60370526994978,
        156.27574593680245,
        154.9740949358259,
        153.69865199497767,
        152.44930812290735,
        151.2259521484375,
        150.02847508021765,
        148.85680062430245,
        147.71080671037947,
        146.59041704450334,
        145.4955335344587,
        144.42609296526228,
        143.38199724469865,
        142.36317443847656,
        141.3695569719587,
        140.4010772705078,
        139.4576699393136,
        138.53925214494978,
        137.64576721191406,
        136.77715192522322,
        135.93333871023995,
        135.11425999232702,
        134.31983947753906,
        133.55000741141183,
        132.80466788155692,
        132.08373696463448,
        131.38711656842912,
        130.71470424107142,
        130.06636374337333,
        129.44197845458984,
        128.8413827078683,
        128.26441628592355,
        127.71088191441127,
        127.18056379045758,
        126.67322213309151,
        126.1885735648019,
        125.72628348214286,
        125.2859878540039,
        124.86725507463727,
        124.46963609967914,
        124.0926262991769,
        123.73570905412946,
        123.39835139683315,
        123.07999856131417,
        122.78010668073382
    ],