{"testproblem": "mnist_mlp", "batch_size": 128, "num_epochs": 100, "random_seed": 48, "weight_decay": null, "optimizer_name": "SGD", "optimizer_hyperparams": {"lr": 0.001}, "train_losses": [2.30185460127317, 2.2985940407484007, 2.2955001776035013, 2.2917556701562343, 2.28798455458421, 2.283315869478079, 2.278024841577579, 2.2715556163054247, 2.2630597903178287, 2.252696541639475, 2.2399156857759523, 2.223302975679055, 2.2018267649870653, 2.172789665368887, 2.1337197835628805, 2.082255076139401, 2.0186017598861303, 1.9450495090240087, 1.841093089336004, 1.73414247463911, 1.5995238927694468, 1.456592769194872, 1.31153120750036, 1.1807415286699932, 1.06238704537734, 0.9803635860100771, 0.9076780386460133, 0.8467082770971152, 0.7900483417205322, 0.7384600326036795, 0.7149389347968957, 0.6691234952364212, 0.6450091436123236, 0.6102182013102067, 0.5850437696163471, 0.564972813312824, 0.5510691098677807, 0.5361168961494397, 0.5139061017678335, 0.5134172347875742, 0.48248567680517834, 0.4798204753643427, 0.461640538695531, 0.4632837909918565, 0.4437200102286461, 0.44234393804501265, 0.4292134592930476, 0.43286573734038913, 0.4093205923071274, 0.41414559269562745, 0.3878676883685283, 0.40680389755811447, 0.3861491662951616, 0.3940351200409425, 0.3856950406080637, 0.38460432890898144, 0.3790136946317477, 0.3604461663426497, 0.37119945597190124, 0.39360994578172, 0.3569246679544449, 0.34529609768054426, 0.34683248018607116, 0.34445439470119965, 0.3464893677677864, 0.35235550235479307, 0.33363293684445894, 0.3253326544012779, 0.3374259554040738, 0.32192022735491777, 0.31405871437910277, 0.33956563835724807, 0.33378267135375583, 0.33620206266641617, 0.3275872761240372, 0.3149238494344247, 0.3260938794567035, 0.3197225716251593, 0.3166310647741342, 0.3011601467927297, 0.31935060215302, 0.29725604981948167, 0.3018910989929468, 0.31304750113915175, 0.29843838321856964, 0.29499517323879093, 0.30528615720761126, 0.30360503284594953, 0.29344049401772326, 0.2950103640174254, 0.2737026680738498, 0.2914802699516981, 0.2840007442312363, 0.27630145886005497, 0.2800072641708912, 0.27814107980483616, 0.2785008815236581, 0.27902785612222475, 0.2732312641082666, 0.28619813728026855, 0.2814667515265636], "test_losses": [2.3016496988443227, 2.2984415415005808, 2.2950530021618576, 2.291373509627122, 2.287272511384426, 2.2825529208550086, 2.2769965636424527, 2.2703063579706044, 2.2620767538364115, 2.2517406145731607, 2.238551063415332, 2.2214783124434643, 2.199090844545609, 2.1694093820376272, 2.1300093821990185, 2.078415334224701, 2.0130197421098366, 1.93259470585065, 1.8352778202448137, 1.7184041891342554, 1.581504919590094, 1.4311909950696504, 1.2834105078990643, 1.1521209195638313, 1.043709851992436, 0.955044122842642, 0.8819062526409442, 0.8207636261597658, 0.7683298732989874, 0.723256141329423, 0.6846558516606306, 0.6510019925160285, 0.6209655778530316, 0.5950665426177856, 0.5720560235472826, 0.55124143549265, 0.532513731947312, 0.5163545763263335, 0.5011020518648319, 0.4875653984072881, 0.4757216148651563, 0.46342209459115297, 0.4535856053042106, 0.4433174484815353, 0.43522978937014556, 0.42587154110272724, 0.41903592550601715, 0.41187760635064197, 0.40500178083013266, 0.3991983978985212, 0.3930303081870079, 0.38718265218612474, 0.38250636299833274, 0.3771259235456968, 0.3726547692830746, 0.36833890995536095, 0.3645102639610951, 0.3607070656636587, 0.35632928661428964, 0.3538433832044785, 0.3502209802659658, 0.34616524687944317, 0.3438410436113675, 0.3405758967288794, 0.33736689990529645, 0.33474167364721114, 0.33222756019005406, 0.3290537176414942, 0.3278319076276742, 0.32535849568935543, 0.3228909713813128, 0.3192615247785281, 0.3175273448324356, 0.31500325991939276, 0.3130731959946645, 0.31124794335128403, 0.30900377789751077, 0.3070014175027609, 0.30459820703627205, 0.3030450458232409, 0.30020539691815007, 0.29933303456084853, 0.29631886497522014, 0.29489579228445506, 0.2932720307069711, 0.29153431866031426, 0.2894529938602295, 0.28752499933426195, 0.28560659466072535, 0.28420903848914, 0.28239446501128185, 0.28069510143727827, 0.28032380098906845, 0.27734760782466483, 0.27560976033027357, 0.2738056454138878, 0.27260059724824554, 0.27093639740577113, 0.2689566937967753, 0.26807134880278355, 0.26641760823818356], "train_accuracies": [0.10086137820512821, 0.10276442307692307, 0.10176282051282051, 0.12630208333333334, 0.17057291666666666, 0.22025240384615385, 0.2653245192307692, 0.2961738782051282, 0.3215144230769231, 0.33924278846153844, 0.3551682692307692, 0.3639823717948718, 0.3645833333333333, 0.3680889423076923, 0.3825120192307692, 0.39232772435897434, 0.406650641025641, 0.4355969551282051, 0.47485977564102566, 0.5160256410256411, 0.5647035256410257, 0.6104767628205128, 0.6482371794871795, 0.6857972756410257, 0.727363782051282, 0.7387820512820513, 0.7514022435897436, 0.7653245192307693, 0.7819511217948718, 0.7942708333333334, 0.7955729166666666, 0.813301282051282, 0.8182091346153846, 0.8268229166666666, 0.8368389423076923, 0.8421474358974359, 0.8420472756410257, 0.8506610576923077, 0.8552684294871795, 0.854667467948718, 0.862479967948718, 0.8659855769230769, 0.8687900641025641, 0.8693910256410257, 0.8754006410256411, 0.8763020833333334, 0.8821113782051282, 0.8798076923076923, 0.8886217948717948, 0.8848157051282052, 0.8900240384615384, 0.8857171474358975, 0.8887219551282052, 0.890625, 0.8936298076923077, 0.8887219551282052, 0.8967347756410257, 0.8942307692307693, 0.8980368589743589, 0.8892227564102564, 0.8994391025641025, 0.9027443910256411, 0.9021434294871795, 0.9041466346153846, 0.9026442307692307, 0.8991386217948718, 0.9048477564102564, 0.9085536858974359, 0.9043469551282052, 0.9105568910256411, 0.9118589743589743, 0.9051482371794872, 0.9069511217948718, 0.9047475961538461, 0.9120592948717948, 0.9107572115384616, 0.9066506410256411, 0.9098557692307693, 0.9106570512820513, 0.9140625, 0.9067508012820513, 0.9169671474358975, 0.9104567307692307, 0.9140625, 0.9149639423076923, 0.9161658653846154, 0.9174679487179487, 0.9144631410256411, 0.9178685897435898, 0.9162660256410257, 0.9254807692307693, 0.9161658653846154, 0.9197716346153846, 0.9234775641025641, 0.9201722756410257, 0.9199719551282052, 0.9191706730769231, 0.9224759615384616, 0.9237780448717948, 0.9197716346153846, 0.9225761217948718],