{"testproblem": "fmnist_2c2d", "batch_size": 128, "num_epochs": 100, "random_seed": 50, "weight_decay": null, "optimizer_name": "SGD", "optimizer_hyperparams": {"lr": 0.000630957344480193}, "train_losses": [2.3791951155051208, 1.8240351279576619, 1.101332114293025, 0.8412635372235224, 0.7522172064353259, 0.6959735262088287, 0.6626725364954044, 0.6377333910801471, 0.6256225082354668, 0.6089508835321817, 0.5902193727401587, 0.5777604484405273, 0.5923082526677694, 0.568179169526467, 0.5498583630109445, 0.5589619993399351, 0.5549136572159253, 0.5287951895823846, 0.5198000367635336, 0.5242399577146921, 0.5216281448419278, 0.5041061062843372, 0.5042130717864404, 0.4976303031047185, 0.49026168500765777, 0.47932961124640244, 0.47824704341399366, 0.4764151523510615, 0.46976811381486744, 0.46256345586899, 0.4685026980363406, 0.45460258156825334, 0.46456418129114, 0.4395872740409313, 0.44984110463888216, 0.4595018441860492, 0.45719321072101593, 0.43447807125556165, 0.44608455705337036, 0.43136094357722843, 0.43673745561868715, 0.42598718519394213, 0.42896077266106236, 0.41365851309054935, 0.4154393134208826, 0.40842419939163405, 0.4121105819940567, 0.39434836843074894, 0.42032498083053493, 0.4080984007853728, 0.41165928848278827, 0.4156755988414471, 0.39333620285376525, 0.397465352446605, 0.40121626968567187, 0.39933907641814304, 0.37743002481949633, 0.38521758849040055, 0.3861319384513757, 0.395835857742872, 0.37897766209565675, 0.38680789027458584, 0.38237973550955456, 0.3788654341911658, 0.39488495408724517, 0.39078317009485686, 0.40861131174442095, 0.3883985582834635, 0.3686246551000155, 0.3682983330427072, 0.37005004363182264, 0.3749039324048238, 0.36960451954450363, 0.3636679744873291, 0.36347517447593886, 0.35681180636852217, 0.3422308258521251, 0.3837346083078629, 0.3655184329702304, 0.3795270522435506, 0.3548085853839532, 0.3669269283612569, 0.3648737168464905, 0.3497821744053792, 0.3513434473902751, 0.340344495116136, 0.3795808941507951, 0.35019609274772495, 0.3441099919951879, 0.36339759329954785, 0.37061803348553485, 0.35287156357215, 0.3558669231640987, 0.3385321444425827, 0.36033797168578857, 0.3351008177567751, 0.34320649944054776, 0.3487302592167488, 0.34994878008579594, 0.34503312447132206, 0.3337310856351486], "test_losses": [2.375075031549503, 1.82576635097846, 1.1181144660864122, 0.8549230243915167, 0.7664012121848571, 0.7210436226465763, 0.6896020116714331, 0.6682397253238238, 0.6516097371394818, 0.6350380457364596, 0.6194505435534012, 0.6060814903332636, 0.6043004657213504, 0.5935284992059072, 0.5798971290007616, 0.5692443595482752, 0.5767532594693012, 0.5555448979139328, 0.5503927507461646, 0.5521991791633459, 0.5425230161501811, 0.5284197173821621, 0.5296497814930402, 0.5204543692943377, 0.5160983426448627, 0.5084897661820437, 0.5043251705475342, 0.5033545016478269, 0.4978878360528212, 0.49480307560700637, 0.48724418649306667, 0.4852781288134746, 0.4918503306615047, 0.4789571219529861, 0.47716739697334093, 0.47705627060853517, 0.4807697660647906, 0.4691714950096913, 0.46823657705233646, 0.4631029764811198, 0.47142569682536983, 0.45190298022368014, 0.45699890989523667, 0.44739753084305006, 0.44371546461031985, 0.44765132589217943, 0.4523552182393196, 0.43631940545179904, 0.4423690866201352, 0.4368412685699952, 0.43621046191606766, 0.43345402563229585, 0.4254342902165193, 0.4322375743052898, 0.42490578652956545, 0.4343491192811575, 0.42061936435027, 0.4178737268233911, 0.4154730611122571, 0.42004097272188234, 0.41840924666478085, 0.42429115642339754, 0.4111741777413931, 0.4101747916294978, 0.4206548394300999, 0.4067405595993384, 0.42099218376171893, 0.4106069723000893, 0.41049455335507024, 0.40184941696815, 0.40101137107763535, 0.4018985357804176, 0.4011877798117124, 0.39625763434630173, 0.39718707593587727, 0.39777093953811204, 0.3936049712774081, 0.40561115474272996, 0.39163043063420516, 0.430111295901812, 0.39082983422737855, 0.4004477159335063, 0.3869021718318646, 0.3916013919008084, 0.3902612424049622, 0.38646517120874846, 0.40033618761942935, 0.3830074797838162, 0.3812479827648554, 0.39794990458549595, 0.4035716542066672, 0.3865622675571686, 0.3825769997560061, 0.37875045988804257, 0.3905105279424252, 0.3811739058448718, 0.37773578079083026, 0.38013943074605405, 0.371759550120586, 0.37540208185330415, 0.38677563613806015], "train_accuracies": [0.09565304487179487, 0.6055689102564102, 0.6972155448717948, 0.7315705128205128, 0.7424879807692307, 0.7573116987179487, 0.7732371794871795, 0.7729366987179487, 0.7762419871794872, 0.784354967948718, 0.7944711538461539, 0.7984775641025641, 0.7867588141025641, 0.8013822115384616, 0.8082932692307693, 0.8009815705128205, 0.7941706730769231, 0.811698717948718, 0.8182091346153846, 0.8123998397435898, 0.8147035256410257, 0.8246193910256411, 0.8235176282051282, 0.8251201923076923, 0.8279246794871795, 0.8336338141025641, 0.8315304487179487, 0.8345352564102564, 0.8402443910256411, 0.8396434294871795, 0.8353365384615384, 0.8407451923076923, 0.8374399038461539, 0.8470552884615384, 0.8404447115384616, 0.8411458333333334, 0.8432491987179487, 0.8498597756410257, 0.8449519230769231, 0.8510616987179487, 0.8475560897435898, 0.8493589743589743, 0.8475560897435898, 0.8565705128205128, 0.8565705128205128, 0.8568709935897436, 0.8524639423076923, 0.8691907051282052, 0.8505608974358975, 0.8607772435897436, 0.8576722756410257, 0.8565705128205128, 0.864082532051282, 0.8572716346153846, 0.8600761217948718, 0.8623798076923077, 0.8677884615384616, 0.8674879807692307, 0.8669871794871795, 0.8635817307692307, 0.8703926282051282, 0.8619791666666666, 0.8688902243589743, 0.8708934294871795, 0.8648838141025641, 0.8637820512820513, 0.8542668269230769, 0.8629807692307693, 0.8704927884615384, 0.8704927884615384, 0.8724959935897436, 0.8701923076923077, 0.8677884615384616, 0.8778044871794872, 0.8763020833333334, 0.8799078525641025, 0.8807091346153846, 0.8657852564102564, 0.8735977564102564, 0.8639823717948718, 0.875801282051282, 0.8692908653846154, 0.8760016025641025, 0.8792067307692307, 0.8786057692307693, 0.8837139423076923, 0.8639823717948718, 0.8766025641025641, 0.8794070512820513, 0.8734975961538461, 0.8695913461538461, 0.8765024038461539, 0.8754006410256411, 0.8830128205128205, 0.8724959935897436, 0.8829126602564102, 0.8826121794871795, 0.8764022435897436, 0.8793068910256411, 0.8809094551282052, 0.8851161858974359],