{
    "testproblem": "quadratic_deep",
    "batch_size": 128,
    "num_epochs": 100,
    "random_seed": 42,
    "l2_reg": null,
    "optimizer_name": "RAdamOptimizer",
    "optimizer_hyperparams": {
        "learning_rate": 0.006672367170464204,
        "beta1": 0.8609944236929847,
        "beta2": 0.8363008337692329,
        "epsilon": 1e-07
    },
    "training_params": {
        "lr_sched_epochs": [
            1,
            2,
            3,
            4,
            5,
            6,
            7,
            8,
            9,
            10,
            11,
            12,
            13,
            14,
            15,
            16,
            17,
            18,
            19,
            20,
            21,
            22,
            23,
            24,
            25,
            26,
            27,
            28,
            29,
            30,
            31,
            32,
            33,
            34,
            35,
            36,
            37,
            38,
            39,
            40,
            41,
            42,
            43,
            44,
            45,
            46,
            47,
            48,
            49,
            50,
            51,
            52,
            53,
            54,
            55,
            56,
            57,
            58,
            59,
            60,
            61,
            62,
            63,
            64,
            65,
            66,
            67,
            68,
            69,
            70,
            71,
            72,
            73,
            74,
            75,
            76,
            77,
            78,
            79,
            80,
            81,
            82,
            83,
            84,
            85,
            86,
            87,
            88,
            89,
            90,
            91,
            92,
            93,
            94,
            95,
            96,
            97,
            98,
            99,
            100
        ],
        "lr_sched_factors": [
            0.9755282581475768,
            0.9045084971874737,
            0.7938926261462366,
            0.6545084971874737,
            0.5,
            0.34549150281252633,
            0.2061073738537635,
            0.09549150281252633,
            0.024471741852423234,
            1,
            0.9938441702975689,
            0.9755282581475768,
            0.9455032620941839,
            0.9045084971874737,
            0.8535533905932737,
            0.7938926261462366,
            0.7269952498697734,
            0.6545084971874737,
            0.5782172325201155,
            0.5,
            0.42178276747988447,
            0.34549150281252633,
            0.2730047501302266,
            0.2061073738537635,
            0.14644660940672627,
            0.09549150281252633,
            0.054496737905816106,
            0.024471741852423234,
            0.00615582970243117,
            1,
            0.998458666866564,
            0.9938441702975689,
            0.9861849601988383,
            0.9755282581475768,
            0.9619397662556434,
            0.9455032620941839,
            0.9263200821770461,
            0.9045084971874737,
            0.8802029828000155,
            0.8535533905932737,
            0.8247240241650917,
            0.7938926261462366,
            0.7612492823579744,
            0.7269952498697734,
            0.6913417161825449,
            0.6545084971874737,
            0.6167226819279528,
            0.5782172325201155,
            0.5392295478639225,
            0.5,
            0.4607704521360776,
            0.42178276747988447,
            0.38327731807204746,
            0.34549150281252633,
            0.30865828381745514,
            0.2730047501302266,
            0.2387507176420256,
            0.2061073738537635,
            0.17527597583490823,
            0.14644660940672627,
            0.11979701719998453,
            0.09549150281252633,
            0.07367991782295391,
            0.054496737905816106,
            0.03806023374435663,
            0.024471741852423234,
            0.013815039801161721,
            0.00615582970243117,
            0.001541333133436018,
            1,
            0.9996145181203615,
            0.998458666866564,
            0.9965342284774632,
            0.9938441702975689,
            0.9903926402016152,
            0.9861849601988383,
            0.9812276182268236,
            0.9755282581475768,
            0.9690956679612421,
            0.9619397662556434,
            0.9540715869125407,
            0.9455032620941839,
            0.9362480035363986,
            0.9263200821770461,
            0.9157348061512727,
            0.9045084971874737,
            0.8926584654403724,
            0.8802029828000155,
            0.8671612547178428,
            0.8535533905932737,
            0.839400372766471,
            0.8247240241650917,
            0.8095469746549171,
            0.7938926261462366,
            0.7777851165098011,
            0.7612492823579744,
            0.7443106207484775,
            0.7269952498697734,
            0.7093298687687141,
            0.6913417161825449
        ]
    },
    "train_losses": [
        190.55392456054688,
        109.68556758335659,
        107.94686344691685,
        105.10556466238839,
        103.71693420410156,
        103.0814961024693,
        102.43821498325893,
        101.95925467354911,
        101.68398720877511,
        101.55902317592076,
        101.52719443184989,
        100.27898624965123,
        99.10685403006417,
        98.01994977678571,
        97.02254595075335,
        96.12022726876395,
        95.31518990652901,
        94.60560934884208,
        93.98770795549665,
        93.45670536586216,
        93.00705283028739,
        92.63260650634766,
        92.32686941964286,
        92.08321707589286,
        91.89493887765067,
        91.75526973179409,
        91.65731593540737,
        91.59402029854911,
        91.55810873849052,
        91.54203578404018,
        91.53799656459263,
        90.90578896658761,
        90.31671142578125,
        89.76969255719867,
        89.26539393833706,
        88.80272456577846,
        88.37935638427734,
        87.99294607979911,
        87.64126477922711,
        87.32190268380302,
        87.03238024030414,
        86.77031925746373,
        86.53346143450055,
        86.31965964181083,
        86.12689317975726,
        85.95328957693917,
        85.79714965820312,
        85.6568843296596,
        85.53108978271484,
        85.418454851423,
        85.31781441824776,
        85.22811671665737,
        85.14840371268136,
        85.07781546456474,
        85.01556941441127,
        84.9609603881836,
        84.91333334786552,
        84.87210191999164,
        84.83670915876117,
        84.80665043422154,
        84.78143528529576,
        84.76061466761998,
        84.74374062674386,
        84.7303968157087,
        84.7201647077288,
        84.71263122558594,
        84.70738438197544,
        84.70402090890067,
        84.7021233694894,
        84.70128086635044,
        84.70106724330357,
        84.57006290980748,
        84.44836316789899,
        84.33338928222656,
        84.22670200892857,
        84.1276604788644,
        84.03512137276786,
        83.948732648577,
        83.86819893973214,
        83.79299708775112,
        83.72269875662667,
        83.65697370256696,
        83.59548841203961,
        83.53792245047433,
        83.48399462018695,
        83.4334466116769,
        83.38604300362724,
        83.34156145368304,
        83.29979923793248,
        83.2605721609933,
        83.22371019635882,
        83.18905094691685,
        83.15645817347935,
        83.12579018729073,
        83.096921648298,
        83.06974792480469,
        83.04415130615234,
        83.0200445992606,
        82.99732862200055,
        82.9759270804269,
        82.95575496128627
    ],