{
    "testproblem": "quadratic_deep",
    "batch_size": 128,
    "num_epochs": 100,
    "random_seed": 50,
    "l2_reg": null,
    "optimizer_name": "LookaheadOptimizerRAdam",
    "optimizer_hyperparams": {
        "learning_rate": 0.0526296103107674,
        "beta1": 0.6829777573392017,
        "beta2": 0.8023792162944886,
        "epsilon": 1e-07,
        "k": 14,
        "alpha": 0.17123375973163968
    },
    "training_params": {
        "lr_sched_epochs": [
            1,
            2,
            3,
            4,
            5,
            6,
            7,
            8,
            9,
            10,
            11,
            12,
            13,
            14,
            15,
            16,
            17,
            18,
            19,
            20,
            21,
            22,
            23,
            24,
            25,
            26,
            27,
            28,
            29,
            30,
            31,
            32,
            33,
            34,
            35,
            36,
            37,
            38,
            39,
            40,
            41,
            42,
            43,
            44,
            45,
            46,
            47,
            48,
            49,
            50,
            51,
            52,
            53,
            54,
            55,
            56,
            57,
            58,
            59,
            60,
            61,
            62,
            63,
            64,
            65,
            66,
            67,
            68,
            69,
            70,
            71,
            72,
            73,
            74,
            75,
            76,
            77,
            78,
            79,
            80,
            81,
            82,
            83,
            84,
            85,
            86,
            87,
            88,
            89,
            90,
            91,
            92,
            93,
            94,
            95,
            96,
            97,
            98,
            99,
            100
        ],
        "lr_sched_factors": [
            0.1,
            0.2,
            0.3,
            0.4,
            0.5,
            0.6,
            0.7,
            0.8,
            0.9,
            1.0,
            1.0,
            1.0,
            1.0,
            1.0,
            1.0,
            1.0,
            1.0,
            1.0,
            1.0,
            1.0,
            1.0,
            1.0,
            1.0,
            1.0,
            1.0,
            1.0,
            1.0,
            1.0,
            1.0,
            1.0,
            1.0,
            1.0,
            1.0,
            1.0,
            1.0,
            1.0,
            1.0,
            1.0,
            1.0,
            1.0,
            1.0,
            1.0,
            1.0,
            1.0,
            1.0,
            1.0,
            1.0,
            1.0,
            1.0,
            1.0,
            1.0,
            1.0,
            1.0,
            1.0,
            1.0,
            1.0,
            1.0,
            1.0,
            1.0,
            1.0,
            1.0,
            1.0,
            1.0,
            1.0,
            1.0,
            1.0,
            1.0,
            1.0,
            1.0,
            1.0,
            1.0,
            1.0,
            1.0,
            1.0,
            1.0,
            1.0,
            1.0,
            1.0,
            1.0,
            1.0,
            1.0,
            1.0,
            1.0,
            1.0,
            1.0,
            1.0,
            1.0,
            1.0,
            1.0,
            1.0,
            0.9090909090909091,
            0.8181818181818181,
            0.7272727272727273,
            0.6363636363636364,
            0.5454545454545454,
            0.4545454545454546,
            0.36363636363636365,
            0.2727272727272727,
            0.18181818181818177,
            0.09090909090909094
        ]
    },
    "train_losses": [
        354.67714146205356,
        142.31690761021204,
        95.89199720110211,
        103.11267852783203,
        96.29571315220424,
        100.40458025251117,
        91.9408209664481,
        101.20941489083427,
        89.20286451067243,
        100.77195521763393,
        94.66894640241351,
        101.51373182024274,
        93.14818572998047,
        98.97161538260323,
        92.40492357526507,
        97.58487047467914,
        92.26426914760044,
        96.3023910522461,
        92.1417726789202,
        95.38870021275112,
        92.05811091831752,
        94.73681313650948,
        91.99272918701172,
        94.27368491036552,
        91.94131360735211,
        93.94445691789899,
        91.89986201695034,
        93.71031624930245,
        91.86584363664899,
        93.54385702950614,
        91.83745465959821,
        93.42564828055245,
        91.8134264264788,
        93.34190259660993,
        91.79281398228237,
        93.28276933942523,
        91.77495683942523,
        93.24121747698102,
        91.75933728899274,
        93.21218763078961,
        91.74557386125836,
        93.1920667375837,
        91.73337881905692,
        93.17825753348214,
        91.7225091116769,
        93.16887991768974,
        91.71277727399554,
        93.162595476423,
        91.70403834751674,
        93.15843963623047,
        91.69615718296596,
        93.15572248186383,
        91.68903568812779,
        93.15396227155414,
        91.68258013044085,
        93.1528069632394,
        91.67671639578683,
        93.15202222551618,
        91.67137799944196,
        93.1514402117048,
        91.66650717599052,
        93.15094757080078,
        91.66205487932477,
        93.15047890799386,
        91.65797315325055,
        93.14998408726284,
        91.69858115059989,
        91.32609122140067,
        89.25609697614398,
        92.07469395228794,
        87.71809387207031,
        92.05525316510882,
        86.73810686383929,
        92.14642878941127,
        86.14208875383649,
        92.21702030726841,
        85.80076272147042,
        92.28565870012555,
        85.62686266217914,
        92.3478502546038,
        85.56076921735492,
        92.4035404750279,
        85.56211308070591,
        92.45264216831752,
        85.60374450683594,
        92.49549211774554,
        85.66766030447823,
        92.53258732386998,
        85.74207305908203,
        92.56451416015625,
        85.8194580078125,
        92.59184810093471,
        85.8999513898577,
        89.91060093470982,
        85.98628234863281,
        86.36463165283203,
        85.8630861554827,
        86.14219338553292,
        85.75393567766461,
        85.70936802455357,
        85.7035162789481
    ],