{
    "testproblem": "quadratic_deep",
    "batch_size": 128,
    "num_epochs": 100,
    "random_seed": 51,
    "l2_reg": null,
    "optimizer_name": "LookaheadOptimizerRAdam",
    "optimizer_hyperparams": {
        "learning_rate": 0.0526296103107674,
        "beta1": 0.6829777573392017,
        "beta2": 0.8023792162944886,
        "epsilon": 1e-07,
        "k": 14,
        "alpha": 0.17123375973163968
    },
    "training_params": {
        "lr_sched_epochs": [
            1,
            2,
            3,
            4,
            5,
            6,
            7,
            8,
            9,
            10,
            11,
            12,
            13,
            14,
            15,
            16,
            17,
            18,
            19,
            20,
            21,
            22,
            23,
            24,
            25,
            26,
            27,
            28,
            29,
            30,
            31,
            32,
            33,
            34,
            35,
            36,
            37,
            38,
            39,
            40,
            41,
            42,
            43,
            44,
            45,
            46,
            47,
            48,
            49,
            50,
            51,
            52,
            53,
            54,
            55,
            56,
            57,
            58,
            59,
            60,
            61,
            62,
            63,
            64,
            65,
            66,
            67,
            68,
            69,
            70,
            71,
            72,
            73,
            74,
            75,
            76,
            77,
            78,
            79,
            80,
            81,
            82,
            83,
            84,
            85,
            86,
            87,
            88,
            89,
            90,
            91,
            92,
            93,
            94,
            95,
            96,
            97,
            98,
            99,
            100
        ],
        "lr_sched_factors": [
            0.1,
            0.2,
            0.3,
            0.4,
            0.5,
            0.6,
            0.7,
            0.8,
            0.9,
            1.0,
            1.0,
            1.0,
            1.0,
            1.0,
            1.0,
            1.0,
            1.0,
            1.0,
            1.0,
            1.0,
            1.0,
            1.0,
            1.0,
            1.0,
            1.0,
            1.0,
            1.0,
            1.0,
            1.0,
            1.0,
            1.0,
            1.0,
            1.0,
            1.0,
            1.0,
            1.0,
            1.0,
            1.0,
            1.0,
            1.0,
            1.0,
            1.0,
            1.0,
            1.0,
            1.0,
            1.0,
            1.0,
            1.0,
            1.0,
            1.0,
            1.0,
            1.0,
            1.0,
            1.0,
            1.0,
            1.0,
            1.0,
            1.0,
            1.0,
            1.0,
            1.0,
            1.0,
            1.0,
            1.0,
            1.0,
            1.0,
            1.0,
            1.0,
            1.0,
            1.0,
            1.0,
            1.0,
            1.0,
            1.0,
            1.0,
            1.0,
            1.0,
            1.0,
            1.0,
            1.0,
            1.0,
            1.0,
            1.0,
            1.0,
            1.0,
            1.0,
            1.0,
            1.0,
            1.0,
            1.0,
            0.9090909090909091,
            0.8181818181818181,
            0.7272727272727273,
            0.6363636363636364,
            0.5454545454545454,
            0.4545454545454546,
            0.36363636363636365,
            0.2727272727272727,
            0.18181818181818177,
            0.09090909090909094
        ]
    },
    "train_losses": [
        354.7630615234375,
        186.05721173967635,
        98.33929443359375,
        102.55078996930804,
        94.92442212785993,
        100.13739340645927,
        91.30237688337054,
        109.4309823172433,
        93.91324070521763,
        95.62074933733258,
        106.85953739711216,
        142.56594848632812,
        92.62266758510044,
        119.21608516148159,
        94.33209119524274,
        118.32809012276786,
        94.16544015066964,
        115.21635001046317,
        94.40763854980469,
        113.16772351946149,
        94.5807113647461,
        111.49412427629743,
        94.75050462995257,
        110.1715567452567,
        94.90248434884208,
        109.10759735107422,
        95.03822980608258,
        108.24577222551618,
        95.15789903913226,
        107.54207611083984,
        95.26255798339844,
        106.96360669817243,
        95.35348946707589,
        106.48523821149554,
        95.43206460135323,
        106.0875712803432,
        95.4996566772461,
        105.75548662458148,
        95.55757904052734,
        105.4770976475307,
        95.60703931535993,
        105.24290684291294,
        95.64914158412388,
        105.04533168247768,
        95.68488093784877,
        104.87821851457868,
        95.71513039725167,
        104.73655591692243,
        95.74065726143974,
        104.61623164585659,
        95.76213836669922,
        104.51385171072823,
        95.78016335623605,
        104.42659650530133,
        95.7952379499163,
        104.35214233398438,
        95.80779702322823,
        104.28851318359375,
        95.8182144165039,
        104.23406764439174,
        95.82682146344867,
        104.18742370605469,
        95.83388846261161,
        104.14741952078683,
        95.83966064453125,
        104.11306762695312,
        95.84433310372489,
        104.08352552141461,
        95.84807913643974,
        104.05810655866351,
        95.85105242047992,
        104.03619166782924,
        95.8533684866769,
        104.01727621895927,
        95.85514068603516,
        104.0009296962193,
        95.85645621163505,
        103.98678152901786,
        95.85739244733539,
        103.9745101928711,
        95.85801587785993,
        103.96385628836495,
        95.85838099888393,
        103.95458875383649,
        95.85852486746651,
        103.94650377546039,
        95.85850415910993,
        103.93944004603794,
        95.85833304268974,
        103.93326350620815,
        95.85804857526507,
        103.92784118652344,
        95.68230765206474,
        102.62722451346261,
        96.8458023071289,
        86.66816166469029,
        85.00040871756417,
        85.3139397757394,
        84.91689736502511,
        85.09760502406529,
        84.66036660330636
    ],