{
    "testproblem": "quadratic_deep",
    "batch_size": 128,
    "num_epochs": 100,
    "random_seed": 42,
    "l2_reg": null,
    "optimizer_name": "RAdamOptimizer",
    "optimizer_hyperparams": {
        "learning_rate": 0.0035868164986275477,
        "beta1": 0.6033361928274137,
        "beta2": 0.9617192465315276,
        "epsilon": 1e-07
    },
    "training_params": {
        "lr_sched_epochs": [],
        "lr_sched_factors": []
    },
    "train_losses": [
        350.7010716029576,
        147.78086635044642,
        145.17229570661272,
        141.30294145856584,
        136.79261997767858,
        132.1400418962751,
        127.69077410016742,
        123.66302599225726,
        120.17405155726841,
        117.26309531075614,
        114.91107177734375,
        113.05793217250279,
        111.61837332589286,
        110.49623107910156,
        109.59763990129743,
        108.84180450439453,
        108.16773550851005,
        107.53538077218192,
        106.92213875906808,
        106.31732395717076,
        105.71714782714844,
        105.12125505719867,
        104.53074101039341,
        103.94718170166016,
        103.37218584333148,
        102.8072041102818,
        102.25347355433873,
        101.71199798583984,
        101.18353925432477,
        100.66869354248047,
        100.16785648890904,
        99.68128204345703,
        99.2091086251395,
        98.75135367257255,
        98.3079594203404,
        97.8788081577846,
        97.46370806012835,
        97.06244877406529,
        96.67476327078683,
        96.30038452148438,
        95.9390127999442,
        95.59033530099052,
        95.25404030936105,
        94.9298095703125,
        94.61731719970703,
        94.31624276297433,
        94.0262472970145,
        93.74702998570034,
        93.47825731549945,
        93.21961539132255,
        92.97078704833984,
        92.73145948137555,
        92.50133187430245,
        92.28009578159877,
        92.06745365687779,
        91.8631101335798,
        91.66677420479911,
        91.47816358293805,
        91.29700034005302,
        91.12300763811383,
        90.95592062813895,
        90.79547555106026,
        90.64142172677177,
        90.49350302559989,
        90.35148184640067,
        90.21512385777065,
        90.08420126778739,
        89.95848737444196,
        89.83777509416852,
        89.72184426443917,
        89.61050633021763,
        89.50355638776507,
        89.40082332066127,
        89.30211312430245,
        89.20725468226841,
        89.11608341761998,
        89.02844565255302,
        88.94418007986886,
        88.86314610072544,
        88.78519984654018,
        88.71020834786552,
        88.6380364554269,
        88.5685784476144,
        88.50170135498047,
        88.43729836600167,
        88.37526484898159,
        88.31549835205078,
        88.25789969308036,
        88.20238058907645,
        88.14884730747768,
        88.09722246442523,
        88.04741559709821,
        87.99935804094586,
        87.95298222133091,
        87.90820966448102,
        87.86497170584542,
        87.82321493966239,
        87.78286743164062,
        87.74388449532645,
        87.7062018258231,
        87.6697747366769
    ],
    "valid_losses": [
        352.05128696986606,
        149.06361389160156,
        146.44956534249442,
        142.57281930106026,
        138.05503409249442,
        133.3949933733259,
        128.93770708356584,
        124.90069798060826,
        121.40073830740792,
        118.47688729422433,
        116.11033521379743,
        114.24178096226284,
        112.78702872140067,
        111.65110887799945,
        110.7409907749721,
        109.97620936802456,
        109.2955823625837,
        108.65862274169922,
        108.04222106933594,
        107.43521881103516,
        106.83346230643136,
        106.23632376534599,
        105.64474378313336,
        105.06022317068917,
        104.48433031354632,
        103.91852024623326,
        103.36402675083706,
        102.82186780657086,
        102.2928237915039,
        101.77748107910156,
        101.27624075753349,
        100.7893556867327,
        100.31695883614677,
        99.8590578351702,
        99.41559164864677,
        98.98643275669643,
        98.57137625558036,
        98.17019980294364,
        97.7826407296317,
        97.40841238839286,
        97.04720633370536,
        96.69872065952846,
        96.36263275146484,
        96.03861236572266,
        95.72633579799107,
        95.42547607421875,
        95.13571275983539,
        94.8567123413086,
        94.5881587437221,
        94.32973153250558,
        94.08111681256976,
        93.8419941493443,
        93.61206599644252,
        93.39102172851562,
        93.17855943952289,
        92.9743881225586,
        92.77821677071708,
        92.58975873674665,
        92.40873609270368,
        92.23486982073102,
        92.06789725167411,
        91.90755135672433,
        91.7535879952567,
        91.60574122837612,
        91.46378653390067,
        91.32747105189732,
        91.19657897949219,
        91.07088143484933,
        90.95016915457589,
        90.83423178536552,
        90.72286660330636,
        90.61588614327567,
        90.51309640066964,
        90.41432625906808,
        90.31939697265625,
        90.22814614432198,
        90.14041464669364,
        90.05604553222656,
        89.97489602225167,
        89.89682878766742,
        89.82171085902623,
        89.74941144670758,
        89.67980412074498,
        89.61277879987445,
        89.54822540283203,
        89.4860360281808,
        89.42610386439732,
        89.36833953857422,
        89.31264822823661,
        89.25894056047711,
        89.20713370186942,
        89.15714917864118,
        89.1089106968471,
        89.06234196254185,
        89.01737867082868,
        88.97395542689732,
        88.93200138636998,
        88.89146532331195,
        88.85228511265346,
        88.8144062587193,
        88.77777862548828
    ],