{
    "testproblem": "quadratic_deep",
    "batch_size": 128,
    "num_epochs": 100,
    "random_seed": 50,
    "l2_reg": null,
    "optimizer_name": "AdaBoundOptimizer",
    "optimizer_hyperparams": {
        "learning_rate": 0.3060852210672247,
        "final_lr": 0.14760835337542907,
        "beta1": 0.5689542718995396,
        "beta2": 0.9754503448163554,
        "gamma": 0.00414979578989159,
        "epsilon": 1e-08,
        "amsbound": false,
        "use_locking": false
    },
    "training_params": {
        "lr_sched_epochs": null,
        "lr_sched_factors": null
    },
    "train_losses": [
        354.67714146205356,
        103.8735122680664,
        93.64047023228237,
        92.02418300083706,
        91.64442552839007,
        91.09923008510044,
        90.74504852294922,
        92.47625078473773,
        91.6488037109375,
        95.42895943777901,
        90.97495378766742,
        91.56142316545758,
        91.09705025809151,
        95.55560084751674,
        91.77625056675502,
        93.50387900216239,
        92.12165941510882,
        98.26845114571708,
        90.57114737374442,
        89.99861689976284,
        90.66048431396484,
        92.43553161621094,
        92.46470969063895,
        91.25382886614118,
        90.39952305385044,
        92.84564971923828,
        92.53883906773159,
        97.50088827950614,
        91.30743953159877,
        90.8053468976702,
        91.09082467215401,
        91.8593019757952,
        93.3753912789481,
        94.85938153948102,
        93.77494703020368,
        92.4673821585519,
        92.3790032523019,
        91.89112091064453,
        97.45473807198661,
        93.2282943725586,
        90.5848868233817,
        89.54788099016461,
        94.56817735944476,
        90.19163949148995,
        91.65404837472099,
        93.3383069719587,
        94.11702619280133,
        92.97677285330636,
        95.22398049490792,
        90.80433981759208,
        91.05348641531808,
        91.8435799734933,
        90.60381644112724,
        90.06420789446149,
        90.23902457101005,
        90.8949944632394,
        99.369142804827,
        91.46730150495257,
        89.94920240129743,
        90.65103803362165,
        90.13208988734654,
        98.57789829799107,
        95.70609501429966,
        91.9302477155413,
        91.7511454990932,
        90.71850258963448,
        91.50600324358258,
        91.12934221540179,
        96.1561998639788,
        90.97949545724052,
        91.14156123570034,
        91.56092616489956,
        91.1415525163923,
        101.56525094168526,
        93.21881648472377,
        90.3356432233538,
        90.51922498430524,
        90.85880606515067,
        90.84769003731864,
        100.7333515712193,
        90.2848619733538,
        90.46744755336216,
        90.65010397774833,
        91.669187273298,
        90.10954284667969,
        100.00149100167411,
        92.33116694859096,
        91.76512363978794,
        92.61777823311942,
        96.09400394984654,
        90.83579690115792,
        89.97008296421596,
        91.04161943708148,
        89.74651990618024,
        99.11901964460101,
        91.88541957310268,
        90.56673213413784,
        91.17982809884208,
        91.91448320661273,
        92.17799704415458,
        94.5882328578404
    ],
    "valid_losses": [
        353.8127659388951,
        104.26355743408203,
        93.82437896728516,
        92.00256456647601,
        91.63879830496651,
        91.21901593889508,
        90.92093549455915,
        92.81331089564732,
        91.61600276402065,
        95.759275163923,
        91.2015130179269,
        91.9778802054269,
        91.35963221958706,
        96.1257073538644,
        91.87493460518974,
        93.54172624860492,
        92.31576429094586,
        98.15850721086774,
        90.81986999511719,
        90.38108389718192,
        90.97360447474888,
        92.89127131870815,
        92.46097673688617,
        91.50614275251117,
        90.76423754010882,
        93.18268258231026,
        92.67633056640625,
        97.46634456089565,
        91.3565205165318,
        90.88470023018974,
        91.22242736816406,
        92.05645098005023,
        93.56711905343192,
        94.55206843784877,
        93.90905652727399,
        92.71032823835101,
        92.71649278913226,
        92.19424874441964,
        98.2793470110212,
        93.50815146309989,
        91.01253400530133,
        90.18397194998605,
        94.71854618617466,
        90.48324040004185,
        92.09122467041016,
        93.31529780796596,
        94.11819458007812,
        93.11571502685547,
        95.09363773890904,
        90.9629135131836,
        91.42885153634208,
        92.00713130405971,
        90.84625898088727,
        90.40926906040737,
        90.6047864641462,
        91.41465323311942,
        99.60537392752511,
        91.47390856061664,
        90.13884735107422,
        90.84136635916573,
        90.6131341116769,
        98.21435655866351,
        95.77572849818638,
        92.08158547537667,
        92.10311017717633,
        91.12477765764508,
        91.97445787702289,
        91.46725354875836,
        96.24257986886161,
        90.97556522914341,
        91.20208086286273,
        91.68864985874721,
        91.43564714704242,
        101.37788827078683,
        93.09952000209263,
        90.57700674874442,
        90.86184365408761,
        91.30687713623047,
        91.35570526123047,
        101.49454934256417,
        90.55023520333427,
        90.65789903913226,
        90.96199689592633,
        91.96512821742466,
        90.69634791782924,
        99.92859213692802,
        92.66777038574219,
        92.17083413260323,
        93.16575622558594,
        95.88182830810547,
        90.89582170758929,
        90.2776859828404,
        91.40007019042969,
        90.3452399117606,
        99.42266082763672,
        91.9988294328962,
        90.98595428466797,
        91.36510249546596,
        92.33045850481305,
        92.40240805489677,
        94.61733572823661
    ],