{
    "testproblem": "quadratic_deep",
    "batch_size": 128,
    "num_epochs": 100,
    "random_seed": 46,
    "l2_reg": null,
    "optimizer_name": "GradientDescentOptimizer",
    "optimizer_hyperparams": {
        "learning_rate": 0.01
    },
    "training_params": {
        "lr_sched_epochs": [
            1,
            2,
            3,
            4,
            5,
            6,
            7,
            8,
            9,
            10,
            11,
            12,
            13,
            14,
            15,
            16,
            17,
            18,
            19,
            20,
            21,
            22,
            23,
            24,
            25,
            26,
            27,
            28,
            29,
            30,
            31,
            32,
            33,
            34,
            35,
            36,
            37,
            38,
            39,
            40,
            41,
            42,
            43,
            44,
            45,
            46,
            47,
            48,
            49,
            50,
            51,
            52,
            53,
            54,
            55,
            56,
            57,
            58,
            59,
            60,
            61,
            62,
            63,
            64,
            65,
            66,
            67,
            68,
            69,
            70,
            71,
            72,
            73,
            74,
            75,
            76,
            77,
            78,
            79,
            80,
            81,
            82,
            83,
            84,
            85,
            86,
            87,
            88,
            89,
            90,
            91,
            92,
            93,
            94,
            95,
            96,
            97,
            98,
            99,
            100
        ],
        "lr_sched_factors": [
            0.9755282581475768,
            0.9045084971874737,
            0.7938926261462366,
            0.6545084971874737,
            0.5,
            0.34549150281252633,
            0.2061073738537635,
            0.09549150281252633,
            0.024471741852423234,
            1,
            0.9938441702975689,
            0.9755282581475768,
            0.9455032620941839,
            0.9045084971874737,
            0.8535533905932737,
            0.7938926261462366,
            0.7269952498697734,
            0.6545084971874737,
            0.5782172325201155,
            0.5,
            0.42178276747988447,
            0.34549150281252633,
            0.2730047501302266,
            0.2061073738537635,
            0.14644660940672627,
            0.09549150281252633,
            0.054496737905816106,
            0.024471741852423234,
            0.00615582970243117,
            1,
            0.998458666866564,
            0.9938441702975689,
            0.9861849601988383,
            0.9755282581475768,
            0.9619397662556434,
            0.9455032620941839,
            0.9263200821770461,
            0.9045084971874737,
            0.8802029828000155,
            0.8535533905932737,
            0.8247240241650917,
            0.7938926261462366,
            0.7612492823579744,
            0.7269952498697734,
            0.6913417161825449,
            0.6545084971874737,
            0.6167226819279528,
            0.5782172325201155,
            0.5392295478639225,
            0.5,
            0.4607704521360776,
            0.42178276747988447,
            0.38327731807204746,
            0.34549150281252633,
            0.30865828381745514,
            0.2730047501302266,
            0.2387507176420256,
            0.2061073738537635,
            0.17527597583490823,
            0.14644660940672627,
            0.11979701719998453,
            0.09549150281252633,
            0.07367991782295391,
            0.054496737905816106,
            0.03806023374435663,
            0.024471741852423234,
            0.013815039801161721,
            0.00615582970243117,
            0.001541333133436018,
            1,
            0.9996145181203615,
            0.998458666866564,
            0.9965342284774632,
            0.9938441702975689,
            0.9903926402016152,
            0.9861849601988383,
            0.9812276182268236,
            0.9755282581475768,
            0.9690956679612421,
            0.9619397662556434,
            0.9540715869125407,
            0.9455032620941839,
            0.9362480035363986,
            0.9263200821770461,
            0.9157348061512727,
            0.9045084971874737,
            0.8926584654403724,
            0.8802029828000155,
            0.8671612547178428,
            0.8535533905932737,
            0.839400372766471,
            0.8247240241650917,
            0.8095469746549171,
            0.7938926261462366,
            0.7777851165098011,
            0.7612492823579744,
            0.7443106207484775,
            0.7269952498697734,
            0.7093298687687141,
            0.6913417161825449
        ]
    },
    "train_losses": [
        258.059581211635,
        102.86635371616909,
        101.05200631277901,
        99.57293810163226,
        98.37003871372768,
        97.44123949323382,
        96.76850346156529,
        96.32220458984375,
        96.0633316040039,
        95.94528416224888,
        95.91520472935268,
        94.85061318533761,
        93.81239427839007,
        92.87803540910993,
        92.04724557059151,
        91.3150656563895,
        90.67532566615513,
        90.12128666469029,
        89.64602879115513,
        89.2427259172712,
        88.9047611781529,
        88.62578582763672,
        88.39973449707031,
        88.22077941894531,
        88.08329336983817,
        87.9817886352539,
        87.91087341308594,
        87.86517333984375,
        87.83927590506417,
        87.8276857648577,
        87.82477569580078,
        87.46809932163784,
        87.06383405412946,
        86.69032396589007,
        86.3485085623605,
        86.03617531912667,
        85.75109427315849,
        85.49112810407367,
        85.25425175258091,
        85.03857748849052,
        84.84233747209821,
        84.66390119280133,
        84.50177437918526,
        84.35458483014789,
        84.22108786446708,
        84.10014016287667,
        83.99070957728794,
        83.89185987200055,
        83.80274200439453,
        83.72257559640067,
        83.65065329415458,
        83.58633640834263,
        83.52902439662388,
        83.4781744820731,
        83.4332765851702,
        83.39386422293526,
        83.35949162074498,
        83.32975333077567,
        83.30425371442523,
        83.28262329101562,
        83.26451110839844,
        83.2495847429548,
        83.23750741141183,
        83.22797611781529,
        83.22067369733539,
        83.2153080531529,
        83.2115729195731,
        83.20917619977679,
        83.20782361711774,
        83.20722089494977,
        83.20707157679966,
        83.2051522391183,
        83.12415967668805,
        83.04507337297711,
        82.97101157052177,
        82.90170615059989,
        82.83683013916016,
        82.7760729108538,
        82.7191390991211,
        82.66575949532645,
        82.61568341936383,
        82.56867109026227,
        82.52450670514789,
        82.48299080984933,
        82.44393811907086,
        82.4071786063058,
        82.37254660470145,
        82.33990369524274,
        82.30911581856864,
        82.28005763462612,
        82.2526103428432,
        82.22667585100446,
        82.20215388706752,
        82.178957257952,
        82.1570074898856,
        82.13622610909599,
        82.11654663085938,
        82.097900390625,
        82.08023834228516,
        82.0635016305106,
        82.04764229910714
    ],