{
    "testproblem": "quadratic_deep",
    "batch_size": 128,
    "num_epochs": 100,
    "random_seed": 42,
    "l2_reg": null,
    "optimizer_name": "NAGOptimizer",
    "optimizer_hyperparams": {
        "learning_rate": 0.0034341379231839246,
        "momentum": 0.988096275585141,
        "use_locking": false,
        "use_nesterov": true
    },
    "training_params": {
        "lr_sched_epochs": [
            1,
            2,
            3,
            4,
            5,
            6,
            7,
            8,
            9,
            10,
            11,
            12,
            13,
            14,
            15,
            16,
            17,
            18,
            19,
            20,
            21,
            22,
            23,
            24,
            25,
            26,
            27,
            28,
            29,
            30,
            31,
            32,
            33,
            34,
            35,
            36,
            37,
            38,
            39,
            40,
            41,
            42,
            43,
            44,
            45,
            46,
            47,
            48,
            49,
            50,
            51,
            52,
            53,
            54,
            55,
            56,
            57,
            58,
            59,
            60,
            61,
            62,
            63,
            64,
            65,
            66,
            67,
            68,
            69,
            70,
            71,
            72,
            73,
            74,
            75,
            76,
            77,
            78,
            79,
            80,
            81,
            82,
            83,
            84,
            85,
            86,
            87,
            88,
            89,
            90,
            91,
            92,
            93,
            94,
            95,
            96,
            97,
            98,
            99,
            100
        ],
        "lr_sched_factors": [
            0.9755282581475768,
            0.9045084971874737,
            0.7938926261462366,
            0.6545084971874737,
            0.5,
            0.34549150281252633,
            0.2061073738537635,
            0.09549150281252633,
            0.024471741852423234,
            1.0,
            0.9938441702975689,
            0.9755282581475768,
            0.9455032620941839,
            0.9045084971874737,
            0.8535533905932737,
            0.7938926261462366,
            0.7269952498697734,
            0.6545084971874737,
            0.5782172325201155,
            0.5,
            0.42178276747988447,
            0.34549150281252633,
            0.2730047501302266,
            0.2061073738537635,
            0.14644660940672627,
            0.09549150281252633,
            0.054496737905816106,
            0.024471741852423234,
            0.00615582970243117,
            1.0,
            0.998458666866564,
            0.9938441702975689,
            0.9861849601988383,
            0.9755282581475768,
            0.9619397662556434,
            0.9455032620941839,
            0.9263200821770461,
            0.9045084971874737,
            0.8802029828000155,
            0.8535533905932737,
            0.8247240241650917,
            0.7938926261462366,
            0.7612492823579744,
            0.7269952498697734,
            0.6913417161825449,
            0.6545084971874737,
            0.6167226819279528,
            0.5782172325201155,
            0.5392295478639225,
            0.5,
            0.4607704521360776,
            0.42178276747988447,
            0.38327731807204746,
            0.34549150281252633,
            0.30865828381745514,
            0.2730047501302266,
            0.2387507176420256,
            0.2061073738537635,
            0.17527597583490823,
            0.14644660940672627,
            0.11979701719998453,
            0.09549150281252633,
            0.07367991782295391,
            0.054496737905816106,
            0.03806023374435663,
            0.024471741852423234,
            0.013815039801161721,
            0.00615582970243117,
            0.001541333133436018,
            1.0,
            0.9996145181203615,
            0.998458666866564,
            0.9965342284774632,
            0.9938441702975689,
            0.9903926402016152,
            0.9861849601988383,
            0.9812276182268236,
            0.9755282581475768,
            0.9690956679612421,
            0.9619397662556434,
            0.9540715869125407,
            0.9455032620941839,
            0.9362480035363986,
            0.9263200821770461,
            0.9157348061512727,
            0.9045084971874737,
            0.8926584654403724,
            0.8802029828000155,
            0.8671612547178428,
            0.8535533905932737,
            0.839400372766471,
            0.8247240241650917,
            0.8095469746549171,
            0.7938926261462366,
            0.7777851165098011,
            0.7612492823579744,
            0.7443106207484775,
            0.7269952498697734,
            0.7093298687687141,
            0.6913417161825449
        ]
    },
    "train_losses": [
        355.276114327567,
        179.14688764299666,
        114.47195216587612,
        96.34098815917969,
        90.2135979788644,
        87.44950757707868,
        87.22964477539062,
        86.93485804966518,
        87.03025708879743,
        86.97765241350446,
        86.94546290806362,
        87.11548723493304,
        86.69891357421875,
        86.77796609061105,
        86.89278084891183,
        87.15084075927734,
        87.3350851876395,
        87.39116559709821,
        87.31706128801618,
        87.11729976109096,
        86.84729112897601,
        86.5607179914202,
        86.29615129743304,
        86.07552446637835,
        85.90408652169364,
        85.77839878627232,
        85.6912819998605,
        85.63503810337612,
        85.60268293108258,
        85.58780234200614,
        85.58392333984375,
        85.3489761352539,
        85.2142105102539,
        85.51421792166573,
        85.83719744001117,
        86.12031555175781,
        86.27090236118862,
        86.28704507010323,
        86.2101320539202,
        86.07740565708706,
        85.9232929774693,
        85.76134926932198,
        85.60031018938336,
        85.44643729073661,
        85.30860682896206,
        85.1966312953404,
        85.11723981584821,
        85.07181440080915,
        85.05580357142857,
        85.06051635742188,
        85.07598767961774,
        85.0934589930943,
        85.1069096156529,
        85.11335209437779,
        85.11236027308873,
        85.10514177594867,
        85.09364863804409,
        85.07989174979073,
        85.06554739815849,
        85.05182429722377,
        85.03944614955357,
        85.02878243582589,
        85.01993015834263,
        85.01282828194755,
        85.00732748849052,
        85.00324031284877,
        85.0003640311105,
        84.99849482945034,
        84.99742235456195,
        84.99693407331195,
        84.99681200299945,
        85.12770189557757,
        84.99325343540737,
        85.07323455810547,
        85.1000475202288,
        85.14637211390904,
        85.17194148472377,
        85.17879159109933,
        85.17198290143695,
        85.15264456612724,
        85.12825775146484,
        85.10013035365513,
        85.07214028494698,
        85.04588862827846,
        85.02403041294643,
        85.00850895472935,
        85.00037602015904,
        84.9992915562221,
        85.00335802350726,
        85.0097427368164,
        85.01548113141742,
        85.01827675955636,
        85.01700810023716,
        85.01180049351284,
        85.00370570591518,
        84.99420601981026,
        84.98473140171596,
        84.97632380894252,
        84.96952056884766,
        84.96438707624164,
        84.96069880894252
    ],