{
    "testproblem": "quadratic_deep",
    "batch_size": 128,
    "num_epochs": 100,
    "random_seed": 42,
    "l2_reg": null,
    "optimizer_name": "AdamOptimizer",
    "optimizer_hyperparams": {
        "learning_rate": 0.1579158139846088,
        "beta1": 0.6252031966842697,
        "beta2": 0.8645877432562585,
        "epsilon": 1e-08,
        "use_locking": false
    },
    "training_params": {
        "lr_sched_epochs": [
            1,
            2,
            3,
            4,
            5,
            6,
            7,
            8,
            9,
            10,
            11,
            12,
            13,
            14,
            15,
            16,
            17,
            18,
            19,
            20,
            21,
            22,
            23,
            24,
            25,
            26,
            27,
            28,
            29,
            30,
            31,
            32,
            33,
            34,
            35,
            36,
            37,
            38,
            39,
            40,
            41,
            42,
            43,
            44,
            45,
            46,
            47,
            48,
            49,
            50,
            51,
            52,
            53,
            54,
            55,
            56,
            57,
            58,
            59,
            60,
            61,
            62,
            63,
            64,
            65,
            66,
            67,
            68,
            69,
            70,
            71,
            72,
            73,
            74,
            75,
            76,
            77,
            78,
            79,
            80,
            81,
            82,
            83,
            84,
            85,
            86,
            87,
            88,
            89,
            90,
            91,
            92,
            93,
            94,
            95,
            96,
            97,
            98,
            99,
            100
        ],
        "lr_sched_factors": [
            0.9755282581475768,
            0.9045084971874737,
            0.7938926261462366,
            0.6545084971874737,
            0.5,
            0.34549150281252633,
            0.2061073738537635,
            0.09549150281252633,
            0.024471741852423234,
            1.0,
            0.9938441702975689,
            0.9755282581475768,
            0.9455032620941839,
            0.9045084971874737,
            0.8535533905932737,
            0.7938926261462366,
            0.7269952498697734,
            0.6545084971874737,
            0.5782172325201155,
            0.5,
            0.42178276747988447,
            0.34549150281252633,
            0.2730047501302266,
            0.2061073738537635,
            0.14644660940672627,
            0.09549150281252633,
            0.054496737905816106,
            0.024471741852423234,
            0.00615582970243117,
            1.0,
            0.998458666866564,
            0.9938441702975689,
            0.9861849601988383,
            0.9755282581475768,
            0.9619397662556434,
            0.9455032620941839,
            0.9263200821770461,
            0.9045084971874737,
            0.8802029828000155,
            0.8535533905932737,
            0.8247240241650917,
            0.7938926261462366,
            0.7612492823579744,
            0.7269952498697734,
            0.6913417161825449,
            0.6545084971874737,
            0.6167226819279528,
            0.5782172325201155,
            0.5392295478639225,
            0.5,
            0.4607704521360776,
            0.42178276747988447,
            0.38327731807204746,
            0.34549150281252633,
            0.30865828381745514,
            0.2730047501302266,
            0.2387507176420256,
            0.2061073738537635,
            0.17527597583490823,
            0.14644660940672627,
            0.11979701719998453,
            0.09549150281252633,
            0.07367991782295391,
            0.054496737905816106,
            0.03806023374435663,
            0.024471741852423234,
            0.013815039801161721,
            0.00615582970243117,
            0.001541333133436018,
            1.0,
            0.9996145181203615,
            0.998458666866564,
            0.9965342284774632,
            0.9938441702975689,
            0.9903926402016152,
            0.9861849601988383,
            0.9812276182268236,
            0.9755282581475768,
            0.9690956679612421,
            0.9619397662556434,
            0.9540715869125407,
            0.9455032620941839,
            0.9362480035363986,
            0.9263200821770461,
            0.9157348061512727,
            0.9045084971874737,
            0.8926584654403724,
            0.8802029828000155,
            0.8671612547178428,
            0.8535533905932737,
            0.839400372766471,
            0.8247240241650917,
            0.8095469746549171,
            0.7938926261462366,
            0.7777851165098011,
            0.7612492823579744,
            0.7443106207484775,
            0.7269952498697734,
            0.7093298687687141,
            0.6913417161825449
        ]
    },
    "train_losses": [
        355.276114327567,
        106.15697915213448,
        95.91246577671596,
        91.61010415213448,
        89.24700818743024,
        87.87974112374442,
        87.15789685930524,
        86.91067395891461,
        86.90654645647321,
        86.05431801932198,
        86.0081558227539,
        87.42112295968192,
        86.61691284179688,
        86.53945813860211,
        86.66655622209821,
        86.11690848214286,
        86.02604675292969,
        85.94700840541294,
        85.86804853166852,
        85.72104971749442,
        85.6535164969308,
        85.62196350097656,
        85.60337938581195,
        85.68394361223493,
        85.97425515311105,
        85.7724860055106,
        85.18916865757534,
        85.07513972691127,
        85.02680969238281,
        85.01147896902901,
        85.00792585100446,
        87.45350428989956,
        86.03536006382534,
        86.44025530133929,
        86.59320613316127,
        86.19020407540458,
        86.15475899832589,
        86.1698968069894,
        86.19317953927177,
        86.15366036551339,
        86.05255671909877,
        85.95897674560547,
        85.90409633091518,
        85.88741193498883,
        85.83384813581195,
        85.7649176461356,
        85.71249280657086,
        85.67722865513393,
        85.64174434116909,
        85.60657610212054,
        85.57966613769531,
        85.55976867675781,
        85.54678671700614,
        85.54619489397321,
        85.57482474190849,
        85.6779033115932,
        85.9112069266183,
        86.10567910330636,
        85.85586547851562,
        85.47183772495815,
        85.29299054827008,
        85.19008091517857,
        85.10257829938617,
        85.04278891427177,
        85.0043215070452,
        84.98021806989398,
        84.96620287214007,
        84.95867483956474,
        84.95504106794085,
        84.95356096540179,
        84.95318167550224,
        87.41057586669922,
        86.00167410714286,
        86.37756020682198,
        86.60594177246094,
        86.2570059640067,
        86.2088132585798,
        86.26286315917969,
        86.3107670375279,
        86.3414786202567,
        86.29468209402901,
        86.23305293491909,
        86.17607007707868,
        86.1741441999163,
        86.19641004289899,
        86.17417580740792,
        86.12821306501117,
        86.0849140712193,
        86.05759865897042,
        86.04605756487165,
        86.0269306727818,
        85.9936752319336,
        85.95761108398438,
        85.92713710239956,
        85.90295301164899,
        85.87894875662667,
        85.85115269252232,
        85.82201603480748,
        85.7947758265904,
        85.76989310128349,
        85.74600110735211
    ],