{
    "testproblem": "quadratic_deep",
    "batch_size": 128,
    "num_epochs": 100,
    "random_seed": 42,
    "l2_reg": null,
    "optimizer_name": "AdaBeliefOptimizer",
    "optimizer_hyperparams": {
        "learning_rate": 0.019234382154675406,
        "beta1": 0.8706322870146699,
        "beta2": 0.9157784162780076,
        "epsilon": 1e-14
    },
    "training_params": {
        "lr_sched_epochs": null,
        "lr_sched_factors": null
    },
    "train_losses": [
        355.276114327567,
        140.3251233782087,
        137.8931383405413,
        133.08038548060827,
        126.73452322823661,
        119.97981807163784,
        113.83833530970982,
        108.94938005719867,
        105.5033449445452,
        103.33941105433873,
        102.10976191929409,
        101.43352944510323,
        101.00447518484933,
        100.63660975864956,
        100.25301688058036,
        99.84296199253627,
        99.41878400530133,
        98.99130467006138,
        98.56410871233258,
        98.13694218226841,
        97.70953696114677,
        97.28291865757534,
        96.8587646484375,
        96.43866729736328,
        96.02390616280692,
        95.61551775251117,
        95.21443394252232,
        94.82150486537388,
        94.43744550432477,
        94.06285531180245,
        93.69822038922992,
        93.34392438616071,
        93.00026484898159,
        92.66745213099888,
        92.34560721261161,
        92.03479330880302,
        91.73499843052456,
        91.44617135184151,
        91.16819545200893,
        90.90091705322266,
        90.64414869035993,
        90.39767456054688,
        90.16124071393695,
        89.93459211077008,
        89.71744101388114,
        89.50949314662388,
        89.31044551304409,
        89.11999402727399,
        88.93782697405133,
        88.76362827845982,
        88.59709058489118,
        88.43791089739118,
        88.28578077043805,
        88.14041028703961,
        88.00151062011719,
        87.8687973022461,
        87.74200439453125,
        87.62086486816406,
        87.505129132952,
        87.39454868861607,
        87.2888902936663,
        87.18792942592076,
        87.0914546421596,
        86.99925558907645,
        86.9111328125,
        86.82690538678851,
        86.74638911655971,
        86.66941833496094,
        86.59582192557198,
        86.52545601981026,
        86.45816476004464,
        86.39380972726005,
        86.33225904192243,
        86.2733895438058,
        86.21707698277065,
        86.16320473807198,
        86.11166272844586,
        86.0623528616769,
        86.01517595563617,
        85.97003282819476,
        85.92683519635882,
        85.88549695696149,
        85.84594617571149,
        85.80809565952846,
        85.77187238420758,
        85.73720877511161,
        85.70404270717076,
        85.67229570661273,
        85.6419187273298,
        85.61284964425224,
        85.5850350516183,
        85.55841609409877,
        85.53294263567243,
        85.50857325962612,
        85.48525129045758,
        85.4629385811942,
        85.44158935546875,
        85.4211665562221,
        85.40162549700055,
        85.38293130057198,
        85.36504581996373
    ],
    "valid_losses": [
        353.8127659388951,
        141.6392822265625,
        139.16744123186385,
        134.28251211983817,
        127.84095873151507,
        120.98026493617466,
        114.73666490827289,
        109.76039450509208,
        106.24724687848773,
        104.03640420096261,
        102.77643585205078,
        102.08155386788505,
        101.64124298095703,
        101.26683916364398,
        100.88025774274554,
        100.47028350830078,
        100.04866681780133,
        99.62522888183594,
        99.20232718331474,
        98.77872685023716,
        98.35375213623047,
        97.9285866873605,
        97.50537109375,
        97.08617401123047,
        96.67252458844867,
        96.26553562709263,
        95.86607360839844,
        95.47487531389508,
        95.09257289341518,
        94.71971675327846,
        94.3567864554269,
        94.00419180733817,
        93.66223689488002,
        93.33114950997489,
        93.01104736328125,
        92.70199475969586,
        92.40396772112165,
        92.11689976283482,
        91.84067753383091,
        91.57514953613281,
        91.32012830461774,
        91.07538604736328,
        90.8406731741769,
        90.61573464529855,
        90.4002707345145,
        90.19399915422711,
        89.99660382952008,
        89.80777849469867,
        89.62721143450055,
        89.45459311349052,
        89.28960745675224,
        89.13194601876395,
        88.98131234305245,
        88.83740125383649,
        88.6999271937779,
        88.56861441476005,
        88.44318062918526,
        88.32336861746651,
        88.20891898018974,
        88.09959520612445,
        87.99515315464565,
        87.89537920270648,
        87.80004446847099,
        87.70894622802734,
        87.6218991960798,
        87.53870500837054,
        87.45918491908482,
        87.38317326136998,
        87.31050327845982,
        87.24102020263672,
        87.17458016531808,
        87.11104256766183,
        87.05027444022042,
        86.99214935302734,
        86.93654959542411,
        86.88335636683873,
        86.83246503557477,
        86.78377205984933,
        86.73717934744698,
        86.69259098597935,
        86.64991760253906,
        86.6090829031808,
        86.5699964250837,
        86.53258841378349,
        86.49678366524833,
        86.46251351492745,
        86.4297125680106,
        86.39830998011998,
        86.36825779506138,
        86.33948407854352,
        86.31194523402623,
        86.28558458600726,
        86.2603509085519,
        86.23619951520648,
        86.21308353969029,
        86.19095611572266,
        86.1697758265904,
        86.14950452532086,
        86.13009970528739,
        86.11153520856585,
        86.09375762939453
    ],