{
    "testproblem": "quadratic_deep",
    "batch_size": 128,
    "num_epochs": 100,
    "random_seed": 42,
    "l2_reg": null,
    "optimizer_name": "MomentumOptimizer",
    "optimizer_hyperparams": {
        "learning_rate": 0.0001987021538542862,
        "momentum": 0.9133995846860972,
        "use_locking": false,
        "use_nesterov": false
    },
    "training_params": {
        "lr_sched_epochs": [],
        "lr_sched_factors": []
    },
    "train_losses": [
        400.0134015764509,
        295.11507306780135,
        166.8742893763951,
        115.2577885219029,
        111.03241838727679,
        112.70479365757534,
        109.96317618233817,
        106.6823261805943,
        104.94896806989398,
        104.0829347882952,
        103.43603624616351,
        102.94592721121651,
        102.60752977643695,
        102.32406507219586,
        102.03346361432757,
        101.74173845563617,
        101.46707916259766,
        101.20953478131976,
        100.96077401297433,
        100.71660831996373,
        100.47733742850167,
        100.2438245500837,
        100.01602499825614,
        99.79351261683873,
        99.57602146693638,
        99.36342184884208,
        99.15558406284877,
        98.95238821847099,
        98.75369262695312,
        98.55940791538784,
        98.36941092354911,
        98.18360028948102,
        98.00188446044922,
        97.82415226527623,
        97.65029798235211,
        97.48022896902901,
        97.31385040283203,
        97.1510740007673,
        96.99181038992745,
        96.83597346714565,
        96.6834716796875,
        96.53423527308873,
        96.38817596435547,
        96.24521854945591,
        96.10528782435826,
        95.9683107648577,
        95.83421434674945,
        95.70292663574219,
        95.57438659667969,
        95.44851902553013,
        95.32527269635882,
        95.20457022530692,
        95.08635820661273,
        94.97057342529297,
        94.85715811593192,
        94.74606432233539,
        94.6372299194336,
        94.53059823172433,
        94.4261234828404,
        94.32375117710659,
        94.22343989780971,
        94.12512316022601,
        94.02877044677734,
        93.93433053152901,
        93.84176090785435,
        93.75101470947266,
        93.66205378941127,
        93.57483346121651,
        93.48931230817523,
        93.40545763288226,
        93.32322474888393,
        93.24257986886161,
        93.16348157610211,
        93.08590153285435,
        93.00980159214565,
        92.93514905657086,
        92.86191122872489,
        92.79005868094308,
        92.71955326625279,
        92.65036991664341,
        92.58247811453683,
        92.51585279192243,
        92.45045689174107,
        92.38626970563617,
        92.32326289585659,
        92.26141357421875,
        92.20069340297154,
        92.14107404436383,
        92.08253587995257,
        92.02505711146763,
        91.96860613141742,
        91.91316768101284,
        91.85872214181083,
        91.80524008614677,
        91.75270734514508,
        91.7010988507952,
        91.65039825439453,
        91.60058157784599,
        91.5516379220145,
        91.50354439871651,
        91.45628356933594
    ],
    "valid_losses": [
        402.6894008091518,
        296.8624790736607,
        166.95316423688615,
        113.83144814627511,
        108.68560464041573,
        110.0475834437779,
        107.414552961077,
        104.42188153948102,
        102.97280556815011,
        102.29468100411552,
        101.7248785836356,
        101.23124149867466,
        100.85109492710659,
        100.52167619977679,
        100.19905962262835,
        99.89329201834542,
        99.61833081926618,
        99.36744471958706,
        99.12670353480748,
        98.88884735107422,
        98.65339006696429,
        98.42173549107143,
        98.19476318359375,
        97.97282300676618,
        97.75604139055524,
        97.54437146868024,
        97.33762904575893,
        97.13557434082031,
        96.93801879882812,
        96.74483707972935,
        96.55592673165458,
        96.37120819091797,
        96.1905768258231,
        96.01392146519252,
        95.84114074707031,
        95.67212023053851,
        95.50676727294922,
        95.34499141148159,
        95.18669891357422,
        95.03182002476284,
        94.8802740914481,
        94.73196847098214,
        94.5868399483817,
        94.44479806082589,
        94.30576978410993,
        94.169679914202,
        94.03645542689732,
        93.90603310721261,
        93.77833775111607,
        93.65330723353794,
        93.53088269914899,
        93.4109878540039,
        93.29357801164899,
        93.17857687813895,
        93.06594521658761,
        92.95561000279018,
        92.84752873011998,
        92.74164472307477,
        92.63789912632534,
        92.53624834333148,
        92.43663787841797,
        92.33902304513114,
        92.24336242675781,
        92.14960370744977,
        92.05770002092633,
        91.96761322021484,
        91.87929861886161,
        91.79272133963448,
        91.70783451625279,
        91.62459346226284,
        91.54297201974052,
        91.46293313162667,
        91.38442666190011,
        91.30743408203125,
        91.23191179547992,
        91.15782492501395,
        91.08514840262276,
        91.01384626116071,
        90.94388580322266,
        90.87523760114398,
        90.80787004743304,
        90.74176897321429,
        90.67688533238002,
        90.61320386614118,
        90.55069623674665,
        90.48933410644531,
        90.42909349714007,
        90.36994934082031,
        90.31187874930245,
        90.2548577444894,
        90.19886779785156,
        90.14387948172433,
        90.08987208775112,
        90.03682490757534,
        89.9847183227539,
        89.93353707449776,
        89.88324955531529,
        89.83385031563895,
        89.78530665806362,
        89.73760986328125,
        89.69073813302177
    ],