{
    "testproblem": "quadratic_deep",
    "batch_size": 128,
    "num_epochs": 100,
    "random_seed": 47,
    "l2_reg": null,
    "optimizer_name": "AMSGrad",
    "optimizer_hyperparams": {
        "learning_rate": 0.03550012525851159,
        "beta1": 0.923994814689719,
        "beta2": 0.8884941523527812,
        "epsilon": 1e-08,
        "use_locking": false
    },
    "training_params": {
        "lr_sched_epochs": [],
        "lr_sched_factors": []
    },
    "train_losses": [
        286.89041573660717,
        139.13233511788505,
        117.09547642299107,
        121.54614148821149,
        116.74140167236328,
        108.71143777029855,
        105.43099757603237,
        104.42411150251117,
        103.1258795601981,
        101.45206778390067,
        100.11713300432477,
        99.24722943987165,
        98.48102678571429,
        97.71706935337612,
        97.03391483851841,
        96.45084163120815,
        95.93162754603794,
        95.45310320172992,
        95.01532418387276,
        94.61747523716518,
        94.25389971051898,
        93.91915566580636,
        93.61001804896763,
        93.32435280936105,
        93.05985042027065,
        92.81424386160714,
        92.58564867292132,
        92.37256295340401,
        92.17361341203961,
        91.987548828125,
        91.81325422014508,
        91.64975193568638,
        91.49617004394531,
        91.35171290806362,
        91.21567862374442,
        91.08743068150112,
        90.9663816179548,
        90.8520017351423,
        90.74382019042969,
        90.64139229910714,
        90.54432678222656,
        90.45225524902344,
        90.3648441859654,
        90.28179495675224,
        90.20281764439174,
        90.12765284946987,
        90.05606733049665,
        89.98783220563617,
        89.92274911063058,
        89.86062949044364,
        89.80129786900112,
        89.74458312988281,
        89.69034685407367,
        89.63843863351005,
        89.58873312813895,
        89.5411137172154,
        89.4954583304269,
        89.45165688650948,
        89.40962546212333,
        89.36925724574498,
        89.33047267368862,
        89.2931900024414,
        89.25733184814453,
        89.22282409667969,
        89.18960898263114,
        89.15761239188058,
        89.12678745814732,
        89.09706224714007,
        89.06839861188617,
        89.04074205671039,
        89.01404244559151,
        88.98826381138393,
        88.96336800711495,
        88.93929617745536,
        88.91602870396206,
        88.89352743966239,
        88.87175532749721,
        88.8506840297154,
        88.83028738839286,
        88.81053052629743,
        88.79139055524554,
        88.77284240722656,
        88.75486101422992,
        88.7374245779855,
        88.7205091203962,
        88.70410047258649,
        88.68817574637276,
        88.67271096365792,
        88.65769740513393,
        88.64311000279018,
        88.62894112723214,
        88.61516571044922,
        88.6017815726144,
        88.58876364571708,
        88.57610430036273,
        88.56378718784877,
        88.5518068586077,
        88.54014369419643,
        88.52879224504743,
        88.51773834228516,
        88.50697544642857
    ],
    "valid_losses": [
        285.4458487374442,
        138.65819222586495,
        117.56512778145927,
        122.37250518798828,
        117.41006360735211,
        109.13492693219867,
        105.72239031110492,
        104.666261945452,
        103.33470262799945,
        101.66160801478794,
        100.38961900983539,
        99.60255323137555,
        98.87097821916852,
        98.08177076067243,
        97.35833849225726,
        96.75850895472935,
        96.2446038382394,
        95.77366965157645,
        95.33752005440849,
        94.94010816301618,
        94.57939147949219,
        94.24722726004464,
        93.93729945591518,
        93.64840044294085,
        93.381105695452,
        93.13448551722935,
        92.90601130894252,
        92.69305964878627,
        92.49377986363002,
        92.3069828578404,
        92.1318108694894,
        91.96745082310268,
        91.81305476597377,
        91.66778346470424,
        91.53092411586216,
        91.40189688546317,
        91.28013828822544,
        91.16508374895368,
        91.0561774117606,
        90.95298985072544,
        90.85516357421875,
        90.76236724853516,
        90.67425864083427,
        90.59051513671875,
        90.51085444859096,
        90.43502480643136,
        90.36278642926898,
        90.29391261509487,
        90.22820499965123,
        90.16547066824776,
        90.10553305489677,
        90.04823957170758,
        89.9934310913086,
        89.9409681047712,
        89.89072854178292,
        89.84257398332868,
        89.79640415736607,
        89.75211116245815,
        89.70959036690849,
        89.6687513078962,
        89.62950897216797,
        89.59177943638393,
        89.55548858642578,
        89.52056448800224,
        89.48693956647601,
        89.45454951695034,
        89.423337663923,
        89.39324406215123,
        89.36422402518136,
        89.33621433803013,
        89.3091812133789,
        89.28307451520648,
        89.25785718645368,
        89.23348236083984,
        89.20992061070034,
        89.18713051932198,
        89.16508265904018,
        89.14374106270927,
        89.12308284214565,
        89.1030774797712,
        89.08369445800781,
        89.06491306849888,
        89.0467038835798,
        89.02904837472099,
        89.01192365373883,
        88.9953111921038,
        88.97918701171875,
        88.96353258405414,
        88.94833265032086,
        88.9335708618164,
        88.91922869001117,
        88.90528760637555,
        88.89173889160156,
        88.87857382638114,
        88.86576080322266,
        88.85330527169364,
        88.8411843436105,
        88.82938494001117,
        88.81790815080915,
        88.80673326764789,
        88.79584721156529
    ],