{
    "testproblem": "quadratic_deep",
    "batch_size": 128,
    "num_epochs": 100,
    "random_seed": 42,
    "l2_reg": null,
    "optimizer_name": "RAdamOptimizer",
    "optimizer_hyperparams": {
        "learning_rate": 0.011400863701127315,
        "beta1": 0.7534632021354766,
        "beta2": 0.8083158062525047,
        "epsilon": 1e-07
    },
    "training_params": {
        "lr_sched_epochs": [
            1,
            2,
            3,
            4,
            5,
            6,
            7,
            8,
            9,
            10,
            11,
            12,
            13,
            14,
            15,
            16,
            17,
            18,
            19,
            20,
            21,
            22,
            23,
            24,
            25,
            26,
            27,
            28,
            29,
            30,
            31,
            32,
            33,
            34,
            35,
            36,
            37,
            38,
            39,
            40,
            41,
            42,
            43,
            44,
            45,
            46,
            47,
            48,
            49,
            50,
            51,
            52,
            53,
            54,
            55,
            56,
            57,
            58,
            59,
            60,
            61,
            62,
            63,
            64,
            65,
            66,
            67,
            68,
            69,
            70,
            71,
            72,
            73,
            74,
            75,
            76,
            77,
            78,
            79,
            80,
            81,
            82,
            83,
            84,
            85,
            86,
            87,
            88,
            89,
            90,
            91,
            92,
            93,
            94,
            95,
            96,
            97,
            98,
            99,
            100
        ],
        "lr_sched_factors": [
            0.9755282581475768,
            0.9045084971874737,
            0.7938926261462366,
            0.6545084971874737,
            0.5,
            0.34549150281252633,
            0.2061073738537635,
            0.09549150281252633,
            0.024471741852423234,
            1,
            0.9938441702975689,
            0.9755282581475768,
            0.9455032620941839,
            0.9045084971874737,
            0.8535533905932737,
            0.7938926261462366,
            0.7269952498697734,
            0.6545084971874737,
            0.5782172325201155,
            0.5,
            0.42178276747988447,
            0.34549150281252633,
            0.2730047501302266,
            0.2061073738537635,
            0.14644660940672627,
            0.09549150281252633,
            0.054496737905816106,
            0.024471741852423234,
            0.00615582970243117,
            1,
            0.998458666866564,
            0.9938441702975689,
            0.9861849601988383,
            0.9755282581475768,
            0.9619397662556434,
            0.9455032620941839,
            0.9263200821770461,
            0.9045084971874737,
            0.8802029828000155,
            0.8535533905932737,
            0.8247240241650917,
            0.7938926261462366,
            0.7612492823579744,
            0.7269952498697734,
            0.6913417161825449,
            0.6545084971874737,
            0.6167226819279528,
            0.5782172325201155,
            0.5392295478639225,
            0.5,
            0.4607704521360776,
            0.42178276747988447,
            0.38327731807204746,
            0.34549150281252633,
            0.30865828381745514,
            0.2730047501302266,
            0.2387507176420256,
            0.2061073738537635,
            0.17527597583490823,
            0.14644660940672627,
            0.11979701719998453,
            0.09549150281252633,
            0.07367991782295391,
            0.054496737905816106,
            0.03806023374435663,
            0.024471741852423234,
            0.013815039801161721,
            0.00615582970243117,
            0.001541333133436018,
            1,
            0.9996145181203615,
            0.998458666866564,
            0.9965342284774632,
            0.9938441702975689,
            0.9903926402016152,
            0.9861849601988383,
            0.9812276182268236,
            0.9755282581475768,
            0.9690956679612421,
            0.9619397662556434,
            0.9540715869125407,
            0.9455032620941839,
            0.9362480035363986,
            0.9263200821770461,
            0.9157348061512727,
            0.9045084971874737,
            0.8926584654403724,
            0.8802029828000155,
            0.8671612547178428,
            0.8535533905932737,
            0.839400372766471,
            0.8247240241650917,
            0.8095469746549171,
            0.7938926261462366,
            0.7777851165098011,
            0.7612492823579744,
            0.7443106207484775,
            0.7269952498697734,
            0.7093298687687141,
            0.6913417161825449
        ]
    },
    "train_losses": [
        271.5806971958705,
        119.06460680280414,
        112.2953109741211,
        107.55550384521484,
        106.34498160226005,
        105.2095206124442,
        104.34123883928571,
        103.75139617919922,
        103.40518733433315,
        103.24618530273438,
        103.20551191057477,
        101.65663473946708,
        100.26952253069196,
        99.03947230747768,
        97.95896475655692,
        97.0176010131836,
        96.20565686907086,
        95.51166752406529,
        94.92390550885882,
        94.43094417027065,
        94.02203478131976,
        93.68727656773159,
        93.41769845145089,
        93.20513807024274,
        93.04219273158482,
        92.92195456368583,
        92.83790152413505,
        92.7836674281529,
        92.7529046194894,
        92.73911830357143,
        92.73565564836774,
        92.235837663923,
        91.77650887625558,
        91.37296731131417,
        91.01364462716239,
        90.69292667933873,
        90.40751320975167,
        90.1537094116211,
        89.92802429199219,
        89.7274900163923,
        89.54931095668248,
        89.39099448067802,
        89.25033133370536,
        89.12533351353237,
        89.01424952915737,
        88.915525163923,
        88.82780347551618,
        88.74987465994698,
        88.6806869506836,
        88.6193128313337,
        88.56493268694196,
        88.51683698381696,
        88.47438594273159,
        88.43702588762555,
        88.40426199776786,
        88.37565612792969,
        88.35081808907645,
        88.32938494001117,
        88.31105586460659,
        88.29552459716797,
        88.28252519880023,
        88.2718037196568,
        88.26313127790179,
        88.2562757219587,
        88.25102124895368,
        88.24715096609933,
        88.24446105957031,
        88.24273136683873,
        88.24175262451172,
        88.24131883893695,
        88.241208757673,
        88.20219203404018,
        88.13389260428292,
        88.08343178885323,
        88.03630719866071,
        87.99280330113002,
        87.95296805245536,
        87.91641235351562,
        87.8826882498605,
        87.85167585100446,
        87.82306453159877,
        87.79666246686664,
        87.77227020263672,
        87.74971444266183,
        87.72882952008929,
        87.70947810581752,
        87.69152505057198,
        87.67485591343471,
        87.65935952322823,
        87.64493996756417,
        87.63151441301618,
        87.61900002615792,
        87.6073248726981,
        87.59642355782645,
        87.58623395647321,
        87.57670593261719,
        87.56778608049665,
        87.55943516322544,
        87.55160958426339,
        87.54426901681083,
        87.53738294328961
    ],