{
    "testproblem": "quadratic_deep",
    "batch_size": 128,
    "num_epochs": 100,
    "random_seed": 48,
    "l2_reg": null,
    "optimizer_name": "NadamOptimizer",
    "optimizer_hyperparams": {
        "learning_rate": 0.001,
        "beta1": 0.9,
        "beta2": 0.999,
        "epsilon": 1e-07
    },
    "training_params": {
        "lr_sched_epochs": [],
        "lr_sched_factors": []
    },
    "train_losses": [
        350.11546107700894,
        338.9605625697545,
        330.2428196498326,
        321.98953683035717,
        314.0351867675781,
        306.3329293387277,
        298.86451939174106,
        291.62071446010043,
        284.59529767717635,
        277.7831595284598,
        271.1795959472656,
        264.78001185825894,
        258.57990591866627,
        252.57486615862166,
        246.76053728376115,
        241.13255964006697,
        235.68673052106584,
        230.41880798339844,
        225.32466997419084,
        220.40016174316406,
        215.64125061035156,
        211.04388209751673,
        206.6040758405413,
        202.31785583496094,
        198.18134198869978,
        194.19065856933594,
        190.3419669015067,
        186.63150678362166,
        183.05555943080358,
        179.61041477748327,
        176.29242597307478,
        173.09804207938058,
        170.0237099783761,
        167.06595720563615,
        164.22135271344865,
        161.48653302873885,
        158.8581782749721,
        156.3330296107701,
        153.90789358956474,
        151.57962690080916,
        149.34515162876673,
        147.20142909458704,
        145.145512172154,
        143.17449951171875,
        141.2855464390346,
        139.4758758544922,
        137.7427520751953,
        136.08353533063615,
        134.495609828404,
        132.9764622279576,
        131.52359662737166,
        130.13461303710938,
        128.80712563650948,
        127.53885759626117,
        126.32757895333427,
        125.17108917236328,
        124.06727709089007,
        123.01408386230469,
        122.0094964163644,
        121.05156816755023,
        120.13840702601841,
        119.26816776820591,
        118.43907492501395,
        117.64939553397042,
        116.89745003836495,
        116.18161337716239,
        115.50032479422433,
        114.85205405099052,
        114.2353264944894,
        113.6487317766462,
        113.09089006696429,
        112.5604727608817,
        112.05620574951172,
        111.5768574305943,
        111.12123434884208,
        110.68819318498883,
        110.2766342163086,
        109.885500226702,
        109.51376669747489,
        109.16046796526227,
        108.82465471540179,
        108.50543212890625,
        108.20193590436664,
        107.91332898821149,
        107.63883863176618,
        107.37769753592355,
        107.12917654854911,
        106.89259883335659,
        106.66729082380023,
        106.45263017926898,
        106.24800763811383,
        106.05285971505302,
        105.86663818359375,
        105.68882751464844,
        105.51892743791852,
        105.35648236955915,
        105.20103345598493,
        105.05216979980469,
        104.90949031284877,
        104.77261134556362,
        104.64117867606026
    ],
    "valid_losses": [
        354.48441423688615,
        343.27927943638394,
        334.5218811035156,
        326.2303902762277,
        318.2385820661272,
        310.4994594029018,
        302.99475533621654,
        295.7151620047433,
        288.6545148577009,
        281.8076651436942,
        275.16990443638394,
        268.7366856166295,
        262.5034659249442,
        256.465822492327,
        250.61942182268416,
        244.95991734095983,
        239.4830605643136,
        234.18464006696428,
        229.06050763811385,
        224.10653032575334,
        219.31864057268416,
        214.69281223842077,
        210.22504534040178,
        205.91136169433594,
        201.74788774762834,
        197.73072160993303,
        193.85604204450334,
        190.12007577078683,
        186.5190887451172,
        183.0493927001953,
        179.7073255266462,
        176.48931448800224,
        173.39182608468192,
        170.41136169433594,
        167.5445077078683,
        164.78787885393416,
        162.1381574358259,
        159.59207589285714,
        157.14643205915178,
        154.79807826450892,
        152.54393223353796,
        150.3809531075614,
        148.30619376046317,
        146.31672886439733,
        144.40972028459822,
        142.5823756626674,
        140.83197675432478,
        139.15584237234933,
        137.5513916015625,
        136.0160675048828,
        134.5473872593471,
        133.1429399762835,
        131.80035073416573,
        130.51731436593192,
        129.2916041782924,
        128.1210196358817,
        127.0034408569336,
        125.93680245535714,
        124.91907937186105,
        123.94832611083984,
        123.02265058244977,
        122.14019775390625,
        121.29918670654297,
        120.49787030901227,
        119.73458862304688,
        119.00768933977399,
        118.31560625348773,
        117.65681893484933,
        117.02984183175224,
        116.43325696672711,
        115.8656747000558,
        115.3257805960519,
        114.81227329799107,
        114.32393101283482,
        113.8595450265067,
        113.41798182896206,
        112.99813188825335,
        112.5989249093192,
        112.2193374633789,
        111.85839734758649,
        111.51515851702008,
        111.18871198381696,
        110.87819562639508,
        110.58277021135602,
        110.30164991106305,
        110.03406633649554,
        109.779296875,
        109.53664289202008,
        109.30543300083706,
        109.08504595075335,
        108.87486594063895,
        108.67432839529855,
        108.48287527901786,
        108.29998234340123,
        108.12516239711216,
        107.95794350760323,
        107.79786900111607,
        107.64451926095145,
        107.49749537876674,
        107.35640389578683,
        107.22089059012276
    ],