{
    "testproblem": "quadratic_deep",
    "batch_size": 128,
    "num_epochs": 100,
    "random_seed": 51,
    "l2_reg": null,
    "optimizer_name": "NadamOptimizer",
    "optimizer_hyperparams": {
        "learning_rate": 0.001,
        "beta1": 0.9,
        "beta2": 0.999,
        "epsilon": 1e-07
    },
    "training_params": {
        "lr_sched_epochs": [],
        "lr_sched_factors": []
    },
    "train_losses": [
        192.48524475097656,
        186.2101113455636,
        181.40147399902344,
        176.92525809151786,
        172.68907165527344,
        168.6662379673549,
        164.84481157575334,
        161.2168448311942,
        157.7754385811942,
        154.5138397216797,
        151.4253213065011,
        148.50313241141183,
        145.74056352887834,
        143.13103376116072,
        140.66805376325334,
        138.34529331752233,
        136.15655299595423,
        134.09579249790735,
        132.1571306501116,
        130.33484649658203,
        128.62335096086775,
        127.01724025181362,
        125.51123809814453,
        124.10022735595703,
        122.77925545828683,
        121.54349517822266,
        120.38831002371651,
        119.30918230329242,
        118.30177525111607,
        117.36189814976284,
        116.48551613943917,
        115.66874585832868,
        114.90787288120815,
        114.19932774135044,
        113.53970881870815,
        112.92574855259487,
        112.35435267857143,
        111.82256753104073,
        111.3275865827288,
        110.86675916399274,
        110.43756757463727,
        110.0376456124442,
        109.66475350516183,
        109.31678227015904,
        108.99176788330078,
        108.68785640171596,
        108.40331377301898,
        108.13653891427177,
        107.88601793561664,
        107.65036119733539,
        107.42826407296317,
        107.2185287475586,
        107.0200445992606,
        106.831789289202,
        106.65281568254743,
        106.48225838797433,
        106.31932394845145,
        106.1632821219308,
        106.01346697126117,
        105.86927904401507,
        105.73015594482422,
        105.59559086390904,
        105.4651369367327,
        105.33837781633649,
        105.21494511195591,
        105.09449114118304,
        104.97671399797711,
        104.86134338378906,
        104.74813624790737,
        104.63686261858258,
        104.52733067103794,
        104.41936819893974,
        104.31280953543526,
        104.207517351423,
        104.1033695765904,
        104.00025068010602,
        103.89807019914899,
        103.79673440115792,
        103.6961691720145,
        103.59630366734096,
        103.49708230154855,
        103.39845384870257,
        103.3003649030413,
        103.20278603690011,
        103.10567256382534,
        103.00900050571987,
        102.9127426147461,
        102.8168716430664,
        102.72136797223773,
        102.626218523298,
        102.53140585763114,
        102.43692016601562,
        102.34274074009487,
        102.24887302943638,
        102.15529959542411,
        102.06201280866351,
        101.96901484898159,
        101.87628936767578,
        101.78384944370815,
        101.6916732788086,
        101.59977068219867
    ],
    "valid_losses": [
        192.92198399135046,
        186.78296116420202,
        182.0794198172433,
        177.70352608816964,
        173.564457484654,
        169.6358163016183,
        165.90567452566964,
        162.3660430908203,
        159.0100315638951,
        155.83089338030135,
        152.82193865094865,
        149.97645350864954,
        147.2878156389509,
        144.74952697753906,
        142.35519409179688,
        140.09854997907365,
        137.97350856236048,
        135.97411237444197,
        134.09456743512834,
        132.3292279924665,
        130.672611781529,
        129.11936514718192,
        127.66430119105748,
        126.30236925397601,
        125.02866799490792,
        123.83844757080078,
        122.72711399623326,
        121.69022042410714,
        120.72347368512835,
        119.82272120884487,
        118.98398045131138,
        118.20341382707868,
        117.47734941755023,
        116.80224936349052,
        116.17475128173828,
        115.59163556780133,
        115.04983956473214,
        114.5464346749442,
        114.0786601475307,
        113.64389038085938,
        113.23964473179409,
        112.86359623500279,
        112.5135247366769,
        112.18736485072544,
        111.88317980085101,
        111.59914289202008,
        111.3335680280413,
        111.08486066545758,
        110.85155596051898,
        110.63228171212333,
        110.42577253069196,
        110.23085239955357,
        110.04644775390625,
        109.87156241280692,
        109.70527757917132,
        109.54675728934151,
        109.39522770472935,
        109.24998583112445,
        109.1104016985212,
        108.97589220319476,
        108.84592001778739,
        108.72001102992466,
        108.5977281842913,
        108.4786845615932,
        108.36253138950893,
        108.24894605364118,
        108.13764081682477,
        108.02837480817523,
        107.92090824672154,
        107.81504494803292,
        107.71060180664062,
        107.607421875,
        107.50536455426898,
        107.40429796491351,
        107.3041240147182,
        107.20473371233258,
        107.10605076381138,
        107.00799342564174,
        106.91051047188895,
        106.81353105817523,
        106.71701485770089,
        106.62091936383929,
        106.52520206996373,
        106.42984335763114,
        106.3348148890904,
        106.24008287702289,
        106.14564296177456,
        106.05147661481585,
        105.95756312779018,
        105.86390032087054,
        105.77047620500836,
        105.67729078020368,
        105.5843276977539,
        105.49159349714007,
        105.39907618931362,
        105.30678122384208,
        105.21470097133091,
        105.12284851074219,
        105.0312031337193,
        104.93978227887835,
        104.84858158656529
    ],