{
    "testproblem": "quadratic_deep",
    "batch_size": 128,
    "num_epochs": 100,
    "random_seed": 42,
    "l2_reg": null,
    "optimizer_name": "AMSGrad",
    "optimizer_hyperparams": {
        "learning_rate": 0.04198981532738997,
        "beta1": 0.5866485219341222,
        "beta2": 0.9312834982782118,
        "epsilon": 1e-08,
        "use_locking": false
    },
    "training_params": {
        "lr_sched_epochs": [
            1,
            2,
            3,
            4,
            5,
            6,
            7,
            8,
            9,
            10,
            11,
            12,
            13,
            14,
            15,
            16,
            17,
            18,
            19,
            20,
            21,
            22,
            23,
            24,
            25,
            26,
            27,
            28,
            29,
            30,
            31,
            32,
            33,
            34,
            35,
            36,
            37,
            38,
            39,
            40,
            41,
            42,
            43,
            44,
            45,
            46,
            47,
            48,
            49,
            50,
            51,
            52,
            53,
            54,
            55,
            56,
            57,
            58,
            59,
            60,
            61,
            62,
            63,
            64,
            65,
            66,
            67,
            68,
            69,
            70,
            71,
            72,
            73,
            74,
            75,
            76,
            77,
            78,
            79,
            80,
            81,
            82,
            83,
            84,
            85,
            86,
            87,
            88,
            89,
            90,
            91,
            92,
            93,
            94,
            95,
            96,
            97,
            98,
            99,
            100
        ],
        "lr_sched_factors": [
            0.1,
            0.2,
            0.3,
            0.4,
            0.5,
            0.6,
            0.7,
            0.8,
            0.9,
            1.0,
            1.0,
            1.0,
            1.0,
            1.0,
            1.0,
            1.0,
            1.0,
            1.0,
            1.0,
            1.0,
            1.0,
            1.0,
            1.0,
            1.0,
            1.0,
            1.0,
            1.0,
            1.0,
            1.0,
            1.0,
            1.0,
            1.0,
            1.0,
            1.0,
            1.0,
            1.0,
            1.0,
            1.0,
            1.0,
            1.0,
            1.0,
            1.0,
            1.0,
            1.0,
            1.0,
            1.0,
            1.0,
            1.0,
            1.0,
            1.0,
            1.0,
            1.0,
            1.0,
            1.0,
            1.0,
            1.0,
            1.0,
            1.0,
            1.0,
            1.0,
            1.0,
            1.0,
            1.0,
            1.0,
            1.0,
            1.0,
            1.0,
            1.0,
            1.0,
            1.0,
            1.0,
            1.0,
            1.0,
            1.0,
            1.0,
            1.0,
            1.0,
            1.0,
            1.0,
            1.0,
            1.0,
            1.0,
            1.0,
            1.0,
            1.0,
            1.0,
            1.0,
            1.0,
            1.0,
            1.0,
            0.9090909090909091,
            0.8181818181818181,
            0.7272727272727273,
            0.6363636363636364,
            0.5454545454545454,
            0.4545454545454546,
            0.36363636363636365,
            0.2727272727272727,
            0.18181818181818177,
            0.09090909090909094
        ]
    },
    "train_losses": [
        355.276114327567,
        140.93322099958147,
        133.28353663853235,
        121.6419677734375,
        111.58463287353516,
        105.95062146868024,
        103.36684090750558,
        101.81028638567243,
        100.42804827008929,
        99.08484540666852,
        97.80498395647321,
        96.6155766078404,
        95.57175772530692,
        94.68573434012276,
        93.92516980852399,
        93.2653307233538,
        92.68811362130302,
        92.1790281023298,
        91.726804460798,
        91.3224378313337,
        90.9586922781808,
        90.6296888078962,
        90.3306383405413,
        90.05758013044085,
        89.80723135811942,
        89.57684544154576,
        89.36410740443638,
        89.16706085205078,
        88.98402949741909,
        88.8135746547154,
        88.65445382254464,
        88.5055901663644,
        88.36603546142578,
        88.23496682303292,
        88.11165182931083,
        87.99544852120536,
        87.88577161516461,
        87.78211757114956,
        87.68402426583427,
        87.59107753208706,
        87.5029057094029,
        87.41917092459542,
        87.33956909179688,
        87.26382010323661,
        87.19166782924107,
        87.12288447788784,
        87.05725860595703,
        86.99459511893136,
        86.93471200125558,
        86.87744576590401,
        86.82265254429409,
        86.77017429896763,
        86.7198954990932,
        86.67168644496373,
        86.6254403250558,
        86.58104923793248,
        86.53841836111886,
        86.49745505196708,
        86.45807538713727,
        86.42020089285714,
        86.38375527518136,
        86.34866986955915,
        86.31488255092076,
        86.2823235648019,
        86.25094604492188,
        86.22068895612445,
        86.19149889264789,
        86.16333988734654,
        86.13614763532367,
        86.10989706856864,
        86.08454023088727,
        86.06003788539341,
        86.0363540649414,
        86.01345607212612,
        85.9913079398019,
        85.96988242013114,
        85.94914899553571,
        85.9290793282645,
        85.90965053013393,
        85.89082772391183,
        85.87259347098214,
        85.85492924281529,
        85.83780997140067,
        85.82120404924665,
        85.80510820661273,
        85.78949628557477,
        85.77434866768974,
        85.75965445382255,
        85.7453853062221,
        85.73153577532086,
        85.7180906023298,
        85.7050312587193,
        85.64869471958706,
        85.60560498918805,
        85.5716574532645,
        85.54491206577846,
        85.52421024867466,
        85.50850132533482,
        85.49695260184151,
        85.4888937813895,
        85.4837875366211
    ],