{
    "testproblem": "quadratic_deep",
    "batch_size": 128,
    "num_epochs": 100,
    "random_seed": 47,
    "l2_reg": null,
    "optimizer_name": "AdadeltaOptimizer",
    "optimizer_hyperparams": {
        "learning_rate": 0.42222897687284466,
        "rho": 0.9991939238551304,
        "epsilon": 1e-08,
        "use_locking": false
    },
    "training_params": {
        "lr_sched_epochs": [
            1,
            2,
            3,
            4,
            5,
            6,
            7,
            8,
            9,
            10,
            11,
            12,
            13,
            14,
            15,
            16,
            17,
            18,
            19,
            20,
            21,
            22,
            23,
            24,
            25,
            26,
            27,
            28,
            29,
            30,
            31,
            32,
            33,
            34,
            35,
            36,
            37,
            38,
            39,
            40,
            41,
            42,
            43,
            44,
            45,
            46,
            47,
            48,
            49,
            50,
            51,
            52,
            53,
            54,
            55,
            56,
            57,
            58,
            59,
            60,
            61,
            62,
            63,
            64,
            65,
            66,
            67,
            68,
            69,
            70,
            71,
            72,
            73,
            74,
            75,
            76,
            77,
            78,
            79,
            80,
            81,
            82,
            83,
            84,
            85,
            86,
            87,
            88,
            89,
            90,
            91,
            92,
            93,
            94,
            95,
            96,
            97,
            98,
            99,
            100
        ],
        "lr_sched_factors": [
            0.1,
            0.2,
            0.3,
            0.4,
            0.5,
            0.6,
            0.7,
            0.8,
            0.9,
            1.0,
            1.0,
            1.0,
            1.0,
            1.0,
            1.0,
            1.0,
            1.0,
            1.0,
            1.0,
            1.0,
            1.0,
            1.0,
            1.0,
            1.0,
            1.0,
            1.0,
            1.0,
            1.0,
            1.0,
            1.0,
            1.0,
            1.0,
            1.0,
            1.0,
            1.0,
            1.0,
            1.0,
            1.0,
            1.0,
            1.0,
            1.0,
            1.0,
            1.0,
            1.0,
            1.0,
            1.0,
            1.0,
            1.0,
            1.0,
            1.0,
            1.0,
            1.0,
            1.0,
            1.0,
            1.0,
            1.0,
            1.0,
            1.0,
            1.0,
            1.0,
            1.0,
            1.0,
            1.0,
            1.0,
            1.0,
            1.0,
            1.0,
            1.0,
            1.0,
            1.0,
            1.0,
            1.0,
            1.0,
            1.0,
            1.0,
            1.0,
            1.0,
            1.0,
            1.0,
            1.0,
            1.0,
            1.0,
            1.0,
            1.0,
            1.0,
            1.0,
            1.0,
            1.0,
            1.0,
            1.0,
            0.9090909090909091,
            0.8181818181818181,
            0.7272727272727273,
            0.6363636363636364,
            0.5454545454545454,
            0.4545454545454546,
            0.36363636363636365,
            0.2727272727272727,
            0.18181818181818177,
            0.09090909090909094
        ]
    },
    "train_losses": [
        352.27917916434154,
        340.0482744489397,
        338.86281040736606,
        336.51026698521207,
        333.0277317592076,
        328.4699401855469,
        322.9076668875558,
        316.42541939871654,
        309.11903163364957,
        301.0929042271205,
        292.457528250558,
        283.3267342703683,
        274.65930611746654,
        266.42919485909596,
        258.61222185407365,
        251.18588038853235,
        244.1291220528739,
        237.42229570661272,
        231.04697963169642,
        224.98585074288505,
        219.2226082938058,
        213.74192592075892,
        208.52934919084822,
        203.57118443080358,
        198.8545684814453,
        194.36729649135046,
        190.0978262765067,
        186.03523908342635,
        182.16917419433594,
        178.4898463657924,
        174.98794991629464,
        171.65466090611048,
        168.48164585658483,
        165.46094839913505,
        162.58503941127233,
        159.8467777797154,
        157.2393755231585,
        154.7563977922712,
        152.3917192731585,
        150.13952418736048,
        147.99427577427454,
        145.95075116838728,
        144.00394548688615,
        142.14912632533483,
        140.38178362165178,
        138.69764927455358,
        137.09264918736048,
        135.5629119873047,
        134.10476902553015,
        132.71471296037947,
        131.38943917410714,
        130.1257814679827,
        128.9207305908203,
        127.77143968854632,
        126.67520577566964,
        125.62942831856864,
        124.63165392194476,
        123.67956215994698,
        122.77093069893974,
        121.90364728655133,
        121.07570103236607,
        120.28518785749164,
        119.5302963256836,
        118.80930437360492,
        118.12056296212333,
        117.46251242501395,
        116.83367592947823,
        116.23263004847935,
        115.65804617745536,
        115.10864366803851,
        114.58320726667132,
        114.08058711460659,
        113.59967476981026,
        113.13943590436664,
        112.69887433733258,
        112.27704620361328,
        111.873046875,
        111.48602730887276,
        111.11518096923828,
        110.75972856794085,
        110.41893768310547,
        110.09209987095424,
        109.778562273298,
        109.4776840209961,
        109.18886893136161,
        108.91153826032367,
        108.64515141078404,
        108.38919176374164,
        108.14316013881138,
        107.90659768240792,
        107.67904990059989,
        107.46009608677456,
        107.26817757742745,
        107.10101209368024,
        106.95666939871651,
        106.8335429600307,
        106.73029000418526,
        106.64581407819476,
        106.57924216134208,
        106.52989087785993,
        106.49726104736328
    ],