{
    "testproblem": "quadratic_deep",
    "batch_size": 128,
    "num_epochs": 100,
    "random_seed": 51,
    "l2_reg": null,
    "optimizer_name": "AdagradOptimizer",
    "optimizer_hyperparams": {
        "learning_rate": 0.6351221010640693,
        "initial_accumulator_value": 0.1,
        "use_locking": false
    },
    "training_params": {
        "lr_sched_epochs": [],
        "lr_sched_factors": []
    },
    "train_losses": [
        192.48524475097656,
        111.66418130057198,
        98.84585462297711,
        94.14995683942523,
        91.48188127790179,
        90.30953216552734,
        88.84921482631138,
        87.94963073730469,
        87.16327449253627,
        86.54003797258649,
        86.02706691196987,
        85.6024191720145,
        85.24719674246651,
        84.94734954833984,
        84.69211251395089,
        84.47314780099052,
        84.28396170479911,
        84.11942727225167,
        83.97545841761998,
        83.8487788609096,
        83.73673575265067,
        83.63715471540179,
        83.54825374058315,
        83.46854727608817,
        83.39681352887835,
        83.3320061819894,
        83.27325766427177,
        83.21982247488839,
        83.17107718331474,
        83.12647138323102,
        83.0855473109654,
        83.04789624895368,
        83.01316942487445,
        82.98106820242745,
        82.95132446289062,
        82.92370496477399,
        82.89800371442523,
        82.87404305594308,
        82.8516595023019,
        82.8307135445731,
        82.8110831124442,
        82.7926526750837,
        82.77531324114118,
        82.75898851667132,
        82.74358694893974,
        82.72904205322266,
        82.7152818952288,
        82.70225088936942,
        82.68989998953683,
        82.6781747000558,
        82.66702597481864,
        82.65641784667969,
        82.6463154384068,
        82.63668714250836,
        82.62749372209821,
        82.61871228899274,
        82.61031232561383,
        82.60227857317243,
        82.5945805140904,
        82.58720070975167,
        82.58012172154018,
        82.57332175118583,
        82.56678662981305,
        82.56050654820034,
        82.55445861816406,
        82.54863956996373,
        82.54302978515625,
        82.5376216343471,
        82.53239985874721,
        82.52736336844308,
        82.52249908447266,
        82.51779392787388,
        82.51324789864677,
        82.50884464808873,
        82.50458744594029,
        82.50045994349888,
        82.4964599609375,
        82.49258531842914,
        82.48882402692523,
        82.48517717633929,
        82.48163495744977,
        82.47819410051618,
        82.47485024588448,
        82.4716044834682,
        82.46844373430524,
        82.46537235804966,
        82.4623783656529,
        82.459470476423,
        82.45663125174386,
        82.45387159075055,
        82.45118168422154,
        82.44855390276227,
        82.4459969656808,
        82.44350106375558,
        82.4410651070731,
        82.43868909563336,
        82.43636648995536,
        82.43410055977958,
        82.43188585553851,
        82.42972346714565,
        82.42760576520648
    ],
    "valid_losses": [
        192.92198399135046,
        115.24363708496094,
        102.44252232142857,
        97.416257585798,
        94.98147800990513,
        93.69807434082031,
        92.29210335867745,
        91.37305886404855,
        90.5884530203683,
        89.96259089878627,
        89.44814082554409,
        89.02225167410714,
        88.66604614257812,
        88.36539350237165,
        88.10946328299386,
        87.88988930838448,
        87.70014408656529,
        87.53508976527623,
        87.39062173025948,
        87.26345716203961,
        87.15093885149274,
        87.05088915143695,
        86.9615249633789,
        86.88135746547154,
        86.80916377476284,
        86.74390629359654,
        86.68471200125558,
        86.63083321707589,
        86.58164651053292,
        86.53660583496094,
        86.49525233677456,
        86.45718274797711,
        86.42204066685268,
        86.38953508649554,
        86.35938698904855,
        86.33137621198382,
        86.30529240199498,
        86.28095354352679,
        86.25820486886161,
        86.23690032958984,
        86.2169167654855,
        86.1981430053711,
        86.1804700578962,
        86.16381508963448,
        86.14810289655414,
        86.13324519566127,
        86.1191874912807,
        86.10586329868862,
        86.09322466169085,
        86.08122144426618,
        86.06980460030692,
        86.05893380301339,
        86.04857744489398,
        86.0386984688895,
        86.02926635742188,
        86.02025059291294,
        86.01162392752511,
        86.00336565290179,
        85.99545288085938,
        85.98786381312779,
        85.98057774135044,
        85.9735859462193,
        85.96686335972377,
        85.96039254324776,
        85.95416804722377,
        85.9481680733817,
        85.94239153180804,
        85.9368155343192,
        85.93143681117466,
        85.92624228341239,
        85.92122650146484,
        85.91637529645648,
        85.91168212890625,
        85.90714263916016,
        85.90275028773716,
        85.89849199567523,
        85.89436667306083,
        85.89036560058594,
        85.88648332868304,
        85.88271985735211,
        85.87905992780414,
        85.8755111694336,
        85.87206268310547,
        85.86870792933873,
        85.86544690813336,
        85.86227308000836,
        85.85919080461774,
        85.85618264334542,
        85.85325731549945,
        85.85040719168526,
        85.84762791224888,
        85.8449216570173,
        85.84228188650948,
        85.83970315115792,
        85.83719308035714,
        85.8347396850586,
        85.8323473249163,
        85.83000946044922,
        85.82772718157086,
        85.82549285888672,
        85.82331303187779
    ],