{
    "testproblem": "quadratic_deep",
    "batch_size": 128,
    "num_epochs": 100,
    "random_seed": 42,
    "l2_reg": null,
    "optimizer_name": "NAGOptimizer",
    "optimizer_hyperparams": {
        "learning_rate": 0.0020696277968652766,
        "momentum": 0.9806793815466441,
        "use_locking": false,
        "use_nesterov": true
    },
    "training_params": {
        "lr_sched_epochs": [
            1,
            2,
            3,
            4,
            5,
            6,
            7,
            8,
            9,
            10,
            11,
            12,
            13,
            14,
            15,
            16,
            17,
            18,
            19,
            20,
            21,
            22,
            23,
            24,
            25,
            26,
            27,
            28,
            29,
            30,
            31,
            32,
            33,
            34,
            35,
            36,
            37,
            38,
            39,
            40,
            41,
            42,
            43,
            44,
            45,
            46,
            47,
            48,
            49,
            50,
            51,
            52,
            53,
            54,
            55,
            56,
            57,
            58,
            59,
            60,
            61,
            62,
            63,
            64,
            65,
            66,
            67,
            68,
            69,
            70,
            71,
            72,
            73,
            74,
            75,
            76,
            77,
            78,
            79,
            80,
            81,
            82,
            83,
            84,
            85,
            86,
            87,
            88,
            89,
            90,
            91,
            92,
            93,
            94,
            95,
            96,
            97,
            98,
            99,
            100
        ],
        "lr_sched_factors": [
            0.9755282581475768,
            0.9045084971874737,
            0.7938926261462366,
            0.6545084971874737,
            0.5,
            0.34549150281252633,
            0.2061073738537635,
            0.09549150281252633,
            0.024471741852423234,
            1.0,
            0.9938441702975689,
            0.9755282581475768,
            0.9455032620941839,
            0.9045084971874737,
            0.8535533905932737,
            0.7938926261462366,
            0.7269952498697734,
            0.6545084971874737,
            0.5782172325201155,
            0.5,
            0.42178276747988447,
            0.34549150281252633,
            0.2730047501302266,
            0.2061073738537635,
            0.14644660940672627,
            0.09549150281252633,
            0.054496737905816106,
            0.024471741852423234,
            0.00615582970243117,
            1.0,
            0.998458666866564,
            0.9938441702975689,
            0.9861849601988383,
            0.9755282581475768,
            0.9619397662556434,
            0.9455032620941839,
            0.9263200821770461,
            0.9045084971874737,
            0.8802029828000155,
            0.8535533905932737,
            0.8247240241650917,
            0.7938926261462366,
            0.7612492823579744,
            0.7269952498697734,
            0.6913417161825449,
            0.6545084971874737,
            0.6167226819279528,
            0.5782172325201155,
            0.5392295478639225,
            0.5,
            0.4607704521360776,
            0.42178276747988447,
            0.38327731807204746,
            0.34549150281252633,
            0.30865828381745514,
            0.2730047501302266,
            0.2387507176420256,
            0.2061073738537635,
            0.17527597583490823,
            0.14644660940672627,
            0.11979701719998453,
            0.09549150281252633,
            0.07367991782295391,
            0.054496737905816106,
            0.03806023374435663,
            0.024471741852423234,
            0.013815039801161721,
            0.00615582970243117,
            0.001541333133436018,
            1.0,
            0.9996145181203615,
            0.998458666866564,
            0.9965342284774632,
            0.9938441702975689,
            0.9903926402016152,
            0.9861849601988383,
            0.9812276182268236,
            0.9755282581475768,
            0.9690956679612421,
            0.9619397662556434,
            0.9540715869125407,
            0.9455032620941839,
            0.9362480035363986,
            0.9263200821770461,
            0.9157348061512727,
            0.9045084971874737,
            0.8926584654403724,
            0.8802029828000155,
            0.8671612547178428,
            0.8535533905932737,
            0.839400372766471,
            0.8247240241650917,
            0.8095469746549171,
            0.7938926261462366,
            0.7777851165098011,
            0.7612492823579744,
            0.7443106207484775,
            0.7269952498697734,
            0.7093298687687141,
            0.6913417161825449
        ]
    },
    "train_losses": [
        355.276114327567,
        175.1377694266183,
        107.4215327671596,
        111.38405936104911,
        98.76687404087612,
        92.8813945225307,
        91.0858873639788,
        88.96902574811664,
        88.40237862723214,
        88.2472915649414,
        88.15929194859096,
        88.11863163539341,
        86.51962280273438,
        86.57151140485492,
        86.66759381975446,
        86.77291325160435,
        86.81500571114677,
        86.67464120047433,
        86.46952383858817,
        86.23740604945591,
        86.03316170828683,
        85.85758863176618,
        85.7212884085519,
        85.62466757638114,
        85.55463627406529,
        85.5054179600307,
        85.47217123849052,
        85.45072610037667,
        85.4383054460798,
        85.43258884974888,
        85.43110983712333,
        85.2746091570173,
        85.17507607596261,
        85.11770956856864,
        85.13769858224052,
        85.15496717180524,
        85.16738019670758,
        85.17538779122489,
        85.1646248953683,
        85.14346095493862,
        85.11849975585938,
        85.09120505196708,
        85.06621878487724,
        85.04576655796596,
        85.02915845598493,
        85.0160151890346,
        85.00580705915179,
        84.99749537876674,
        84.99031720842633,
        84.98396846226284,
        84.97826276506696,
        84.97308676583427,
        84.96840231759208,
        84.96424320765904,
        84.96061270577567,
        84.95749119349888,
        84.95485033307757,
        84.95264107840401,
        84.95082419259208,
        84.9493386404855,
        84.94815281459263,
        84.94720894949776,
        84.94648197719029,
        84.94592394147601,
        84.94551086425781,
        84.9452144077846,
        84.94501604352679,
        84.94488961356026,
        84.94482094900948,
        84.94478825160435,
        84.94478171212333,
        84.9802496773856,
        84.97183118547711,
        84.95070321219308,
        84.96720341273716,
        84.96234348842076,
        84.95872279575893,
        84.96296909877232,
        84.96041761125836,
        84.95888410295758,
        84.95867919921875,
        84.95665740966797,
        84.95521218436105,
        84.95417240687779,
        84.9527827671596,
        84.9517092023577,
        84.95083291190011,
        84.94987269810268,
        84.94899313790458,
        84.9481680733817,
        84.94728524344308,
        84.94639696393695,
        84.94551413399833,
        84.94461822509766,
        84.94373212541852,
        84.94286128452846,
        84.94201006208148,
        84.94118826729911,
        84.94038936070034,
        84.93961879185268,
        84.93887220110211
    ],