{
    "testproblem": "quadratic_deep",
    "batch_size": 128,
    "num_epochs": 100,
    "random_seed": 42,
    "l2_reg": null,
    "optimizer_name": "AMSGrad",
    "optimizer_hyperparams": {
        "learning_rate": 0.0018089390092767132,
        "beta1": 0.7109860712248884,
        "beta2": 0.9787075480829489,
        "epsilon": 1e-08,
        "use_locking": false
    },
    "training_params": {
        "lr_sched_epochs": [],
        "lr_sched_factors": []
    },
    "train_losses": [
        271.5806971958705,
        259.90895298549106,
        248.83936200823103,
        238.39149039132255,
        228.54459054129464,
        219.2698015485491,
        210.5393829345703,
        202.3280312674386,
        194.61323765345983,
        187.37698800223214,
        180.61095537458147,
        174.3151593889509,
        168.4857679094587,
        163.11009216308594,
        158.16925266810827,
        153.64042445591517,
        149.49850463867188,
        145.71732221330916,
        142.27049909319197,
        139.1321759905134,
        136.2773677280971,
        133.6822956630162,
        131.32455226353235,
        129.1831763131278,
        127.23870631626674,
        125.47315107073102,
        123.86994280133929,
        122.41390446254185,
        121.09115273611886,
        119.8890130179269,
        118.79595184326172,
        117.80149514334542,
        116.89611707414899,
        116.07119968959263,
        115.31893702915737,
        114.63225882393974,
        114.00478690011161,
        113.43074471609933,
        112.90491921561105,
        112.42261069161552,
        111.97956848144531,
        111.5719746180943,
        111.19636862618583,
        110.84963662283761,
        110.52897644042969,
        110.23185076032367,
        109.95598820277623,
        109.69932556152344,
        109.46002306256976,
        109.23640659877232,
        109.0269753592355,
        108.83037458147321,
        108.6453835623605,
        108.47090366908482,
        108.30594744001117,
        108.14961896623883,
        108.00111607142857,
        107.85971505301339,
        107.72476414271763,
        107.59567151750836,
        107.47190747942243,
        107.35299246651786,
        107.23850359235492,
        107.12804194859096,
        107.0212631225586,
        106.91785539899554,
        106.8175299508231,
        106.72002301897321,
        106.62511008126395,
        106.53258187430245,
        106.44224439348493,
        106.3539308820452,
        106.2674811226981,
        106.18276650565011,
        106.0996584211077,
        106.01803697858539,
        105.93780408586774,
        105.8588616507394,
        105.78113228934151,
        105.70453425816127,
        105.62900216238839,
        105.5544684273856,
        105.4808818272182,
        105.40819222586495,
        105.33634403773716,
        105.26529802594867,
        105.1950214930943,
        105.12547411237445,
        105.0566166469029,
        104.98843492780414,
        104.92089407784599,
        104.85396466936383,
        104.78762926374164,
        104.72187042236328,
        104.65666743687221,
        104.59200395856585,
        104.52785055977958,
        104.4642094203404,
        104.40105874197823,
        104.33839198521206,
        104.27619062151227
    ],
    "valid_losses": [
        273.79127284458707,
        261.9994332449777,
        250.81339154924666,
        240.251713344029,
        230.29381016322546,
        220.91079929896765,
        212.0749010358538,
        203.7607879638672,
        195.9459468296596,
        188.6124311174665,
        181.75211879185267,
        175.3654327392578,
        169.44874572753906,
        163.98948233468192,
        158.96871730259485,
        154.3635995047433,
        150.14892360142298,
        146.29842485700334,
        142.78560093470983,
        139.584477015904,
        136.6699436732701,
        134.0180925641741,
        131.60640389578683,
        129.41378021240234,
        127.42063358851841,
        125.6088627406529,
        123.96178654261998,
        122.46409824916294,
        121.10181862967355,
        119.86217280796596,
        118.73351505824498,
        117.70527866908482,
        116.76785278320312,
        115.91252790178571,
        115.13141523088727,
        114.41737474714007,
        113.76393563406808,
        113.16526685442243,
        112.61608559744698,
        112.11162349155971,
        111.64757101876395,
        111.22004154750279,
        110.82552991594586,
        110.4608644757952,
        110.1231929234096,
        109.80992562430245,
        109.5187519618443,
        109.24756949288505,
        108.9944828578404,
        108.7577885219029,
        108.53593989780971,
        108.3275636945452,
        108.13139234270368,
        107.94630541120257,
        107.77127184186664,
        107.60538155691964,
        107.44779750279018,
        107.29777417864118,
        107.15463474818638,
        107.01776776994977,
        106.88661520821708,
        106.76068115234375,
        106.63952309744698,
        106.5227279663086,
        106.40992954799107,
        106.30079650878906,
        106.1950204031808,
        106.09234510149274,
        105.99251447405133,
        105.89530399867466,
        105.80051531110492,
        105.70796530587333,
        105.61749049595424,
        105.52894374302456,
        105.44218226841518,
        105.35708618164062,
        105.27353777204242,
        105.19144766671317,
        105.11071014404297,
        105.03125435965401,
        104.95299203055245,
        104.87585885184151,
        104.79979487827846,
        104.72473253522601,
        104.65062604631696,
        104.57743072509766,
        104.50509643554688,
        104.43358612060547,
        104.36286054338727,
        104.29288264683315,
        104.22362954275948,
        104.15506308419364,
        104.08716583251953,
        104.01991162981305,
        103.95327758789062,
        103.88723645891461,
        103.82177734375,
        103.75687953404018,
        103.69252341134208,
        103.62869807652065,
        103.56538609095982
    ],