{
    "testproblem": "quadratic_deep",
    "batch_size": 128,
    "num_epochs": 100,
    "random_seed": 42,
    "l2_reg": null,
    "optimizer_name": "AdagradOptimizer",
    "optimizer_hyperparams": {
        "learning_rate": 0.08804502556003005,
        "initial_accumulator_value": 0.1,
        "use_locking": false
    },
    "training_params": {
        "lr_sched_epochs": [
            1,
            2,
            3,
            4,
            5,
            6,
            7,
            8,
            9,
            10,
            11,
            12,
            13,
            14,
            15,
            16,
            17,
            18,
            19,
            20,
            21,
            22,
            23,
            24,
            25,
            26,
            27,
            28,
            29,
            30,
            31,
            32,
            33,
            34,
            35,
            36,
            37,
            38,
            39,
            40,
            41,
            42,
            43,
            44,
            45,
            46,
            47,
            48,
            49,
            50,
            51,
            52,
            53,
            54,
            55,
            56,
            57,
            58,
            59,
            60,
            61,
            62,
            63,
            64,
            65,
            66,
            67,
            68,
            69,
            70,
            71,
            72,
            73,
            74,
            75,
            76,
            77,
            78,
            79,
            80,
            81,
            82,
            83,
            84,
            85,
            86,
            87,
            88,
            89,
            90,
            91,
            92,
            93,
            94,
            95,
            96,
            97,
            98,
            99,
            100
        ],
        "lr_sched_factors": [
            0.9755282581475768,
            0.9045084971874737,
            0.7938926261462366,
            0.6545084971874737,
            0.5,
            0.34549150281252633,
            0.2061073738537635,
            0.09549150281252633,
            0.024471741852423234,
            1.0,
            0.9938441702975689,
            0.9755282581475768,
            0.9455032620941839,
            0.9045084971874737,
            0.8535533905932737,
            0.7938926261462366,
            0.7269952498697734,
            0.6545084971874737,
            0.5782172325201155,
            0.5,
            0.42178276747988447,
            0.34549150281252633,
            0.2730047501302266,
            0.2061073738537635,
            0.14644660940672627,
            0.09549150281252633,
            0.054496737905816106,
            0.024471741852423234,
            0.00615582970243117,
            1.0,
            0.998458666866564,
            0.9938441702975689,
            0.9861849601988383,
            0.9755282581475768,
            0.9619397662556434,
            0.9455032620941839,
            0.9263200821770461,
            0.9045084971874737,
            0.8802029828000155,
            0.8535533905932737,
            0.8247240241650917,
            0.7938926261462366,
            0.7612492823579744,
            0.7269952498697734,
            0.6913417161825449,
            0.6545084971874737,
            0.6167226819279528,
            0.5782172325201155,
            0.5392295478639225,
            0.5,
            0.4607704521360776,
            0.42178276747988447,
            0.38327731807204746,
            0.34549150281252633,
            0.30865828381745514,
            0.2730047501302266,
            0.2387507176420256,
            0.2061073738537635,
            0.17527597583490823,
            0.14644660940672627,
            0.11979701719998453,
            0.09549150281252633,
            0.07367991782295391,
            0.054496737905816106,
            0.03806023374435663,
            0.024471741852423234,
            0.013815039801161721,
            0.00615582970243117,
            0.001541333133436018,
            1.0,
            0.9996145181203615,
            0.998458666866564,
            0.9965342284774632,
            0.9938441702975689,
            0.9903926402016152,
            0.9861849601988383,
            0.9812276182268236,
            0.9755282581475768,
            0.9690956679612421,
            0.9619397662556434,
            0.9540715869125407,
            0.9455032620941839,
            0.9362480035363986,
            0.9263200821770461,
            0.9157348061512727,
            0.9045084971874737,
            0.8926584654403724,
            0.8802029828000155,
            0.8671612547178428,
            0.8535533905932737,
            0.839400372766471,
            0.8247240241650917,
            0.8095469746549171,
            0.7938926261462366,
            0.7777851165098011,
            0.7612492823579744,
            0.7443106207484775,
            0.7269952498697734,
            0.7093298687687141,
            0.6913417161825449
        ]
    },
    "train_losses": [
        355.276114327567,
        133.972904750279,
        110.68441118512835,
        105.294431413923,
        103.41236005510602,
        102.46925027029855,
        101.90660640171596,
        101.56595829554966,
        101.3779776436942,
        101.29497637067523,
        101.27433340890067,
        100.54871150425502,
        99.87152426583427,
        99.25606536865234,
        98.70163181849888,
        98.20572444370815,
        97.76570892333984,
        97.37880488804409,
        97.04209790910993,
        96.75255475725446,
        96.50702885219029,
        96.30228206089565,
        96.13497270856585,
        96.00165448869977,
        95.89876120431083,
        95.82261439732143,
        95.76939174107143,
        95.7351564679827,
        95.71583012172154,
        95.7072274344308,
        95.705080304827,
        95.38889966692243,
        95.07612718854632,
        94.77510288783482,
        94.4891128540039,
        94.21856035505023,
        93.96321214948382,
        93.72266932896206,
        93.49649592808315,
        93.2842298235212,
        93.08539036342076,
        92.89949035644531,
        92.7260502406529,
        92.56458391462054,
        92.41461290631976,
        92.2756598336356,
        92.14725930350167,
        92.02895900181362,
        91.92029789515904,
        91.82084546770368,
        91.73016684395927,
        91.64783695765904,
        91.57344055175781,
        91.5065689086914,
        91.44681549072266,
        91.39378356933594,
        91.34706769670758,
        91.30628313337054,
        91.27103533063617,
        91.24092647007534,
        91.21556527273995,
        91.19455936976841,
        91.17750222342355,
        91.16399928501674,
        91.1536396571568,
        91.1460211617606,
        91.1407230922154,
        91.13732801164899,
        91.13541957310268,
        91.1345694405692,
        91.13436126708984,
        91.01002066476005,
        90.88516017368862,
        90.76131548200335,
        90.64052254813058,
        90.52342115129743,
        90.41013881138393,
        90.30065590994698,
        90.19489070347377,
        90.09276253836495,
        89.99417659214565,
        89.8990456717355,
        89.8072749546596,
        89.71877833775112,
        89.63346208844867,
        89.55124119349888,
        89.47202736990792,
        89.39573887416294,
        89.32228633335659,
        89.25159236363002,
        89.18358067103794,
        89.11816951206752,
        89.05528368268695,
        88.99484688895089,
        88.9367926461356,
        88.88104357038226,
        88.82753535679409,
        88.77620697021484,
        88.72697993687221,
        88.6798073904855,
        88.6346206665039
    ],