{
    "testproblem": "quadratic_deep",
    "batch_size": 128,
    "num_epochs": 100,
    "random_seed": 42,
    "l2_reg": null,
    "optimizer_name": "MomentumOptimizer",
    "optimizer_hyperparams": {
        "learning_rate": 0.0035868164986275477,
        "momentum": 0.998782704190163,
        "use_locking": false,
        "use_nesterov": false
    },
    "training_params": {
        "lr_sched_epochs": [
            1,
            2,
            3,
            4,
            5,
            6,
            7,
            8,
            9,
            10,
            11,
            12,
            13,
            14,
            15,
            16,
            17,
            18,
            19,
            20,
            21,
            22,
            23,
            24,
            25,
            26,
            27,
            28,
            29,
            30,
            31,
            32,
            33,
            34,
            35,
            36,
            37,
            38,
            39,
            40,
            41,
            42,
            43,
            44,
            45,
            46,
            47,
            48,
            49,
            50,
            51,
            52,
            53,
            54,
            55,
            56,
            57,
            58,
            59,
            60,
            61,
            62,
            63,
            64,
            65,
            66,
            67,
            68,
            69,
            70,
            71,
            72,
            73,
            74,
            75,
            76,
            77,
            78,
            79,
            80,
            81,
            82,
            83,
            84,
            85,
            86,
            87,
            88,
            89,
            90,
            91,
            92,
            93,
            94,
            95,
            96,
            97,
            98,
            99,
            100
        ],
        "lr_sched_factors": [
            0.1,
            0.2,
            0.3,
            0.4,
            0.5,
            0.6,
            0.7,
            0.8,
            0.9,
            1.0,
            1.0,
            1.0,
            1.0,
            1.0,
            1.0,
            1.0,
            1.0,
            1.0,
            1.0,
            1.0,
            1.0,
            1.0,
            1.0,
            1.0,
            1.0,
            1.0,
            1.0,
            1.0,
            1.0,
            1.0,
            1.0,
            1.0,
            1.0,
            1.0,
            1.0,
            1.0,
            1.0,
            1.0,
            1.0,
            1.0,
            1.0,
            1.0,
            1.0,
            1.0,
            1.0,
            1.0,
            1.0,
            1.0,
            1.0,
            1.0,
            1.0,
            1.0,
            1.0,
            1.0,
            1.0,
            1.0,
            1.0,
            1.0,
            1.0,
            1.0,
            1.0,
            1.0,
            1.0,
            1.0,
            1.0,
            1.0,
            1.0,
            1.0,
            1.0,
            1.0,
            1.0,
            1.0,
            1.0,
            1.0,
            1.0,
            1.0,
            1.0,
            1.0,
            1.0,
            1.0,
            1.0,
            1.0,
            1.0,
            1.0,
            1.0,
            1.0,
            1.0,
            1.0,
            1.0,
            1.0,
            0.9090909090909091,
            0.8181818181818181,
            0.7272727272727273,
            0.6363636363636364,
            0.5454545454545454,
            0.4545454545454546,
            0.36363636363636365,
            0.2727272727272727,
            0.18181818181818177,
            0.09090909090909094
        ]
    },
    "train_losses": [
        355.276114327567,
        350.0343235560826,
        202.38345772879464,
        292.1893790108817,
        382.52042061941967,
        474.7095642089844,
        211.97339085170202,
        448.2926025390625,
        632.0278843470982,
        581.5562744140625,
        466.7026803152902,
        455.6959533691406,
        550.942853655134,
        670.3697771344866,
        708.2611171177456,
        703.8698381696429,
        708.3505161830357,
        722.3675537109375,
        664.3221697126116,
        539.7527640206473,
        435.50626482282365,
        398.68751743861606,
        392.33761160714283,
        353.4591979980469,
        334.51499720982144,
        378.83279854910717,
        472.3820277622768,
        505.0603332519531,
        464.17848423549106,
        406.3482186453683,
        377.80995396205356,
        339.82655116489957,
        255.4561811174665,
        195.92691258021765,
        218.01895795549666,
        308.17220633370533,
        363.0984540666853,
        375.1250653948103,
        383.0986546107701,
        415.032706124442,
        411.9944501604353,
        356.6514238630022,
        307.4998256138393,
        323.9698791503906,
        388.2591029575893,
        424.73707798549106,
        437.19471522739957,
        453.7184055873326,
        496.5514831542969,
        505.13463919503346,
        469.44661603655135,
        425.5606253487723,
        430.7988542829241,
        463.7951878138951,
        474.1451721191406,
        463.6749572753906,
        467.0909685407366,
        507.6776035853795,
        522.4793744768415,
        501.69015066964283,
        456.97800990513394,
        447.64866420200894,
        436.12598964146207,
        395.91378348214283,
        332.37235369001115,
        303.9657985142299,
        328.69321986607144,
        356.14307948521207,
        370.7011282784598,
        373.7311052594866,
        399.9815673828125,
        394.8651776994978,
        344.7288251604353,
        252.11161586216517,
        188.65470014299666,
        167.67481122698103,
        170.30805097307478,
        186.69850376674108,
        219.3156520298549,
        288.2833513532366,
        338.6537344796317,
        352.46543666294644,
        314.1459001813616,
        279.7325439453125,
        252.11063494001115,
        229.80728149414062,
        200.0723157610212,
        189.87366812569755,
        223.79300144740515,
        274.84291294642856,
        323.1730651855469,
        347.1695251464844,
        404.5124816894531,
        407.5557556152344,
        269.6569606236049,
        168.96925571986608,
        271.3262634277344,
        231.4808088030134,
        196.36589922223772,
        190.6016387939453,
        170.68959045410156
    ],