{
    "testproblem": "quadratic_deep",
    "batch_size": 128,
    "num_epochs": 100,
    "random_seed": 51,
    "l2_reg": null,
    "optimizer_name": "NAGOptimizer",
    "optimizer_hyperparams": {
        "learning_rate": 0.0006290644294586146,
        "momentum": 0.9885991362988726,
        "use_locking": false,
        "use_nesterov": true
    },
    "training_params": {
        "lr_sched_epochs": null,
        "lr_sched_factors": null
    },
    "train_losses": [
        354.7630615234375,
        117.32421983991351,
        197.72045026506697,
        173.82167271205358,
        112.30482373918805,
        146.13387625558036,
        110.93859318324498,
        110.01833670479911,
        105.96086774553571,
        96.14586421421596,
        98.06117357526507,
        90.85379028320312,
        91.22577885219029,
        90.67766353062221,
        87.69469451904297,
        88.91987064906529,
        88.49415370396206,
        87.50113677978516,
        88.22950090680804,
        87.97864968436105,
        87.39087568010602,
        87.61244746616909,
        87.23641313825335,
        86.79715619768415,
        86.6652079990932,
        86.2814712524414,
        85.96124158586774,
        85.74374716622489,
        85.53117152622768,
        85.36120169503349,
        85.25442940848214,
        85.21256474086216,
        85.16873059953961,
        85.17094094412667,
        85.20149557931083,
        85.20955657958984,
        85.23173195975167,
        85.2445308140346,
        85.23007420131138,
        85.20770917619977,
        85.16942269461495,
        85.11396898542132,
        85.05178724016461,
        84.98492431640625,
        84.91521889822823,
        84.84925079345703,
        84.7907235281808,
        84.73998587472099,
        84.6995598929269,
        84.66999816894531,
        84.64922986711774,
        84.63660975864956,
        84.6307601928711,
        84.62911115373883,
        84.63009970528739,
        84.6321280343192,
        84.63345118931362,
        84.63326481410435,
        84.63121032714844,
        84.6270283290318,
        84.62096187046596,
        84.61346871512276,
        84.60501316615513,
        84.59620666503906,
        84.58767591203961,
        84.57985142299107,
        84.5730732509068,
        84.56752123151507,
        84.56319318498883,
        84.55997794015067,
        84.55769457135882,
        84.55608803885323,
        84.5548815046038,
        84.55381883893695,
        84.55266680036273,
        84.55125536237445,
        84.54950169154576,
        84.54738398960659,
        84.54493713378906,
        84.54224068777901,
        84.53939928327289,
        84.53653935023716,
        84.5337905883789,
        84.53125653948102,
        84.5290298461914,
        84.5271497453962,
        84.52564021519252,
        84.5244892665318,
        84.52365984235492,
        84.52309744698661,
        84.52275085449219,
        84.52253069196429,
        84.5223879132952,
        84.52226039341518,
        84.52210126604352,
        84.52188764299665,
        84.52159990583148,
        84.52123478480748,
        84.52080317905971,
        84.52031925746373,
        84.51980154854911
    ],
    "valid_losses": [
        353.8127659388951,
        118.25122179303851,
        200.10711233956474,
        175.30972943987166,
        112.31213487897601,
        146.28778512137276,
        112.41163526262555,
        112.02084786551339,
        107.15121350969586,
        96.49424743652344,
        98.64504023960659,
        92.27824946812221,
        92.96633693150112,
        91.96586390904018,
        88.49901798793248,
        89.8006101335798,
        89.78931318010602,
        88.9938735961914,
        89.55969565255302,
        89.09697941371373,
        88.50758906773159,
        88.8618916102818,
        88.54930550711495,
        88.06256866455078,
        87.88233511788505,
        87.5130844116211,
        87.21683066231864,
        86.97509874616351,
        86.71890367780414,
        86.54689025878906,
        86.47730473109654,
        86.45189012799945,
        86.3723634992327,
        86.3238034929548,
        86.34107535226005,
        86.37566811697823,
        86.42111424037388,
        86.42276872907367,
        86.37597765241351,
        86.33328683035714,
        86.29952566964286,
        86.25824519566127,
        86.20067596435547,
        86.1260757446289,
        86.04649135044643,
        85.97675432477679,
        85.92030225481305,
        85.87338256835938,
        85.83606828962054,
        85.80837576729911,
        85.78786032540458,
        85.77414921351841,
        85.76778411865234,
        85.76838902064732,
        85.77410888671875,
        85.78044128417969,
        85.78315080915179,
        85.78208923339844,
        85.77975899832589,
        85.77773829868862,
        85.77529907226562,
        85.77055903843471,
        85.76280648367745,
        85.75356074741909,
        85.7450670514788,
        85.73841530936105,
        85.73328399658203,
        85.72886548723493,
        85.7248066493443,
        85.7213625226702,
        85.71893637520927,
        85.71752384730748,
        85.71673148018974,
        85.7159903390067,
        85.71487426757812,
        85.71323503766742,
        85.71115112304688,
        85.70880235944476,
        85.70628574916294,
        85.70358276367188,
        85.70065198625836,
        85.69754573277065,
        85.69444928850446,
        85.69161006382534,
        85.68917519705636,
        85.68716212681362,
        85.6854989188058,
        85.68411036900112,
        85.68299320765904,
        85.68215506417411,
        85.68157958984375,
        85.68119267054966,
        85.6808831351144,
        85.68056052071708,
        85.68018559047154,
        85.67976379394531,
        85.67929949079242,
        85.67879922049386,
        85.67825099400112,
        85.67764936174665,
        85.67701067243304
    ],