{
    "testproblem": "quadratic_deep",
    "batch_size": 128,
    "num_epochs": 100,
    "random_seed": 42,
    "l2_reg": null,
    "optimizer_name": "AMSGrad",
    "optimizer_hyperparams": {
        "learning_rate": 0.0003016209262796776,
        "beta1": 0.631650714986737,
        "beta2": 0.986421430911043,
        "epsilon": 1e-08,
        "use_locking": false
    },
    "training_params": {
        "lr_sched_epochs": [],
        "lr_sched_factors": []
    },
    "train_losses": [
        664.4653581891741,
        660.3770054408482,
        656.3083234514509,
        652.2614833286831,
        648.2367117745536,
        644.2338082449777,
        640.2525634765625,
        636.2926374162946,
        632.3538120814732,
        628.4356951032366,
        624.5379638671875,
        620.6605050223214,
        616.8029174804688,
        612.9649483816964,
        609.1463884626116,
        605.3469848632812,
        601.5665021623884,
        597.8047485351562,
        594.061505998884,
        590.3366001674107,
        586.6298043387277,
        582.9409964425223,
        579.270002092634,
        575.616716657366,
        571.9809657505581,
        568.3626447405134,
        564.7617274693081,
        561.1781616210938,
        557.6119123186384,
        554.063232421875,
        550.5324619838169,
        547.0203072684152,
        543.5274658203125,
        540.0548357282366,
        536.6029837472098,
        533.1725071498325,
        529.763916015625,
        526.3776506696429,
        523.0140642438616,
        519.6734444754464,
        516.3560485839844,
        513.0621076311384,
        509.7918134416853,
        506.5451878138951,
        503.3224400111607,
        500.1235613141741,
        496.94859095982144,
        493.7975551060268,
        490.6704581124442,
        487.5672520228795,
        484.4878627232143,
        481.43226841517856,
        478.40035138811385,
        475.3920462472098,
        472.4072047642299,
        469.44576154436385,
        466.5076206752232,
        463.5926077706473,
        460.7006181989397,
        457.8314732142857,
        454.9850856236049,
        452.1613028390067,
        449.3599373953683,
        446.5808672223772,
        443.8239310128348,
        441.0889413016183,
        438.3757803780692,
        435.6842694963728,
        433.01424298967635,
        430.3655351911272,
        427.7379935128348,
        425.1314610072545,
        422.5457763671875,
        419.9807608468192,
        417.43626185825894,
        414.9120875767299,
        412.40808541434154,
        409.92413330078125,
        407.4600176130022,
        405.0156032017299,
        402.5907200404576,
        400.18521554129467,
        397.79896763392856,
        395.43175833565846,
        393.08343505859375,
        390.75391060965404,
        388.4429452078683,
        386.15042550223217,
        383.87622506277904,
        381.6201389857701,
        379.38204520089283,
        377.16180419921875,
        374.959228515625,
        372.7742353166853,
        370.60660661969865,
        368.4562726702009,
        366.32301548549106,
        364.2067435128348,
        362.10728672572543,
        360.02455357142856,
        357.95836094447543
    ],
    "valid_losses": [
        661.1532244001116,
        657.0837489536831,
        653.0339268275669,
        649.0060250418527,
        645.0003051757812,
        641.0165666852679,
        637.0545567103794,
        633.1139177594866,
        629.1944318498884,
        625.2957153320312,
        621.417463030134,
        617.5594046456473,
        613.7213134765625,
        609.9028930664062,
        606.1038469587054,
        602.3240007672991,
        598.5630929129464,
        594.8209141322544,
        591.0972464425223,
        587.3918980189732,
        583.7047206333706,
        580.0355137416294,
        576.3840942382812,
        572.7504010881696,
        569.1342163085938,
        565.5355224609375,
        561.9541887555804,
        558.3901803152902,
        554.8435581752232,
        551.314453125,
        547.8032313755581,
        544.3105904715402,
        540.8373500279018,
        537.3841814313616,
        533.9517996651786,
        530.5407453264509,
        527.1515415736607,
        523.7846069335938,
        520.4402988978794,
        517.1189357212612,
        513.8207223074777,
        510.54591587611606,
        507.29469517299106,
        504.0670907156808,
        500.86328560965404,
        497.68331037248885,
        494.5271650041853,
        491.39490182059154,
        488.28651210239957,
        485.2019260951451,
        482.14110892159596,
        479.104012625558,
        476.0905325753348,
        473.10059029715404,
        470.13405064174106,
        467.1908394949777,
        464.27083914620533,
        461.3739318847656,
        458.49996076311385,
        455.6487557547433,
        452.8202558244978,
        450.01427786690846,
        447.23065185546875,
        444.46923828125,
        441.7298889160156,
        439.01246425083707,
        436.3167419433594,
        433.6426348005022,
        430.9899161202567,
        428.35845947265625,
        425.74808611188615,
        423.158682686942,
        420.5900355747768,
        418.0419921875,
        415.5143607003348,
        413.0070277622768,
        410.5198015485491,
        408.0525381905692,
        405.6050545828683,
        403.17720685686385,
        400.768807547433,
        398.3797389439174,
        396.0098353794643,
        393.658926827567,
        391.3268301827567,
        389.013436453683,
        386.7185712541853,
        384.4420950753348,
        382.18384225027904,
        379.9436340332031,
        377.7213788713728,
        375.5168936593192,
        373.33001708984375,
        371.160635811942,
        369.00858415876115,
        366.8737487792969,
        364.75592041015625,
        362.65501621791293,
        360.5708705357143,
        358.50338309151783,
        356.45237513950894
    ],