{
    "testproblem": "quadratic_deep",
    "batch_size": 128,
    "num_epochs": 100,
    "random_seed": 42,
    "l2_reg": null,
    "optimizer_name": "AdadeltaOptimizer",
    "optimizer_hyperparams": {
        "learning_rate": 0.00030086868214458434,
        "rho": 0.9287181194159864,
        "epsilon": 1e-08,
        "use_locking": false
    },
    "training_params": {
        "lr_sched_epochs": [
            1,
            2,
            3,
            4,
            5,
            6,
            7,
            8,
            9,
            10,
            11,
            12,
            13,
            14,
            15,
            16,
            17,
            18,
            19,
            20,
            21,
            22,
            23,
            24,
            25,
            26,
            27,
            28,
            29,
            30,
            31,
            32,
            33,
            34,
            35,
            36,
            37,
            38,
            39,
            40,
            41,
            42,
            43,
            44,
            45,
            46,
            47,
            48,
            49,
            50,
            51,
            52,
            53,
            54,
            55,
            56,
            57,
            58,
            59,
            60,
            61,
            62,
            63,
            64,
            65,
            66,
            67,
            68,
            69,
            70,
            71,
            72,
            73,
            74,
            75,
            76,
            77,
            78,
            79,
            80,
            81,
            82,
            83,
            84,
            85,
            86,
            87,
            88,
            89,
            90,
            91,
            92,
            93,
            94,
            95,
            96,
            97,
            98,
            99,
            100
        ],
        "lr_sched_factors": [
            0.1,
            0.2,
            0.3,
            0.4,
            0.5,
            0.6,
            0.7,
            0.8,
            0.9,
            1.0,
            1.0,
            1.0,
            1.0,
            1.0,
            1.0,
            1.0,
            1.0,
            1.0,
            1.0,
            1.0,
            1.0,
            1.0,
            1.0,
            1.0,
            1.0,
            1.0,
            1.0,
            1.0,
            1.0,
            1.0,
            1.0,
            1.0,
            1.0,
            1.0,
            1.0,
            1.0,
            1.0,
            1.0,
            1.0,
            1.0,
            1.0,
            1.0,
            1.0,
            1.0,
            1.0,
            1.0,
            1.0,
            1.0,
            1.0,
            1.0,
            1.0,
            1.0,
            1.0,
            1.0,
            1.0,
            1.0,
            1.0,
            1.0,
            1.0,
            1.0,
            1.0,
            1.0,
            1.0,
            1.0,
            1.0,
            1.0,
            1.0,
            1.0,
            1.0,
            1.0,
            1.0,
            1.0,
            1.0,
            1.0,
            1.0,
            1.0,
            1.0,
            1.0,
            1.0,
            1.0,
            1.0,
            1.0,
            1.0,
            1.0,
            1.0,
            1.0,
            1.0,
            1.0,
            1.0,
            1.0,
            0.9090909090909091,
            0.8181818181818181,
            0.7272727272727273,
            0.6363636363636364,
            0.5454545454545454,
            0.4545454545454546,
            0.36363636363636365,
            0.2727272727272727,
            0.18181818181818177,
            0.09090909090909094
        ]
    },
    "train_losses": [
        355.276114327567,
        355.2751159667969,
        355.2751159667969,
        355.2751203264509,
        355.27474539620533,
        355.2743661063058,
        355.2737513950893,
        355.2730974469866,
        355.2721601213728,
        355.2711486816406,
        355.27013724190846,
        355.2691214425223,
        355.26808384486606,
        355.2670375279018,
        355.26595633370533,
        355.2648707798549,
        355.26375906808033,
        355.26256888253346,
        355.2613438197545,
        355.26011439732144,
        355.25882829938615,
        355.2575247628348,
        355.25620814732144,
        355.25486537388394,
        355.2535400390625,
        355.2521711077009,
        355.25081525530135,
        355.24945068359375,
        355.2480773925781,
        355.2467041015625,
        355.2453090122768,
        355.24393136160717,
        355.2425449916295,
        355.2411368233817,
        355.2397242954799,
        355.2383030482701,
        355.2368687220982,
        355.2354169573103,
        355.2339346749442,
        355.2324480329241,
        355.23092215401783,
        355.2293919154576,
        355.2278267996652,
        355.2262922014509,
        355.22471400669644,
        355.22314017159596,
        355.2215488978795,
        355.2199445452009,
        355.2183314732143,
        355.2167227608817,
        355.215096609933,
        355.2134791782924,
        355.2118617466518,
        355.210213797433,
        355.2085658482143,
        355.2069178989955,
        355.2052699497768,
        355.20360020228793,
        355.2019348144531,
        355.2002607073103,
        355.1985560825893,
        355.19683837890625,
        355.19510323660717,
        355.19334629603793,
        355.19156755719865,
        355.18975830078125,
        355.1879185267857,
        355.1860656738281,
        355.1841953822545,
        355.1823250906808,
        355.18042428152904,
        355.1785147530692,
        355.17659650530135,
        355.1746738978795,
        355.17274693080356,
        355.1708068847656,
        355.16885811941967,
        355.1669006347656,
        355.16493443080356,
        355.1629638671875,
        355.1610020228795,
        355.15902273995533,
        355.1570521763393,
        355.15506853376115,
        355.15308925083707,
        355.15111868722096,
        355.14913068498885,
        355.1471470424107,
        355.1451721191406,
        355.1431797572545,
        355.1411917550223,
        355.1392168317522,
        355.13731602260043,
        355.1356985909598,
        355.13429042271207,
        355.13306100027904,
        355.1320582798549,
        355.1310511997768,
        355.1303187779018,
        355.1297040666853,
        355.1293465750558
    ],