{
    "testproblem": "quadratic_deep",
    "batch_size": 128,
    "num_epochs": 100,
    "random_seed": 42,
    "l2_reg": null,
    "optimizer_name": "AdadeltaOptimizer",
    "optimizer_hyperparams": {
        "learning_rate": 0.0001263794633808287,
        "rho": 0.002107047280657824,
        "epsilon": 1e-08,
        "use_locking": false
    },
    "training_params": {
        "lr_sched_epochs": [
            1,
            2,
            3,
            4,
            5,
            6,
            7,
            8,
            9,
            10,
            11,
            12,
            13,
            14,
            15,
            16,
            17,
            18,
            19,
            20,
            21,
            22,
            23,
            24,
            25,
            26,
            27,
            28,
            29,
            30,
            31,
            32,
            33,
            34,
            35,
            36,
            37,
            38,
            39,
            40,
            41,
            42,
            43,
            44,
            45,
            46,
            47,
            48,
            49,
            50,
            51,
            52,
            53,
            54,
            55,
            56,
            57,
            58,
            59,
            60,
            61,
            62,
            63,
            64,
            65,
            66,
            67,
            68,
            69,
            70,
            71,
            72,
            73,
            74,
            75,
            76,
            77,
            78,
            79,
            80,
            81,
            82,
            83,
            84,
            85,
            86,
            87,
            88,
            89,
            90,
            91,
            92,
            93,
            94,
            95,
            96,
            97,
            98,
            99,
            100
        ],
        "lr_sched_factors": [
            0.9755282581475768,
            0.9045084971874737,
            0.7938926261462366,
            0.6545084971874737,
            0.5,
            0.34549150281252633,
            0.2061073738537635,
            0.09549150281252633,
            0.024471741852423234,
            1,
            0.9938441702975689,
            0.9755282581475768,
            0.9455032620941839,
            0.9045084971874737,
            0.8535533905932737,
            0.7938926261462366,
            0.7269952498697734,
            0.6545084971874737,
            0.5782172325201155,
            0.5,
            0.42178276747988447,
            0.34549150281252633,
            0.2730047501302266,
            0.2061073738537635,
            0.14644660940672627,
            0.09549150281252633,
            0.054496737905816106,
            0.024471741852423234,
            0.00615582970243117,
            1,
            0.998458666866564,
            0.9938441702975689,
            0.9861849601988383,
            0.9755282581475768,
            0.9619397662556434,
            0.9455032620941839,
            0.9263200821770461,
            0.9045084971874737,
            0.8802029828000155,
            0.8535533905932737,
            0.8247240241650917,
            0.7938926261462366,
            0.7612492823579744,
            0.7269952498697734,
            0.6913417161825449,
            0.6545084971874737,
            0.6167226819279528,
            0.5782172325201155,
            0.5392295478639225,
            0.5,
            0.4607704521360776,
            0.42178276747988447,
            0.38327731807204746,
            0.34549150281252633,
            0.30865828381745514,
            0.2730047501302266,
            0.2387507176420256,
            0.2061073738537635,
            0.17527597583490823,
            0.14644660940672627,
            0.11979701719998453,
            0.09549150281252633,
            0.07367991782295391,
            0.054496737905816106,
            0.03806023374435663,
            0.024471741852423234,
            0.013815039801161721,
            0.00615582970243117,
            0.001541333133436018,
            1,
            0.9996145181203615,
            0.998458666866564,
            0.9965342284774632,
            0.9938441702975689,
            0.9903926402016152,
            0.9861849601988383,
            0.9812276182268236,
            0.9755282581475768,
            0.9690956679612421,
            0.9619397662556434,
            0.9540715869125407,
            0.9455032620941839,
            0.9362480035363986,
            0.9263200821770461,
            0.9157348061512727,
            0.9045084971874737,
            0.8926584654403724,
            0.8802029828000155,
            0.8671612547178428,
            0.8535533905932737,
            0.839400372766471,
            0.8247240241650917,
            0.8095469746549171,
            0.7938926261462366,
            0.7777851165098011,
            0.7612492823579744,
            0.7443106207484775,
            0.7269952498697734,
            0.7093298687687141,
            0.6913417161825449
        ]
    },
    "train_losses": [
        314.30482700892856,
        314.30472237723217,
        314.3043997628348,
        314.30409022739957,
        314.3037632533482,
        314.3034406389509,
        314.3031311035156,
        314.30299159458707,
        314.30299159458707,
        314.30299159458707,
        314.30299159458707,
        314.30208914620533,
        314.3011997767857,
        314.300301688058,
        314.29939923967635,
        314.29850115094865,
        314.29759434291293,
        314.2967006138393,
        314.2958025251116,
        314.29490443638394,
        314.2943202427455,
        314.29374040876115,
        314.29317801339283,
        314.29286411830356,
        314.2925327845982,
        314.292227608817,
        314.292227608817,
        314.292227608817,
        314.292227608817,
        314.292227608817,
        314.292227608817,
        314.29075404575894,
        314.2892804827009,
        314.2878156389509,
        314.28635951450894,
        314.28487723214283,
        314.28340802873885,
        314.28194754464283,
        314.2804696219308,
        314.2790047781808,
        314.2775617327009,
        314.2760968889509,
        314.2748587472098,
        314.2736554827009,
        314.2724347795759,
        314.2712140764509,
        314.27000645228793,
        314.26895577566967,
        314.26806204659596,
        314.2671639578683,
        314.2662615094866,
        314.26536778041293,
        314.2644696916853,
        314.2635716029576,
        314.26267787388394,
        314.26209803989957,
        314.2615225655692,
        314.2609558105469,
        314.26041521344865,
        314.2600838797433,
        314.25977870396207,
        314.2594560895647,
        314.2591334751674,
        314.2591334751674,
        314.2591334751674,
        314.2591334751674,
        314.2591334751674,
        314.2591334751674,
        314.2591334751674,
        314.2591334751674,
        314.2591334751674,
        314.2570277622768,
        314.2549264090402,
        314.25280325753346,
        314.2507019042969,
        314.24859619140625,
        314.24647303989957,
        314.2443629673549,
        314.2422572544643,
        314.2401384626116,
        314.23803274972096,
        314.23592267717635,
        314.2338169642857,
        314.23170253208707,
        314.22957938058033,
        314.2274823869978,
        314.2253723144531,
        314.2232666015625,
        314.2211652483259,
        314.2190682547433,
        314.2169669015067,
        314.2148960658482,
        314.21302577427457,
        314.21122087751115,
        314.20943777901783,
        314.2076416015625,
        314.2058541434152,
        314.20406668526783,
        314.2022705078125,
        314.20047869001115,
        314.1987043108259
    ],