{
    "testproblem": "quadratic_deep",
    "batch_size": 128,
    "num_epochs": 100,
    "random_seed": 42,
    "l2_reg": null,
    "optimizer_name": "AdaBoundOptimizer",
    "optimizer_hyperparams": {
        "learning_rate": 0.00016762709926481916,
        "final_lr": 0.1303679465222462,
        "beta1": 0.8711766456020502,
        "beta2": 0.8382266202980501,
        "gamma": 0.0006013894338049558,
        "epsilon": 1e-08,
        "amsbound": false,
        "use_locking": false
    },
    "training_params": {
        "lr_sched_epochs": null,
        "lr_sched_factors": null
    },
    "train_losses": [
        355.276114327567,
        331.560791015625,
        245.4245888846261,
        151.63965933663505,
        109.7058824811663,
        107.71072169712612,
        108.10365513392857,
        104.549802507673,
        103.11780221121651,
        102.37537711007255,
        101.41121891566685,
        100.59338487897601,
        99.7403564453125,
        98.88652801513672,
        98.03623744419643,
        97.19395010811942,
        96.36766379220145,
        95.56151798793248,
        94.7823715209961,
        94.03538077218192,
        93.32383619035993,
        92.65007019042969,
        92.0160151890346,
        91.42267390659877,
        90.87005615234375,
        90.35765293666294,
        89.88450295584542,
        89.44915553501674,
        89.04982539585659,
        88.68453434535435,
        88.35115051269531,
        88.04745047433036,
        87.7712162562779,
        87.52024296351841,
        87.29241180419922,
        87.085691179548,
        86.89817483084542,
        86.72808074951172,
        86.57376970563617,
        86.43374306815011,
        86.3066166469029,
        86.19115447998047,
        86.08623722621373,
        85.99084799630302,
        85.90408216203961,
        85.82512882777623,
        85.75325121198382,
        85.6877920968192,
        85.62816292898995,
        85.57383074079242,
        85.52431924002511,
        85.47919682094029,
        85.43807002476284,
        85.4005846296038,
        85.36641693115234,
        85.33527047293526,
        85.30688149588448,
        85.28101239885602,
        85.25742994035993,
        85.23593466622489,
        85.21634456089565,
        85.198486328125,
        85.18220955984933,
        85.16736929757255,
        85.1538314819336,
        85.14149039132255,
        85.13022831508091,
        85.11995479038784,
        85.11057826450893,
        85.10200827462333,
        85.0941892351423,
        85.08704376220703,
        85.08050973074776,
        85.0745348249163,
        85.06907217843192,
        85.06407601492745,
        85.0594972882952,
        85.05531202043805,
        85.05147988455636,
        85.04796709333148,
        85.04475511823382,
        85.04181671142578,
        85.03912135532924,
        85.03666251046317,
        85.03441292898995,
        85.03235953194755,
        85.03048815046039,
        85.0287857055664,
        85.02723802839007,
        85.0258320399693,
        85.02456338065011,
        85.02342006138393,
        85.02239009312221,
        85.02147674560547,
        85.02066367013114,
        85.0199475969587,
        85.01932198660714,
        85.01878465924945,
        85.01833125523159,
        85.01795196533203,
        85.01764242989677
    ],
    "valid_losses": [
        353.8127659388951,
        330.21605137416293,
        244.56875610351562,
        151.53995622907365,
        110.3065414428711,
        108.66738782610211,
        109.02756827218192,
        105.2610092163086,
        103.69043731689453,
        102.96541050502232,
        102.07638222830636,
        101.28378404889789,
        100.40727124895368,
        99.53875950404576,
        98.69904327392578,
        97.86742074148995,
        97.04051099504743,
        96.23349434988839,
        95.4583249773298,
        94.71499306815011,
        94.00535474504743,
        93.3340323311942,
        92.70287649972099,
        92.11207035609654,
        91.56200081961495,
        91.0522232055664,
        90.58157021658761,
        90.14868818010602,
        89.75180380684989,
        89.38887023925781,
        89.05777958461216,
        88.75631168910435,
        88.48222242082868,
        88.23331996372768,
        88.0074713570731,
        87.80264609200614,
        87.61694008963448,
        87.44856589181083,
        87.29588317871094,
        87.15739222935268,
        87.0317143031529,
        86.91761234828404,
        86.81396375383649,
        86.71975925990513,
        86.63409750802177,
        86.55616106305804,
        86.48522622244698,
        86.4206303187779,
        86.36179569789341,
        86.30819157191685,
        86.25934055873326,
        86.21481432233539,
        86.17422812325614,
        86.13722773960659,
        86.10349491664341,
        86.07273646763393,
        86.04469190325055,
        86.01912471226284,
        85.99581255231585,
        85.97455051967076,
        85.95516531808036,
        85.93748365129743,
        85.92135838099888,
        85.90664781842914,
        85.89322662353516,
        85.88097817557198,
        85.8698000226702,
        85.85958971296039,
        85.85026332310268,
        85.8417500087193,
        85.83396911621094,
        85.82685307094029,
        85.82035064697266,
        85.8144062587193,
        85.80896105085101,
        85.80398559570312,
        85.79942975725446,
        85.7952630179269,
        85.7914537702288,
        85.78796277727399,
        85.78477478027344,
        85.7818581717355,
        85.77919660295758,
        85.77676936558315,
        85.77455684116909,
        85.77253941127232,
        85.77070726667132,
        85.76904841831752,
        85.76754760742188,
        85.76619611467633,
        85.76497977120536,
        85.76389530726841,
        85.76293400355748,
        85.76208387102399,
        85.76134163992745,
        85.76069859095982,
        85.76015036446708,
        85.75968933105469,
        85.75931876046317,
        85.75902448381696,
        85.75880541120257
    ],