{
    "testproblem": "quadratic_deep",
    "batch_size": 128,
    "num_epochs": 100,
    "random_seed": 42,
    "l2_reg": null,
    "optimizer_name": "LookaheadOptimizerRAdam",
    "optimizer_hyperparams": {
        "learning_rate": 0.02400102997623001,
        "beta1": 0.914082193417895,
        "beta2": 0.8144810933887684,
        "epsilon": 1e-07,
        "k": 8,
        "alpha": 0.050769212679818494
    },
    "training_params": {
        "lr_sched_epochs": null,
        "lr_sched_factors": null
    },
    "train_losses": [
        355.276114327567,
        155.07893807547433,
        404.1971522739955,
        404.955557686942,
        143.91276332310267,
        568.8172258649554,
        284.4835684640067,
        167.9420667375837,
        206.11204092843192,
        138.60440935407365,
        212.5256587437221,
        155.5438188825335,
        122.80462537493024,
        231.5427703857422,
        140.39647783551897,
        111.94997079031808,
        99.96630314418248,
        120.79644557407924,
        142.13016183035714,
        105.6502216884068,
        106.53393663678851,
        149.97157069614954,
        109.8134296962193,
        97.24306379045758,
        90.11439514160156,
        106.52820369175502,
        116.49613189697266,
        97.86727033342633,
        96.73381914411273,
        119.43522644042969,
        99.03975568498883,
        91.4436503819057,
        89.73906598772321,
        98.27276720319476,
        103.43489401681083,
        95.49532536097935,
        91.6022197178432,
        105.50337437220982,
        94.16429683140346,
        88.67137581961495,
        89.90525817871094,
        93.96241542271206,
        96.75441196986607,
        94.36283002580915,
        89.02120753696987,
        98.92571367536273,
        91.85052708217076,
        87.2256360735212,
        89.96393367222377,
        91.76841190883091,
        93.38848767961774,
        93.73801531110492,
        87.71864100864956,
        95.77513994489398,
        90.7288316999163,
        86.42665536063058,
        89.95264870779855,
        90.64230455671039,
        91.68501717703683,
        93.372802734375,
        87.04261343819755,
        94.23294830322266,
        90.16916983468192,
        85.96116965157645,
        89.91774313790458,
        90.04861450195312,
        90.80611310686383,
        93.14923640659877,
        86.67526245117188,
        93.45208195277623,
        89.87841360909599,
        85.6755131312779,
        89.87991659981864,
        89.72317722865513,
        90.33930206298828,
        93.00589752197266,
        86.4633309500558,
        93.03724888392857,
        89.7192873273577,
        85.49125562395368,
        89.84635598318917,
        89.53617095947266,
        90.08250209263393,
        92.90978676932198,
        86.33245958600726,
        92.80269404820034,
        89.62666538783482,
        85.36693790980748,
        89.81874084472656,
        89.4230488368443,
        89.93570600237165,
        92.8426753452846,
        86.24594225202289,
        92.6600570678711,
        89.56905800955636,
        85.27974264962333,
        89.79673767089844,
        89.35104370117188,
        89.84846496582031,
        92.79414912632534,
        86.18516213553292
    ],
    "valid_losses": [
        353.8127659388951,
        155.81294904436385,
        403.01143537248885,
        403.2196044921875,
        144.59443010602678,
        571.3195277622768,
        286.1798662458147,
        167.60620989118303,
        207.63294982910156,
        139.85716247558594,
        212.77606201171875,
        155.35875374930245,
        123.43176814488002,
        232.76682608468192,
        141.3508039202009,
        112.18034035818917,
        100.64145878383091,
        121.6482914515904,
        142.78096226283483,
        106.03114427839007,
        107.20902906145368,
        150.820552280971,
        110.56667872837612,
        97.69419315883091,
        90.46228463309151,
        107.15562983921596,
        117.23538208007812,
        98.45280020577567,
        97.46521105085101,
        120.19785635811942,
        99.75770241873605,
        91.98025839669364,
        89.95826830182757,
        98.77251652308873,
        104.16585431780133,
        96.14693668910435,
        92.37828499930245,
        106.27411106654576,
        94.90027291434151,
        89.24147251674107,
        90.07892826625279,
        94.38873944963727,
        97.45158931187221,
        95.02669307163784,
        89.82755170549665,
        99.72860281808036,
        92.61729540143695,
        87.81067548479352,
        90.12650408063617,
        92.15250396728516,
        94.05114637102399,
        94.39474051339286,
        88.54307883126395,
        96.60970742361886,
        91.52505275181362,
        87.02091979980469,
        90.11785234723773,
        91.00269099644252,
        92.31963675362724,
        94.01663208007812,
        87.87601252964565,
        95.09181649344308,
        90.98958914620536,
        86.56349836077008,
        90.09065900530133,
        90.3966533115932,
        91.42006247384208,
        93.77955518450055,
        87.51119886125836,
        94.32725415910993,
        90.71749659946987,
        86.28605651855469,
        90.06205422537667,
        90.0659681047712,
        90.93890925816127,
        93.62379891531808,
        87.29746791294643,
        93.9220461164202,
        90.57230377197266,
        86.11036573137555,
        90.03777313232422,
        89.87818908691406,
        90.67264883858817,
        93.51681082589286,
        87.16200910295758,
        93.6920918055943,
        90.4899161202567,
        85.99475969587054,
        90.01892416817802,
        89.76709420340401,
        90.51997920445034,
        93.4403315952846,
        87.06922476632255,
        93.55049569266183,
        90.43973868233817,
        85.91619655064174,
        90.00496891566685,
        89.69880022321429,
        90.42941284179688,
        93.38376181466239,
        87.0012675694057
    ],