{
    "testproblem": "quadratic_deep",
    "batch_size": 128,
    "num_epochs": 100,
    "random_seed": 42,
    "l2_reg": null,
    "optimizer_name": "MomentumOptimizer",
    "optimizer_hyperparams": {
        "learning_rate": 0.00030086868214458434,
        "momentum": 0.9287181194159864,
        "use_locking": false,
        "use_nesterov": false
    },
    "training_params": {
        "lr_sched_epochs": [
            1,
            2,
            3,
            4,
            5,
            6,
            7,
            8,
            9,
            10,
            11,
            12,
            13,
            14,
            15,
            16,
            17,
            18,
            19,
            20,
            21,
            22,
            23,
            24,
            25,
            26,
            27,
            28,
            29,
            30,
            31,
            32,
            33,
            34,
            35,
            36,
            37,
            38,
            39,
            40,
            41,
            42,
            43,
            44,
            45,
            46,
            47,
            48,
            49,
            50,
            51,
            52,
            53,
            54,
            55,
            56,
            57,
            58,
            59,
            60,
            61,
            62,
            63,
            64,
            65,
            66,
            67,
            68,
            69,
            70,
            71,
            72,
            73,
            74,
            75,
            76,
            77,
            78,
            79,
            80,
            81,
            82,
            83,
            84,
            85,
            86,
            87,
            88,
            89,
            90,
            91,
            92,
            93,
            94,
            95,
            96,
            97,
            98,
            99,
            100
        ],
        "lr_sched_factors": [
            0.9755282581475768,
            0.9045084971874737,
            0.7938926261462366,
            0.6545084971874737,
            0.5,
            0.34549150281252633,
            0.2061073738537635,
            0.09549150281252633,
            0.024471741852423234,
            1.0,
            0.9938441702975689,
            0.9755282581475768,
            0.9455032620941839,
            0.9045084971874737,
            0.8535533905932737,
            0.7938926261462366,
            0.7269952498697734,
            0.6545084971874737,
            0.5782172325201155,
            0.5,
            0.42178276747988447,
            0.34549150281252633,
            0.2730047501302266,
            0.2061073738537635,
            0.14644660940672627,
            0.09549150281252633,
            0.054496737905816106,
            0.024471741852423234,
            0.00615582970243117,
            1.0,
            0.998458666866564,
            0.9938441702975689,
            0.9861849601988383,
            0.9755282581475768,
            0.9619397662556434,
            0.9455032620941839,
            0.9263200821770461,
            0.9045084971874737,
            0.8802029828000155,
            0.8535533905932737,
            0.8247240241650917,
            0.7938926261462366,
            0.7612492823579744,
            0.7269952498697734,
            0.6913417161825449,
            0.6545084971874737,
            0.6167226819279528,
            0.5782172325201155,
            0.5392295478639225,
            0.5,
            0.4607704521360776,
            0.42178276747988447,
            0.38327731807204746,
            0.34549150281252633,
            0.30865828381745514,
            0.2730047501302266,
            0.2387507176420256,
            0.2061073738537635,
            0.17527597583490823,
            0.14644660940672627,
            0.11979701719998453,
            0.09549150281252633,
            0.07367991782295391,
            0.054496737905816106,
            0.03806023374435663,
            0.024471741852423234,
            0.013815039801161721,
            0.00615582970243117,
            0.001541333133436018,
            1.0,
            0.9996145181203615,
            0.998458666866564,
            0.9965342284774632,
            0.9938441702975689,
            0.9903926402016152,
            0.9861849601988383,
            0.9812276182268236,
            0.9755282581475768,
            0.9690956679612421,
            0.9619397662556434,
            0.9540715869125407,
            0.9455032620941839,
            0.9362480035363986,
            0.9263200821770461,
            0.9157348061512727,
            0.9045084971874737,
            0.8926584654403724,
            0.8802029828000155,
            0.8671612547178428,
            0.8535533905932737,
            0.839400372766471,
            0.8247240241650917,
            0.8095469746549171,
            0.7938926261462366,
            0.7777851165098011,
            0.7612492823579744,
            0.7443106207484775,
            0.7269952498697734,
            0.7093298687687141,
            0.6913417161825449
        ]
    },
    "train_losses": [
        355.276114327567,
        222.0206582205636,
        113.12523106166294,
        117.97821044921875,
        128.64842224121094,
        119.16480364118304,
        109.59733036586216,
        105.54639761788505,
        104.27663203648159,
        103.90618787493024,
        103.82993861607143,
        102.55893380301339,
        102.41537039620536,
        101.6194817679269,
        100.65220751081195,
        99.988525390625,
        99.50891876220703,
        99.06819370814732,
        98.66346413748605,
        98.31633758544922,
        98.02572740827289,
        97.78350176130023,
        97.58440617152623,
        97.42486354282924,
        97.30116707938058,
        97.20922088623047,
        97.14466312953404,
        97.1029281616211,
        97.07925197056362,
        97.06866237095424,
        97.06600516183036,
        96.64044080461774,
        96.22869655064174,
        95.8331320626395,
        95.45535932268415,
        95.0963865007673,
        94.75659070696149,
        94.43597085135323,
        94.13429587227958,
        93.8511984688895,
        93.58618491036552,
        93.33867972237724,
        93.10808781215123,
        92.89376286097935,
        92.69505855015346,
        92.5113034929548,
        92.34183066231864,
        92.18598393031529,
        92.04309844970703,
        91.91253771100726,
        91.79367937360492,
        91.68590872628349,
        91.58862740652901,
        91.5012675694057,
        91.42325701032367,
        91.35404096330915,
        91.29308537074498,
        91.23986053466797,
        91.19383566720145,
        91.15449959891183,
        91.121335710798,
        91.09383283342633,
        91.07147652762276,
        91.05374472481864,
        91.04012625558036,
        91.03008270263672,
        91.02308981759208,
        91.0186037336077,
        91.01606968470982,
        91.01494380405971,
        91.01466369628906,
        90.83377511160714,
        90.65777478899274,
        90.48746817452567,
        90.32320295061383,
        90.1651109967913,
        90.0132075718471,
        89.86744362967355,
        89.72769274030414,
        89.59379250662667,
        89.46555655343192,
        89.34278760637555,
        89.2252938406808,
        89.11287689208984,
        89.00535365513393,
        88.90254211425781,
        88.80426134381976,
        88.71033150809151,
        88.62058367047992,
        88.53484780447823,
        88.45296260288784,
        88.37477656773159,
        88.30014256068638,
        88.22890363420758,
        88.16093444824219,
        88.09609876360211,
        88.03426470075335,
        87.97531454903739,
        87.91913059779576,
        87.86559513636998,
        87.81460571289062
    ],