{
    "testproblem": "quadratic_deep",
    "batch_size": 128,
    "num_epochs": 100,
    "random_seed": 47,
    "l2_reg": null,
    "optimizer_name": "RAdamOptimizer",
    "optimizer_hyperparams": {
        "learning_rate": 0.001,
        "beta1": 0.9,
        "beta2": 0.999,
        "epsilon": 1e-07
    },
    "training_params": {
        "lr_sched_epochs": [
            1,
            2,
            3,
            4,
            5,
            6,
            7,
            8,
            9,
            10,
            11,
            12,
            13,
            14,
            15,
            16,
            17,
            18,
            19,
            20,
            21,
            22,
            23,
            24,
            25,
            26,
            27,
            28,
            29,
            30,
            31,
            32,
            33,
            34,
            35,
            36,
            37,
            38,
            39,
            40,
            41,
            42,
            43,
            44,
            45,
            46,
            47,
            48,
            49,
            50,
            51,
            52,
            53,
            54,
            55,
            56,
            57,
            58,
            59,
            60,
            61,
            62,
            63,
            64,
            65,
            66,
            67,
            68,
            69,
            70,
            71,
            72,
            73,
            74,
            75,
            76,
            77,
            78,
            79,
            80,
            81,
            82,
            83,
            84,
            85,
            86,
            87,
            88,
            89,
            90,
            91,
            92,
            93,
            94,
            95,
            96,
            97,
            98,
            99,
            100
        ],
        "lr_sched_factors": [
            0.9755282581475768,
            0.9045084971874737,
            0.7938926261462366,
            0.6545084971874737,
            0.5,
            0.34549150281252633,
            0.2061073738537635,
            0.09549150281252633,
            0.024471741852423234,
            1,
            0.9938441702975689,
            0.9755282581475768,
            0.9455032620941839,
            0.9045084971874737,
            0.8535533905932737,
            0.7938926261462366,
            0.7269952498697734,
            0.6545084971874737,
            0.5782172325201155,
            0.5,
            0.42178276747988447,
            0.34549150281252633,
            0.2730047501302266,
            0.2061073738537635,
            0.14644660940672627,
            0.09549150281252633,
            0.054496737905816106,
            0.024471741852423234,
            0.00615582970243117,
            1,
            0.998458666866564,
            0.9938441702975689,
            0.9861849601988383,
            0.9755282581475768,
            0.9619397662556434,
            0.9455032620941839,
            0.9263200821770461,
            0.9045084971874737,
            0.8802029828000155,
            0.8535533905932737,
            0.8247240241650917,
            0.7938926261462366,
            0.7612492823579744,
            0.7269952498697734,
            0.6913417161825449,
            0.6545084971874737,
            0.6167226819279528,
            0.5782172325201155,
            0.5392295478639225,
            0.5,
            0.4607704521360776,
            0.42178276747988447,
            0.38327731807204746,
            0.34549150281252633,
            0.30865828381745514,
            0.2730047501302266,
            0.2387507176420256,
            0.2061073738537635,
            0.17527597583490823,
            0.14644660940672627,
            0.11979701719998453,
            0.09549150281252633,
            0.07367991782295391,
            0.054496737905816106,
            0.03806023374435663,
            0.024471741852423234,
            0.013815039801161721,
            0.00615582970243117,
            0.001541333133436018,
            1,
            0.9996145181203615,
            0.998458666866564,
            0.9965342284774632,
            0.9938441702975689,
            0.9903926402016152,
            0.9861849601988383,
            0.9812276182268236,
            0.9755282581475768,
            0.9690956679612421,
            0.9619397662556434,
            0.9540715869125407,
            0.9455032620941839,
            0.9362480035363986,
            0.9263200821770461,
            0.9157348061512727,
            0.9045084971874737,
            0.8926584654403724,
            0.8802029828000155,
            0.8671612547178428,
            0.8535533905932737,
            0.839400372766471,
            0.8247240241650917,
            0.8095469746549171,
            0.7938926261462366,
            0.7777851165098011,
            0.7612492823579744,
            0.7443106207484775,
            0.7269952498697734,
            0.7093298687687141,
            0.6913417161825449
        ]
    },
    "train_losses": [
        353.481942313058,
        253.27607073102678,
        252.94295174734933,
        252.48488071986608,
        251.98316955566406,
        251.50066484723772,
        251.08600071498327,
        250.77078683035714,
        250.5670427594866,
        250.46585083007812,
        250.4382825578962,
        249.25099400111608,
        248.0188249860491,
        246.7628893171038,
        245.50423322405135,
        244.2633819580078,
        243.05992344447546,
        241.91193498883928,
        240.83564976283483,
        239.8449249267578,
        238.95098223005022,
        238.16205051967077,
        237.48322405133928,
        236.9162837437221,
        236.4596405029297,
        236.1082981654576,
        235.8539319719587,
        235.68494960239954,
        235.5867178780692,
        235.54178292410714,
        235.5302974155971,
        233.636723109654,
        231.7354997907366,
        229.83724757603235,
        227.95065307617188,
        226.08316258021765,
        224.24155752999442,
        222.4320787702288,
        220.66048104422433,
        218.9321049281529,
        217.25186157226562,
        215.62421308244978,
        214.0531986781529,
        212.54242597307478,
        211.0950208391462,
        209.71368626185827,
        208.40069580078125,
        207.15787833077567,
        205.9866180419922,
        204.88794163295202,
        203.86239406040735,
        202.91018676757812,
        202.0310777936663,
        201.22451782226562,
        200.48954554966517,
        199.8248552594866,
        199.22875322614397,
        198.69922092982702,
        198.23388671875,
        197.83004542759485,
        197.48462568010603,
        197.19421168736048,
        196.95504106794084,
        196.7630397251674,
        196.61380004882812,
        196.50255039760046,
        196.42423357282365,
        196.37345450265067,
        196.3445543561663,
        196.33156040736608,
        196.32828412737166,
        194.19800894601005,
        192.09017072405135,
        190.01319231305803,
        187.97174072265625,
        185.96853855678015,
        184.00532967703683,
        182.0833500453404,
        180.2034912109375,
        178.3664311000279,
        176.5727255684989,
        174.82278442382812,
        173.11690630231584,
        171.45530482700892,
        169.83805193219865,
        168.26519775390625,
        166.7366703578404,
        165.25230843680245,
        163.8119114467076,
        162.41518075125558,
        161.06178065708704,
        159.75128609793526,
        158.4832545689174,
        157.25716727120536,
        156.07246834891183,
        154.9285627092634,
        153.82481602260046,
        152.76057870047433,
        151.73516627720423,
        150.74785723005022,
        149.79791913713728
    ],