{
    "testproblem": "quadratic_deep",
    "batch_size": 128,
    "num_epochs": 100,
    "random_seed": 42,
    "l2_reg": null,
    "optimizer_name": "LookaheadOptimizerMBGDMomentum",
    "optimizer_hyperparams": {
        "learning_rate": 0.0007499924272398161,
        "momentum": 0.047239577644005486,
        "use_nesterov": false,
        "k": 17,
        "alpha": 0.0001817895809080395,
        "use_locking": false
    },
    "training_params": {
        "lr_sched_epochs": [],
        "lr_sched_factors": []
    },
    "train_losses": [
        400.0134015764509,
        300.1834062848772,
        226.40545218331474,
        345.18616158621654,
        253.5372532435826,
        399.92225864955356,
        286.6678248814174,
        218.2214595249721,
        328.77691650390625,
        243.64905657087053,
        380.3766174316406,
        274.7149876185826,
        210.9821058000837,
        313.88699776785717,
        234.67982700892858,
        361.79671805245533,
        263.5292227608817,
        399.69420078822543,
        286.53106689453125,
        218.13955906459265,
        328.60606602260043,
        243.54535784040178,
        380.1643545968192,
        274.5868879045759,
        210.90372140066964,
        313.7280491420201,
        234.58316040039062,
        361.599373953683,
        263.409920828683,
        399.46632167271207,
        286.39359392438615,
        218.0556182861328,
        328.4353506905692,
        243.44173976353235,
        379.9522792271205,
        274.4588928222656,
        210.8254111153739,
        313.56920950753346,
        234.486572265625,
        361.40221732003346,
        263.2907257080078,
        399.23865182059154,
        286.2562343052455,
        217.9717559814453,
        328.2647487095424,
        243.3382066999163,
        379.74036080496654,
        274.3310067313058,
        210.7471705845424,
        313.4105311802455,
        234.39007350376673,
        361.20521763392856,
        263.1715981619699,
        399.01114763532365,
        286.11898367745533,
        217.88795035226005,
        328.0943080357143,
        243.23475428989954,
        379.5286342075893,
        274.2032034737723,
        210.66896057128906,
        313.251953125,
        234.2936248779297,
        361.00836181640625,
        263.0525905064174,
        398.7838396344866,
        285.9818376813616,
        217.804194859096,
        327.9239981515067,
        243.1313934326172,
        379.3170645577567,
        274.07552228655135,
        210.590824672154,
        313.09351021902904,
        234.19725254603796,
        360.8116760253906,
        262.9336722237723,
        398.5567060198103,
        285.84478759765625,
        217.7205069405692,
        327.75380161830356,
        243.02806745256697,
        379.1056474958147,
        273.9479413713728,
        210.51275198800224,
        312.93516322544644,
        234.10096304757255,
        360.61511666434154,
        262.81482369559154,
        398.32972499302457,
        285.7078639439174,
        217.6368909563337,
        327.583748953683,
        242.9248766217913,
        378.8944091796875,
        273.8204084123884,
        210.43472726004464,
        312.77696010044644,
        234.00475420270647,
        360.41871425083707,
        262.6960645403181
    ],
    "valid_losses": [
        402.6894008091518,
        301.9859880719866,
        227.39385550362724,
        347.411368233817,
        254.85274832589286,
        402.59752982003346,
        288.33258056640625,
        219.1033434186663,
        330.84264700753346,
        244.84117562430245,
        382.90413992745533,
        276.2636282784598,
        211.77439444405692,
        315.81117466517856,
        235.76251002720423,
        364.1641409737723,
        264.95448085239957,
        402.3676539829799,
        288.19496372767856,
        219.02076285226005,
        330.6702226911272,
        244.7362779889788,
        382.6901332310268,
        276.13419451032365,
        211.6949680873326,
        315.6507045200893,
        235.66467939104353,
        363.96512712751115,
        264.8338841029576,
        402.1379961286272,
        288.05611746651783,
        218.93574741908483,
        330.4979509626116,
        244.63145446777344,
        382.476327078683,
        276.00484793526783,
        211.61563328334265,
        315.4903782435826,
        235.56693812779017,
        363.7662833077567,
        264.713376726423,
        401.9085257393973,
        287.9173366001674,
        218.8508017403739,
        330.3258056640625,
        244.52671377999442,
        382.26267787388394,
        275.87561471121654,
        211.53633553641183,
        315.33019583565846,
        235.46927315848214,
        363.56759207589283,
        264.5929630824498,
        401.67921229771207,
        287.7786952427455,
        218.76590837751115,
        330.153799874442,
        244.42206028529577,
        382.04919869559154,
        275.74647739955356,
        211.45708574567522,
        315.17012677873885,
        235.37166050502233,
        363.36905779157365,
        264.47265625,
        401.4501037597656,
        287.6401672363281,
        218.6810782296317,
        329.98191615513394,
        244.31748526436942,
        381.83590262276783,
        275.6174534388951,
        211.37792314801897,
        315.01017107282365,
        235.27413068498885,
        363.1707066127232,
        264.35243443080356,
        401.2211652483259,
        287.50172642299106,
        218.59632437569755,
        329.81017630440846,
        244.21297127859933,
        381.6227591378348,
        275.4885035923549,
        211.2988019670759,
        314.85034615652904,
        235.1766836983817,
        362.97247314453125,
        264.23231288364957,
        400.99239676339283,
        287.3634120396205,
        218.51163155691964,
        329.6385803222656,
        244.1085684640067,
        381.40977260044644,
        275.3596452985491,
        211.219730922154,
        314.69063459123885,
        235.07931082589286,
        362.774405343192,
        264.1122589111328
    ],