{
    "testproblem": "quadratic_deep",
    "batch_size": 128,
    "num_epochs": 100,
    "random_seed": 42,
    "l2_reg": null,
    "optimizer_name": "AdamOptimizer",
    "optimizer_hyperparams": {
        "learning_rate": 0.002673088310781669,
        "beta1": 0.6073520274462907,
        "beta2": 0.9025138828747725,
        "epsilon": 1e-08,
        "use_locking": false
    },
    "training_params": {
        "lr_sched_epochs": [
            1,
            2,
            3,
            4,
            5,
            6,
            7,
            8,
            9,
            10,
            11,
            12,
            13,
            14,
            15,
            16,
            17,
            18,
            19,
            20,
            21,
            22,
            23,
            24,
            25,
            26,
            27,
            28,
            29,
            30,
            31,
            32,
            33,
            34,
            35,
            36,
            37,
            38,
            39,
            40,
            41,
            42,
            43,
            44,
            45,
            46,
            47,
            48,
            49,
            50,
            51,
            52,
            53,
            54,
            55,
            56,
            57,
            58,
            59,
            60,
            61,
            62,
            63,
            64,
            65,
            66,
            67,
            68,
            69,
            70,
            71,
            72,
            73,
            74,
            75,
            76,
            77,
            78,
            79,
            80,
            81,
            82,
            83,
            84,
            85,
            86,
            87,
            88,
            89,
            90,
            91,
            92,
            93,
            94,
            95,
            96,
            97,
            98,
            99,
            100
        ],
        "lr_sched_factors": [
            0.1,
            0.2,
            0.3,
            0.4,
            0.5,
            0.6,
            0.7,
            0.8,
            0.9,
            1.0,
            1.0,
            1.0,
            1.0,
            1.0,
            1.0,
            1.0,
            1.0,
            1.0,
            1.0,
            1.0,
            1.0,
            1.0,
            1.0,
            1.0,
            1.0,
            1.0,
            1.0,
            1.0,
            1.0,
            1.0,
            1.0,
            1.0,
            1.0,
            1.0,
            1.0,
            1.0,
            1.0,
            1.0,
            1.0,
            1.0,
            1.0,
            1.0,
            1.0,
            1.0,
            1.0,
            1.0,
            1.0,
            1.0,
            1.0,
            1.0,
            1.0,
            1.0,
            1.0,
            1.0,
            1.0,
            1.0,
            1.0,
            1.0,
            1.0,
            1.0,
            1.0,
            1.0,
            1.0,
            1.0,
            1.0,
            1.0,
            1.0,
            1.0,
            1.0,
            1.0,
            1.0,
            1.0,
            1.0,
            1.0,
            1.0,
            1.0,
            1.0,
            1.0,
            1.0,
            1.0,
            1.0,
            1.0,
            1.0,
            1.0,
            1.0,
            1.0,
            1.0,
            1.0,
            1.0,
            1.0,
            0.9090909090909091,
            0.8181818181818181,
            0.7272727272727273,
            0.6363636363636364,
            0.5454545454545454,
            0.4545454545454546,
            0.36363636363636365,
            0.2727272727272727,
            0.18181818181818177,
            0.09090909090909094
        ]
    },
    "train_losses": [
        238.50169372558594,
        223.0673065185547,
        221.60509163992745,
        218.70320783342635,
        214.4377659388951,
        208.9279501778739,
        202.3228302001953,
        194.79766191755022,
        186.55169459751673,
        177.80596705845423,
        168.8003387451172,
        159.7889665876116,
        151.77317592075892,
        144.68651689801897,
        138.47930690220423,
        133.11217171805245,
        128.54826028006417,
        124.74739619663784,
        121.66048540387835,
        119.22486005510602,
        117.36146109444755,
        115.97450474330357,
        114.95505087716239,
        114.18805258614677,
        113.56693485804966,
        113.01400429861886,
        112.48744092668805,
        111.97256905691964,
        111.46714346749442,
        110.9718017578125,
        110.48714447021484,
        110.01336560930524,
        109.55038888113839,
        109.09802791050502,
        108.6560527256557,
        108.22422245570591,
        107.80232783726284,
        107.39017377580915,
        106.98756626674107,
        106.59434727260044,
        106.21034676688058,
        105.83540889195034,
        105.46938759940011,
        105.11212921142578,
        104.76349094935826,
        104.42333112444196,
        104.09149496895927,
        103.76785387311664,
        103.45225633893695,
        103.14456176757812,
        102.84463065011161,
        102.55231584821429,
        102.26748439243862,
        101.98998696463448,
        101.71969059535435,
        101.45644705636161,
        101.2001222882952,
        100.95057351248605,
        100.70766775948661,
        100.47125571114677,
        100.24120766775948,
        100.0173808506557,
        99.79964991978237,
        99.58785901750836,
        99.38188934326172,
        99.18159702845982,
        98.98685346330915,
        98.79752458844867,
        98.6134763445173,
        98.43458448137555,
        98.26071166992188,
        98.09173474993024,
        97.92752729143415,
        97.76795959472656,
        97.6129172188895,
        97.46226937430245,
        97.31590924944196,
        97.1737038748605,
        97.03555079868862,
        96.90133122035435,
        96.77093396868024,
        96.64425114222935,
        96.52117701939174,
        96.401613507952,
        96.28544507707868,
        96.17258780343192,
        96.06292615618024,
        95.95638711111886,
        95.85286603655133,
        95.75227682931083,
        95.65453120640346,
        95.55953979492188,
        95.47505623953683,
        95.40055629185268,
        95.33553750174386,
        95.27952466692243,
        95.23213849748883,
        95.19304656982422,
        95.1620112827846,
        95.1388440813337,
        95.12343379429409
    ],