{
    "testproblem": "quadratic_deep",
    "batch_size": 128,
    "num_epochs": 100,
    "random_seed": 42,
    "l2_reg": null,
    "optimizer_name": "LookaheadOptimizerMBGDMomentum",
    "optimizer_hyperparams": {
        "learning_rate": 0.040207595487498464,
        "momentum": 0.5557494308839646,
        "use_nesterov": false,
        "k": 9,
        "alpha": 0.03113095956122122,
        "use_locking": false
    },
    "training_params": {
        "lr_sched_epochs": [
            1,
            2,
            3,
            4,
            5,
            6,
            7,
            8,
            9,
            10,
            11,
            12,
            13,
            14,
            15,
            16,
            17,
            18,
            19,
            20,
            21,
            22,
            23,
            24,
            25,
            26,
            27,
            28,
            29,
            30,
            31,
            32,
            33,
            34,
            35,
            36,
            37,
            38,
            39,
            40,
            41,
            42,
            43,
            44,
            45,
            46,
            47,
            48,
            49,
            50,
            51,
            52,
            53,
            54,
            55,
            56,
            57,
            58,
            59,
            60,
            61,
            62,
            63,
            64,
            65,
            66,
            67,
            68,
            69,
            70,
            71,
            72,
            73,
            74,
            75,
            76,
            77,
            78,
            79,
            80,
            81,
            82,
            83,
            84,
            85,
            86,
            87,
            88,
            89,
            90,
            91,
            92,
            93,
            94,
            95,
            96,
            97,
            98,
            99,
            100
        ],
        "lr_sched_factors": [
            0.1,
            0.2,
            0.3,
            0.4,
            0.5,
            0.6,
            0.7,
            0.8,
            0.9,
            1.0,
            1.0,
            1.0,
            1.0,
            1.0,
            1.0,
            1.0,
            1.0,
            1.0,
            1.0,
            1.0,
            1.0,
            1.0,
            1.0,
            1.0,
            1.0,
            1.0,
            1.0,
            1.0,
            1.0,
            1.0,
            1.0,
            1.0,
            1.0,
            1.0,
            1.0,
            1.0,
            1.0,
            1.0,
            1.0,
            1.0,
            1.0,
            1.0,
            1.0,
            1.0,
            1.0,
            1.0,
            1.0,
            1.0,
            1.0,
            1.0,
            1.0,
            1.0,
            1.0,
            1.0,
            1.0,
            1.0,
            1.0,
            1.0,
            1.0,
            1.0,
            1.0,
            1.0,
            1.0,
            1.0,
            1.0,
            1.0,
            1.0,
            1.0,
            1.0,
            1.0,
            1.0,
            1.0,
            1.0,
            1.0,
            1.0,
            1.0,
            1.0,
            1.0,
            1.0,
            1.0,
            1.0,
            1.0,
            1.0,
            1.0,
            1.0,
            1.0,
            1.0,
            1.0,
            1.0,
            1.0,
            0.9090909090909091,
            0.8181818181818181,
            0.7272727272727273,
            0.6363636363636364,
            0.5454545454545454,
            0.4545454545454546,
            0.36363636363636365,
            0.2727272727272727,
            0.18181818181818177,
            0.09090909090909094
        ]
    },
    "train_losses": [
        340.7022138323103,
        109.68250601632255,
        107.99839673723493,
        114.35412052699498,
        299.2575378417969,
        94.8565444946289,
        102.92209080287388,
        107.32709394182477,
        110.92077200753349,
        253.47743443080358,
        90.76759011404855,
        89.81958552769252,
        125.77374158586774,
        191.38961138044084,
        216.4399893624442,
        86.68466186523438,
        88.73769814627511,
        117.65825762067523,
        166.3817356654576,
        187.85110473632812,
        85.89791979108539,
        87.70107923235211,
        110.94612230573382,
        147.35588945661272,
        165.50072370256697,
        85.21666499546596,
        86.79529462541852,
        105.58812386648995,
        132.70331028529577,
        147.989497593471,
        84.62268175397601,
        85.99997057233539,
        101.28711264474052,
        121.3956538609096,
        134.23674883161272,
        84.10143715994698,
        85.29845864432198,
        97.81398337227958,
        112.6486347743443,
        123.4072036743164,
        83.64127676827567,
        84.67709568568638,
        94.99180821010044,
        105.86387525285993,
        114.85469600132534,
        83.23279135567802,
        84.12458801269531,
        92.68361009870257,
        100.58459799630302,
        108.078855242048,
        82.86835370744977,
        83.6315449305943,
        90.78312683105469,
        96.46192169189453,
        102.69182586669922,
        82.5417240687779,
        83.19012560163226,
        89.20764051164899,
        93.22923278808594,
        98.3926031930106,
        82.24777439662388,
        82.7937251499721,
        87.8926031930106,
        90.68262372698102,
        94.94730486188617,
        81.9822507585798,
        82.43676103864398,
        86.78744942801339,
        88.66599600655692,
        92.17396218436105,
        81.74159131731305,
        82.1144790649414,
        85.85243225097656,
        87.05977630615234,
        89.93078286307198,
        81.52281624930245,
        81.82282366071429,
        85.05616324288505,
        85.77223096575055,
        88.1071025303432,
        81.32339259556362,
        81.55829293387276,
        84.37377384730748,
        84.73292105538505,
        86.6164060320173,
        81.14116777692523,
        81.31787872314453,
        83.78542872837612,
        83.88766915457589,
        85.39092472621373,
        80.97427804129464,
        81.09895324707031,
        82.68153708321708,
        82.43967546735492,
        84.36471884591239,
        80.75294930594308,
        81.479982648577,
        81.63721793038505,
        82.02920423235211,
        83.63351222446987,
        81.137453351702
    ],