{
    "testproblem": "quadratic_deep",
    "batch_size": 128,
    "num_epochs": 100,
    "random_seed": 42,
    "l2_reg": null,
    "optimizer_name": "AdadeltaOptimizer",
    "optimizer_hyperparams": {
        "learning_rate": 0.2065142557895924,
        "rho": 0.011756010900231843,
        "epsilon": 1e-08,
        "use_locking": false
    },
    "training_params": {
        "lr_sched_epochs": [
            1,
            2,
            3,
            4,
            5,
            6,
            7,
            8,
            9,
            10,
            11,
            12,
            13,
            14,
            15,
            16,
            17,
            18,
            19,
            20,
            21,
            22,
            23,
            24,
            25,
            26,
            27,
            28,
            29,
            30,
            31,
            32,
            33,
            34,
            35,
            36,
            37,
            38,
            39,
            40,
            41,
            42,
            43,
            44,
            45,
            46,
            47,
            48,
            49,
            50,
            51,
            52,
            53,
            54,
            55,
            56,
            57,
            58,
            59,
            60,
            61,
            62,
            63,
            64,
            65,
            66,
            67,
            68,
            69,
            70,
            71,
            72,
            73,
            74,
            75,
            76,
            77,
            78,
            79,
            80,
            81,
            82,
            83,
            84,
            85,
            86,
            87,
            88,
            89,
            90,
            91,
            92,
            93,
            94,
            95,
            96,
            97,
            98,
            99,
            100
        ],
        "lr_sched_factors": [
            0.1,
            0.2,
            0.3,
            0.4,
            0.5,
            0.6,
            0.7,
            0.8,
            0.9,
            1.0,
            1.0,
            1.0,
            1.0,
            1.0,
            1.0,
            1.0,
            1.0,
            1.0,
            1.0,
            1.0,
            1.0,
            1.0,
            1.0,
            1.0,
            1.0,
            1.0,
            1.0,
            1.0,
            1.0,
            1.0,
            1.0,
            1.0,
            1.0,
            1.0,
            1.0,
            1.0,
            1.0,
            1.0,
            1.0,
            1.0,
            1.0,
            1.0,
            1.0,
            1.0,
            1.0,
            1.0,
            1.0,
            1.0,
            1.0,
            1.0,
            1.0,
            1.0,
            1.0,
            1.0,
            1.0,
            1.0,
            1.0,
            1.0,
            1.0,
            1.0,
            1.0,
            1.0,
            1.0,
            1.0,
            1.0,
            1.0,
            1.0,
            1.0,
            1.0,
            1.0,
            1.0,
            1.0,
            1.0,
            1.0,
            1.0,
            1.0,
            1.0,
            1.0,
            1.0,
            1.0,
            1.0,
            1.0,
            1.0,
            1.0,
            1.0,
            1.0,
            1.0,
            1.0,
            1.0,
            1.0,
            0.9090909090909091,
            0.8181818181818181,
            0.7272727272727273,
            0.6363636363636364,
            0.5454545454545454,
            0.4545454545454546,
            0.36363636363636365,
            0.2727272727272727,
            0.18181818181818177,
            0.09090909090909094
        ]
    },
    "train_losses": [
        408.22987147739957,
        407.87435041155135,
        407.8136204310826,
        407.6580156598772,
        407.3830784388951,
        406.968741280692,
        406.3978576660156,
        405.65515572684154,
        404.72708565848217,
        403.6012486049107,
        402.2666451590402,
        400.7131870814732,
        399.09351893833707,
        397.4114074707031,
        395.6701398577009,
        393.87276349748885,
        392.02208164760043,
        390.12064470563615,
        388.17086356026783,
        386.1749529157366,
        384.1350359235491,
        382.05306570870533,
        379.9309387207031,
        377.7704554966518,
        375.5732988630022,
        373.3410949707031,
        371.0753914969308,
        368.77771432059154,
        366.449471609933,
        364.0921194893973,
        361.7069353376116,
        359.2952880859375,
        356.85841151646207,
        354.3975132533482,
        351.913818359375,
        349.40850830078125,
        346.8826817103795,
        344.3374938964844,
        341.77398681640625,
        339.1932460239955,
        336.59627423967635,
        333.9841047014509,
        331.357674734933,
        328.7179739815848,
        326.06592232840404,
        323.4024440220424,
        320.72840663364957,
        318.0447256905692,
        315.3522687639509,
        312.651846749442,
        309.944344656808,
        307.2305908203125,
        304.51141357421875,
        301.78760201590404,
        299.0598667689732,
        296.3289097377232,
        293.5955025809152,
        290.86041259765625,
        288.1243373325893,
        285.38805716378346,
        282.6522914341518,
        279.9177725655692,
        277.1852242606027,
        274.45540509905135,
        271.72904096330916,
        269.0068664550781,
        266.2896183558873,
        263.5779593331473,
        260.87264142717635,
        258.17437744140625,
        255.48387145996094,
        252.8018559047154,
        250.1290740966797,
        247.4661102294922,
        244.8134307861328,
        242.1717267717634,
        239.54164559500558,
        236.92389569963728,
        234.31910923549108,
        231.72792489188058,
        229.15094430106026,
        226.58873857770647,
        224.0418744768415,
        221.51090785435267,
        218.9964359828404,
        216.49901689801897,
        214.01920863560267,
        211.55760846819197,
        209.11475917271204,
        206.69122096470423,
        204.2875235421317,
        201.90416826520647,
        199.75525120326452,
        197.8353511265346,
        196.1396244594029,
        194.66383361816406,
        193.4043426513672,
        192.35814121791296,
        191.52289472307478,
        190.89700317382812,
        190.47957284109933
    ],