{
    "testproblem": "quadratic_deep",
    "batch_size": 128,
    "num_epochs": 100,
    "random_seed": 48,
    "l2_reg": null,
    "optimizer_name": "MomentumOptimizer",
    "optimizer_hyperparams": {
        "learning_rate": 0.01,
        "momentum": 0.99,
        "use_locking": false,
        "use_nesterov": true
    },
    "training_params": {
        "lr_sched_epochs": [
            1,
            2,
            3,
            4,
            5,
            6,
            7,
            8,
            9,
            10,
            11,
            12,
            13,
            14,
            15,
            16,
            17,
            18,
            19,
            20,
            21,
            22,
            23,
            24,
            25,
            26,
            27,
            28,
            29,
            30,
            31,
            32,
            33,
            34,
            35,
            36,
            37,
            38,
            39,
            40,
            41,
            42,
            43,
            44,
            45,
            46,
            47,
            48,
            49,
            50,
            51,
            52,
            53,
            54,
            55,
            56,
            57,
            58,
            59,
            60,
            61,
            62,
            63,
            64,
            65,
            66,
            67,
            68,
            69,
            70,
            71,
            72,
            73,
            74,
            75,
            76,
            77,
            78,
            79,
            80,
            81,
            82,
            83,
            84,
            85,
            86,
            87,
            88,
            89,
            90,
            91,
            92,
            93,
            94,
            95,
            96,
            97,
            98,
            99,
            100
        ],
        "lr_sched_factors": [
            0.9755282581475768,
            0.9045084971874737,
            0.7938926261462366,
            0.6545084971874737,
            0.5,
            0.34549150281252633,
            0.2061073738537635,
            0.09549150281252633,
            0.024471741852423234,
            1,
            0.9938441702975689,
            0.9755282581475768,
            0.9455032620941839,
            0.9045084971874737,
            0.8535533905932737,
            0.7938926261462366,
            0.7269952498697734,
            0.6545084971874737,
            0.5782172325201155,
            0.5,
            0.42178276747988447,
            0.34549150281252633,
            0.2730047501302266,
            0.2061073738537635,
            0.14644660940672627,
            0.09549150281252633,
            0.054496737905816106,
            0.024471741852423234,
            0.00615582970243117,
            1,
            0.998458666866564,
            0.9938441702975689,
            0.9861849601988383,
            0.9755282581475768,
            0.9619397662556434,
            0.9455032620941839,
            0.9263200821770461,
            0.9045084971874737,
            0.8802029828000155,
            0.8535533905932737,
            0.8247240241650917,
            0.7938926261462366,
            0.7612492823579744,
            0.7269952498697734,
            0.6913417161825449,
            0.6545084971874737,
            0.6167226819279528,
            0.5782172325201155,
            0.5392295478639225,
            0.5,
            0.4607704521360776,
            0.42178276747988447,
            0.38327731807204746,
            0.34549150281252633,
            0.30865828381745514,
            0.2730047501302266,
            0.2387507176420256,
            0.2061073738537635,
            0.17527597583490823,
            0.14644660940672627,
            0.11979701719998453,
            0.09549150281252633,
            0.07367991782295391,
            0.054496737905816106,
            0.03806023374435663,
            0.024471741852423234,
            0.013815039801161721,
            0.00615582970243117,
            0.001541333133436018,
            1,
            0.9996145181203615,
            0.998458666866564,
            0.9965342284774632,
            0.9938441702975689,
            0.9903926402016152,
            0.9861849601988383,
            0.9812276182268236,
            0.9755282581475768,
            0.9690956679612421,
            0.9619397662556434,
            0.9540715869125407,
            0.9455032620941839,
            0.9362480035363986,
            0.9263200821770461,
            0.9157348061512727,
            0.9045084971874737,
            0.8926584654403724,
            0.8802029828000155,
            0.8671612547178428,
            0.8535533905932737,
            0.839400372766471,
            0.8247240241650917,
            0.8095469746549171,
            0.7938926261462366,
            0.7777851165098011,
            0.7612492823579744,
            0.7443106207484775,
            0.7269952498697734,
            0.7093298687687141,
            0.6913417161825449
        ]
    },
    "train_losses": [
        249.68620954241072,
        104.00867244175502,
        92.44334520612445,
        90.12461526053292,
        93.04069519042969,
        95.08631461007255,
        94.46100725446429,
        92.75053296770368,
        91.53541891915458,
        90.91192081996373,
        90.73488180977958,
        90.66368974958148,
        98.05516597202846,
        101.04415130615234,
        97.00212860107422,
        92.1924296787807,
        91.04403577532086,
        92.19859858921596,
        92.76967293875558,
        91.99512263706752,
        90.77511596679688,
        89.92527879987445,
        89.56198992047992,
        89.42065538678851,
        89.27498299734933,
        89.0742906842913,
        88.8600333077567,
        88.68041011265346,
        88.55862644740513,
        88.49552154541016,
        88.47730582101005,
        89.28019169398716,
        93.29477037702289,
        94.60561261858258,
        92.11314283098493,
        89.5420902797154,
        89.42045266287667,
        90.49450247628349,
        90.67413003104073,
        89.85316794259208,
        89.21182577950614,
        89.24023764474052,
        89.39560372488839,
        89.16159384591239,
        88.6901125226702,
        88.42263684953961,
        88.5023433140346,
        88.70115443638393,
        88.74767194475446,
        88.58093588692802,
        88.32533700125558,
        88.12445613316127,
        88.03063419886998,
        88.00955418178013,
        88.00171334402901,
        87.9704099382673,
        87.91182381766183,
        87.8408922467913,
        87.77421133858817,
        87.72121974400112,
        87.68355560302734,
        87.6583731515067,
        87.64164079938617,
        87.63007463727679,
        87.62161145891461,
        87.61522129603794,
        87.61044638497489,
        87.60709817068917,
        87.60501970563617,
        87.60399191720145,
        87.60370635986328,
        88.09756142752511,
        88.41585322788784,
        88.52715301513672,
        88.42809513636998,
        88.25801195417132,
        88.17482103620257,
        88.1835686819894,
        88.21174948556083,
        88.22150312151227,
        88.21111733572823,
        88.17502267020089,
        88.1115232195173,
        88.04749625069755,
        88.01899719238281,
        88.02896990094867,
        88.0438232421875,
        88.03336770193917,
        88.00098419189453,
        87.97177342006138,
        87.96204485212054,
        87.96730477469308,
        87.97425842285156,
        87.97557176862445,
        87.97237614222935,
        87.96833801269531,
        87.96570805140904,
        87.96580287388393,
        87.96991620744977,
        87.9782475062779,
        87.9886714390346
    ],