{
    "testproblem": "quadratic_deep",
    "batch_size": 128,
    "num_epochs": 100,
    "random_seed": 42,
    "l2_reg": null,
    "optimizer_name": "AdagradOptimizer",
    "optimizer_hyperparams": {
        "learning_rate": 0.024810409748678097,
        "initial_accumulator_value": 0.1,
        "use_locking": false
    },
    "training_params": {
        "lr_sched_epochs": [],
        "lr_sched_factors": []
    },
    "train_losses": [
        381.8512180873326,
        278.0209524972098,
        237.0732160295759,
        210.92337472098214,
        192.20027596609933,
        178.02267020089286,
        166.9201921735491,
        158.02842276436942,
        150.79181126185827,
        144.83072335379464,
        139.8739057268415,
        135.7208731515067,
        132.2195096697126,
        129.25194113595145,
        126.72531454903739,
        124.56542641775948,
        122.71233149937221,
        121.11710575648716,
        119.7395259312221,
        118.54630061558315,
        117.50968279157367,
        116.60647256033761,
        115.81715393066406,
        115.12528228759766,
        114.5169437953404,
        113.98031071254185,
        113.50535365513393,
        113.08350699288505,
        112.70745849609375,
        112.37096732003349,
        112.06867000034877,
        111.79598236083984,
        111.54896327427456,
        111.32422310965401,
        111.1188463483538,
        110.93032836914062,
        110.75650351388114,
        110.5955058506557,
        110.4457277570452,
        110.30578177315849,
        110.17445700509208,
        110.05072348458427,
        109.93367331368583,
        109.82252829415458,
        109.71661267961774,
        109.61533464704242,
        109.51820373535156,
        109.42474692208427,
        109.33460671561105,
        109.24743216378349,
        109.16293007986886,
        109.08084651402065,
        109.00097002301898,
        108.92309134347099,
        108.8470437186105,
        108.7726800101144,
        108.69986397879464,
        108.62848227364677,
        108.55843244280133,
        108.48962511335101,
        108.4219741821289,
        108.3554186139788,
        108.28988756452289,
        108.22532435825893,
        108.16168321881976,
        108.09891836983817,
        108.0369894845145,
        107.9758540562221,
        107.91548701695034,
        107.85585348946708,
        107.79692731584821,
        107.73868124825614,
        107.68109893798828,
        107.62415095738002,
        107.5678231375558,
        107.51209803989956,
        107.4569560459682,
        107.40238734654018,
        107.34837341308594,
        107.2948989868164,
        107.24195316859654,
        107.1895261492048,
        107.13760375976562,
        107.08617074148995,
        107.03522600446429,
        106.98476082938058,
        106.93475014822823,
        106.8852048601423,
        106.83610425676618,
        106.78744506835938,
        106.73921421595982,
        106.69141169956752,
        106.64402444022042,
        106.5970480782645,
        106.55047389439174,
        106.50430297851562,
        106.45851571219308,
        106.41311645507812,
        106.3680888584682,
        106.32344382149833,
        106.27916172572544
    ],
    "valid_losses": [
        381.7833731515067,
        277.84541974748885,
        236.8510240827288,
        210.6630859375,
        191.90585109165735,
        177.69642203194755,
        166.56380353655135,
        157.64329528808594,
        150.3791983468192,
        144.391841343471,
        139.409916469029,
        135.23292759486608,
        131.70870753696985,
        128.71939522879464,
        126.17208971296039,
        123.99257223946708,
        122.12086050851005,
        120.5080065046038,
        119.11375209263393,
        117.90477752685547,
        116.85329001290458,
        115.93605477469308,
        115.13353075299945,
        114.42923082624164,
        113.80919320242745,
        113.2615716116769,
        112.77628980364118,
        112.34475381033761,
        111.95961325509208,
        111.61459459577289,
        111.30430821010044,
        111.02413068498883,
        110.77010454450335,
        110.53879874093192,
        110.32728249686105,
        110.13302067347935,
        109.95382145472935,
        109.78780038016183,
        109.63332911900112,
        109.48899405343192,
        109.35356903076172,
        109.22600337437221,
        109.10537937709263,
        108.99089050292969,
        108.88185555594308,
        108.77767290387835,
        108.67781611851284,
        108.58182961600167,
        108.48931884765625,
        108.39993286132812,
        108.31337629045758,
        108.22937556675502,
        108.14770398821149,
        108.06815338134766,
        107.99054609026227,
        107.91473170689174,
        107.84056309291294,
        107.7679214477539,
        107.69669233049665,
        107.62679072788784,
        107.55812072753906,
        107.49061148507255,
        107.4241921561105,
        107.35880606515067,
        107.29439762660435,
        107.23091779436383,
        107.16832079206195,
        107.10656847272601,
        107.04562050955636,
        106.98545183454242,
        106.926027570452,
        106.86732046944755,
        106.80930764334542,
        106.75196293422154,
        106.6952656337193,
        106.63919721330915,
        106.583740234375,
        106.52887398856026,
        106.47458321707589,
        106.42085811070034,
        106.36767905099052,
        106.31503404889789,
        106.26291002546039,
        106.21129935128349,
        106.16018676757812,
        106.10956137520927,
        106.05941554478237,
        106.00973510742188,
        105.96051897321429,
        105.91174643380302,
        105.86341966901507,
        105.81552559988839,
        105.76805659702846,
        105.72101048060826,
        105.67437090192523,
        105.62813895089286,
        105.58230263846261,
        105.53685433523995,
        105.49179295131138,
        105.44711085728237,
        105.40279824393136
    ],