{
    "testproblem": "quadratic_deep",
    "batch_size": 128,
    "num_epochs": 100,
    "random_seed": 50,
    "l2_reg": null,
    "optimizer_name": "LookaheadOptimizerRAdam",
    "optimizer_hyperparams": {
        "learning_rate": 0.0526296103107674,
        "beta1": 0.6829777573392017,
        "beta2": 0.8023792162944886,
        "epsilon": 1e-07,
        "k": 14,
        "alpha": 0.17123375973163968
    },
    "training_params": {
        "lr_sched_epochs": [
            1,
            2,
            3,
            4,
            5,
            6,
            7,
            8,
            9,
            10,
            11,
            12,
            13,
            14,
            15,
            16,
            17,
            18,
            19,
            20,
            21,
            22,
            23,
            24,
            25,
            26,
            27,
            28,
            29,
            30,
            31,
            32,
            33,
            34,
            35,
            36,
            37,
            38,
            39,
            40,
            41,
            42,
            43,
            44,
            45,
            46,
            47,
            48,
            49,
            50,
            51,
            52,
            53,
            54,
            55,
            56,
            57,
            58,
            59,
            60,
            61,
            62,
            63,
            64,
            65,
            66,
            67,
            68,
            69,
            70,
            71,
            72,
            73,
            74,
            75,
            76,
            77,
            78,
            79,
            80,
            81,
            82,
            83,
            84,
            85,
            86,
            87,
            88,
            89,
            90,
            91,
            92,
            93,
            94,
            95,
            96,
            97,
            98,
            99,
            100
        ],
        "lr_sched_factors": [
            0.9755282581475768,
            0.9045084971874737,
            0.7938926261462366,
            0.6545084971874737,
            0.5,
            0.34549150281252633,
            0.2061073738537635,
            0.09549150281252633,
            0.024471741852423234,
            1.0,
            0.9938441702975689,
            0.9755282581475768,
            0.9455032620941839,
            0.9045084971874737,
            0.8535533905932737,
            0.7938926261462366,
            0.7269952498697734,
            0.6545084971874737,
            0.5782172325201155,
            0.5,
            0.42178276747988447,
            0.34549150281252633,
            0.2730047501302266,
            0.2061073738537635,
            0.14644660940672627,
            0.09549150281252633,
            0.054496737905816106,
            0.024471741852423234,
            0.00615582970243117,
            1.0,
            0.998458666866564,
            0.9938441702975689,
            0.9861849601988383,
            0.9755282581475768,
            0.9619397662556434,
            0.9455032620941839,
            0.9263200821770461,
            0.9045084971874737,
            0.8802029828000155,
            0.8535533905932737,
            0.8247240241650917,
            0.7938926261462366,
            0.7612492823579744,
            0.7269952498697734,
            0.6913417161825449,
            0.6545084971874737,
            0.6167226819279528,
            0.5782172325201155,
            0.5392295478639225,
            0.5,
            0.4607704521360776,
            0.42178276747988447,
            0.38327731807204746,
            0.34549150281252633,
            0.30865828381745514,
            0.2730047501302266,
            0.2387507176420256,
            0.2061073738537635,
            0.17527597583490823,
            0.14644660940672627,
            0.11979701719998453,
            0.09549150281252633,
            0.07367991782295391,
            0.054496737905816106,
            0.03806023374435663,
            0.024471741852423234,
            0.013815039801161721,
            0.00615582970243117,
            0.001541333133436018,
            1.0,
            0.9996145181203615,
            0.998458666866564,
            0.9965342284774632,
            0.9938441702975689,
            0.9903926402016152,
            0.9861849601988383,
            0.9812276182268236,
            0.9755282581475768,
            0.9690956679612421,
            0.9619397662556434,
            0.9540715869125407,
            0.9455032620941839,
            0.9362480035363986,
            0.9263200821770461,
            0.9157348061512727,
            0.9045084971874737,
            0.8926584654403724,
            0.8802029828000155,
            0.8671612547178428,
            0.8535533905932737,
            0.839400372766471,
            0.8247240241650917,
            0.8095469746549171,
            0.7938926261462366,
            0.7777851165098011,
            0.7612492823579744,
            0.7443106207484775,
            0.7269952498697734,
            0.7093298687687141,
            0.6913417161825449
        ]
    },
    "train_losses": [
        354.67714146205356,
        142.31690761021204,
        96.2052753993443,
        137.34392438616072,
        94.39756992885044,
        100.51543208530971,
        89.65970066615513,
        99.28294263567243,
        91.70822361537388,
        99.51688711983817,
        94.006838117327,
        99.6359111240932,
        92.23175048828125,
        100.90574754987445,
        114.39968000139508,
        92.42980085100446,
        105.41400800432477,
        92.21667807442802,
        98.79655020577567,
        89.22452436174665,
        94.63589368547711,
        88.36741311209542,
        92.03826468331474,
        87.62866101946149,
        90.46361759730748,
        87.71500832693917,
        89.4000265938895,
        87.47576577322823,
        88.78158242361886,
        87.53604997907367,
        88.43013436453683,
        93.53026798793248,
        87.70700945172992,
        92.82615116664341,
        87.25806644984654,
        93.21678815569196,
        86.9787346976144,
        93.45342581612724,
        86.80918993268695,
        93.38567679268974,
        86.71644919259208,
        92.1516353062221,
        86.71402849469867,
        89.42807115827289,
        86.83455766950335,
        87.48786163330078,
        86.94779750279018,
        86.8760484967913,
        86.9000494820731,
        86.62533460344586,
        86.70979854038784,
        86.44717298235211,
        86.49414716448102,
        86.24759129115513,
        86.34731946672711,
        86.14681025913784,
        86.2801753452846,
        86.06479208809989,
        86.22232055664062,
        85.90448107038226,
        86.10323551722935,
        85.6561780657087,
        85.96911948067802,
        85.58295549665179,
        85.85837990897042,
        85.57549067905971,
        85.76702335902623,
        85.60143062046596,
        85.71356855119977,
        85.65796879359654,
        85.70028359549386,
        92.17338235037667,
        85.71415383475167,
        92.87009865897042,
        85.76018851143974,
        93.00679670061383,
        85.82497841971261,
        93.154296875,
        85.897951398577,
        93.3256607055664,
        85.9733657836914,
        93.50587790352958,
        86.0487529209682,
        93.65881020682198,
        86.12496512276786,
        93.72072383335659,
        86.20578111921039,
        93.57440185546875,
        86.29737309047154,
        93.04218292236328,
        86.40880584716797,
        91.96581159319196,
        86.55491965157645,
        90.41354806082589,
        86.75426265171596,
        88.8108149937221,
        87.00572749546596,
        87.6355699811663,
        87.26051112583706,
        86.98121752057757,
        87.44278826032367
    ],