{"testproblem": "fmnist_2c2d", "batch_size": 128, "num_epochs": 100, "random_seed": 43, "weight_decay": null, "optimizer_name": "SGD", "optimizer_hyperparams": {"lr": 0.001584893192461114}, "train_losses": [2.33514814499097, 0.9361013953502362, 0.719330051006415, 0.6599207497560061, 0.5981203974821628, 0.5767288693250754, 0.55530140377008, 0.5372707981329697, 0.5257443835337957, 0.5002896162943963, 0.5231344783917452, 0.4860049474697847, 0.48420913975972396, 0.47650927992967457, 0.44845165350498295, 0.4358841543778395, 0.45148119292198086, 0.45626939565707475, 0.4243839604732318, 0.44465998464669937, 0.428555218455119, 0.4467219167794937, 0.4194207913600482, 0.39886672298113507, 0.4024324623438028, 0.39251985802100253, 0.38800044510609066, 0.3715409327011842, 0.38056256335515243, 0.36882255780391204, 0.39967010571406436, 0.3761604340412678, 0.3806113144144034, 0.39399800850794864, 0.3756385980508266, 0.36495434168057567, 0.36097655961146724, 0.3608893708158762, 0.3386362479665341, 0.36372356307812226, 0.38191159260578644, 0.3552835071698213, 0.34088735435253537, 0.34156032861807406, 0.375485523388936, 0.34235923546246994, 0.341544872484146, 0.3406802085347665, 0.34634663202823734, 0.33109251180520427, 0.3289963721464842, 0.3112418941962413, 0.33258636142963016, 0.326892811136368, 0.33308926606789613, 0.3203824086067004, 0.33696535726388294, 0.33752310065886915, 0.31912492635922557, 0.3144529009094605, 0.3458009870388569, 0.3124039772993479, 0.3146614380753957, 0.34352491872432905, 0.31578585983086854, 0.3279899503940191, 0.3000229169160892, 0.3159887748651015, 0.31282365799714357, 0.32136467958872134, 0.2927929950066102, 0.3062038541986392, 0.29570759240633404, 0.28884961360540146, 0.2912749199148936, 0.29875851900149614, 0.3012770721927667, 0.29224446702461976, 0.2790819062636449, 0.2902324778529314, 0.28988061883510685, 0.2879196413052388, 0.2869329530841265, 0.28092035288229966, 0.2737340512566077, 0.2871296646503302, 0.2735943391154974, 0.2745804576537548, 0.28372285113884854, 0.2726346091964306, 0.2823275069777782, 0.2824141725133627, 0.2794892650384169, 0.27114435686514926, 0.26857265505271083, 0.2686880880441421, 0.28657058378060657, 0.2653696680298218, 0.2676972697178523, 0.26528551725622934, 0.2648973314043803], "test_losses": [2.3338309618142934, 0.9453613559405009, 0.7300333930895879, 0.6702445726364087, 0.6264230207755015, 0.5961465033201071, 0.5808029434619806, 0.5750189060584093, 0.537754142895723, 0.5229883106091083, 0.5484293107038889, 0.5116465042034785, 0.5113889013345425, 0.4912841400274864, 0.4741615607188298, 0.4647339521310268, 0.47350528110296297, 0.5013853517862467, 0.4522223354150087, 0.46457404929857987, 0.45032074665411925, 0.4680819862928146, 0.4426253269880246, 0.42547060472842974, 0.4256580907564897, 0.4276374249886244, 0.41549219420323, 0.40941716042848736, 0.4092335609289316, 0.4066794386658913, 0.4267958960472009, 0.40603804168028707, 0.4066270643319839, 0.42535592462771976, 0.39433599358949906, 0.3935160447771733, 0.3886307926896291, 0.3856252493002476, 0.3815012656343289, 0.39516800068891966, 0.41192776614274734, 0.3847682571563965, 0.37243531472407854, 0.3711734509620911, 0.4146961101736778, 0.3707154593788661, 0.37396491720126224, 0.36921606422998965, 0.38308686056198216, 0.36975499471792805, 0.3821653242294605, 0.360114869589989, 0.3690610233789835, 0.3665214576400243, 0.35566197832425434, 0.3602151578435531, 0.37079230619546694, 0.38221210126693433, 0.3583371285826732, 0.35274314880371094, 0.3780750171878399, 0.36166068816032165, 0.35672431534681565, 0.3723544134543492, 0.3459310785700113, 0.36378531482739324, 0.34238566878514415, 0.35585785103149903, 0.3503661258862569, 0.35954237347229934, 0.3354079188444676, 0.3497953779804401, 0.3356318978162912, 0.3366630394489337, 0.3317214397665782, 0.3447379829027714, 0.3385578487546016, 0.343260346696927, 0.3301656005474237, 0.3401761139050508, 0.33273690690596897, 0.333488119718356, 0.3381658400862645, 0.3231970786284178, 0.3262714833403245, 0.32547127990386426, 0.32422241148276204, 0.3234562243406589, 0.32893583713433683, 0.31581775347391766, 0.3348187332352002, 0.3288822185534697, 0.3217910293203134, 0.31650040317804384, 0.3190151605850611, 0.3167145542609386, 0.34195480170922404, 0.3141077435933627, 0.314961467224818, 0.3191101942688991, 0.31383166385766786], "train_accuracies": [0.12179487179487179, 0.7017227564102564, 0.7454927884615384, 0.7636217948717948, 0.7865584935897436, 0.7965745192307693, 0.8041866987179487, 0.7993790064102564, 0.8187099358974359, 0.8235176282051282, 0.8064903846153846, 0.8238181089743589, 0.8230168269230769, 0.8266225961538461, 0.844551282051282, 0.8454527243589743, 0.8364383012820513, 0.8346354166666666, 0.8504607371794872, 0.844551282051282, 0.8494591346153846, 0.8402443910256411, 0.8496594551282052, 0.8589743589743589, 0.8571714743589743, 0.8616786858974359, 0.8658854166666666, 0.8699919871794872, 0.8641826923076923, 0.8748998397435898, 0.8575721153846154, 0.8678886217948718, 0.8647836538461539, 0.8597756410256411, 0.8713942307692307, 0.8709935897435898, 0.8717948717948718, 0.8711939102564102, 0.8804086538461539, 0.8716947115384616, 0.8614783653846154, 0.8732972756410257, 0.8795072115384616, 0.8822115384615384, 0.8650841346153846, 0.8799078525641025, 0.8767027243589743, 0.8813100961538461, 0.8753004807692307, 0.883613782051282, 0.8833133012820513, 0.8894230769230769, 0.8819110576923077, 0.8788060897435898, 0.885917467948718, 0.8839142628205128, 0.8814102564102564, 0.8746995192307693, 0.8897235576923077, 0.8884214743589743, 0.8740985576923077, 0.8912259615384616, 0.8869190705128205, 0.8757011217948718, 0.8900240384615384, 0.8838141025641025, 0.8931290064102564, 0.8886217948717948, 0.8896233974358975, 0.8873197115384616, 0.8943309294871795, 0.8913261217948718, 0.893729967948718, 0.8981370192307693, 0.8959334935897436, 0.8940304487179487, 0.8932291666666666, 0.8956330128205128, 0.8997395833333334, 0.897636217948718, 0.8967347756410257, 0.8957331730769231, 0.8996394230769231, 0.8998397435897436, 0.9042467948717948, 0.8944310897435898, 0.9017427884615384, 0.9020432692307693, 0.8995392628205128, 0.9056490384615384, 0.899238782051282, 0.897636217948718, 0.9002403846153846, 0.9021434294871795, 0.9024439102564102, 0.9071514423076923, 0.8961338141025641, 0.9058493589743589, 0.9047475961538461, 0.9033453525641025, 0.9024439102564102],