{
    "testproblem": "quadratic_deep",
    "batch_size": 128,
    "num_epochs": 100,
    "random_seed": 42,
    "l2_reg": null,
    "optimizer_name": "AdamOptimizer",
    "optimizer_hyperparams": {
        "learning_rate": 0.0016536937182824417,
        "beta1": 0.5350043427572003,
        "beta2": 0.9313393657785078,
        "epsilon": 1e-08,
        "use_locking": false
    },
    "training_params": {
        "lr_sched_epochs": [],
        "lr_sched_factors": []
    },
    "train_losses": [
        389.2535836356027,
        374.1720755440848,
        359.698983328683,
        345.807608468192,
        332.45592825753346,
        319.6095929827009,
        307.2409973144531,
        295.3281685965402,
        283.853751046317,
        272.8041512625558,
        262.168701171875,
        251.9389147077288,
        242.10799734933036,
        232.67037309919084,
        223.62144906180245,
        214.95736258370536,
        206.6747589111328,
        198.7707039969308,
        191.2424817766462,
        184.08758108956474,
        177.30346897670202,
        170.88759286063058,
        164.83721269880022,
        159.149409702846,
        153.8209010532924,
        148.8480268205915,
        144.2267085484096,
        139.95226832798548,
        136.01946803501673,
        132.42232731410436,
        129.15406690325057,
        126.20696040562221,
        123.57215227399554,
        121.23941584995815,
        119.19691140311105,
        117.43097577776227,
        115.92587498256138,
        114.66341509137835,
        113.62252589634487,
        112.77869742257255,
        112.10385349818638,
        111.56699480329242,
        111.13601684570312,
        110.7805916922433,
        110.47489820207868,
        110.1992656162807,
        109.94051252092633,
        109.69095502580915,
        109.44677407400948,
        109.20640781947544,
        108.96939195905414,
        108.73572867257255,
        108.50551932198661,
        108.27885328020368,
        108.05576869419643,
        107.8362797328404,
        107.62034279959542,
        107.40792410714286,
        107.198974609375,
        106.99343545096261,
        106.791259765625,
        106.59238869803292,
        106.39677974155971,
        106.20437949044364,
        106.01514325823102,
        105.82902417864118,
        105.64598083496094,
        105.46597943987165,
        105.2889644077846,
        105.11490631103516,
        104.94376046316964,
        104.77548435756138,
        104.61004747663226,
        104.44740077427456,
        104.28751046316964,
        104.13034275599888,
        103.97585841587612,
        103.82400839669364,
        103.67477416992188,
        103.52810559953961,
        103.38397325788226,
        103.24232918875558,
        103.10315268380302,
        102.96639360700335,
        102.83202580043248,
        102.70001111711774,
        102.570314679827,
        102.44289943150112,
        102.31773158482143,
        102.1947762625558,
        102.07400185721261,
        101.95536695207868,
        101.83884647914341,
        101.72440338134766,
        101.61200605119977,
        101.50161634172711,
        101.39321027483258,
        101.2867453438895,
        101.18219975062779,
        101.07953425816127,
        100.97871616908482
    ],
    "valid_losses": [
        381.0921543666295,
        366.2658124651228,
        352.0442461286272,
        338.4008135114397,
        325.2941240583147,
        312.69017246791293,
        300.5616673060826,
        288.88694545200894,
        277.64890834263394,
        266.834219796317,
        256.4324624197824,
        246.43531799316406,
        236.83611188616072,
        227.62931387765067,
        218.81030055454798,
        210.37520708356584,
        202.32067217145647,
        194.64373125348772,
        187.3416987827846,
        180.41205051967077,
        173.85229274204798,
        167.6598619733538,
        161.83201817103796,
        156.36580113002233,
        151.25789533342635,
        146.50459943498885,
        142.1017303466797,
        138.04451206752233,
        134.32754734584265,
        130.9446563720703,
        127.8887459891183,
        125.15172140938895,
        122.72423662458148,
        120.59543064662388,
        118.75267900739398,
        117.18128095354352,
        115.86421312604632,
        114.78172738211495,
        113.91088322230748,
        113.22500283377511,
        112.69359806605748,
        112.28326198032924,
        111.96006120954242,
        111.69287981305804,
        111.45638057163784,
        111.23259953090123,
        111.01105172293526,
        110.78736332484654,
        110.56089782714844,
        110.33267756870815,
        110.1041019984654,
        109.87638092041016,
        109.65041133335659,
        109.42677416120257,
        109.20585414341518,
        108.98789760044643,
        108.77305167061942,
        108.56139482770648,
        108.35296848842076,
        108.14779118129185,
        107.94585200718471,
        107.74712916782924,
        107.55160304478237,
        107.35924748011998,
        107.1700188773019,
        106.98387908935547,
        106.80080195835659,
        106.62074606759208,
        106.44366891043526,
        106.26953560965401,
        106.09830474853516,
        105.92994580950055,
        105.76441628592355,
        105.60167367117745,
        105.44168308803013,
        105.28441183907645,
        105.12981850760323,
        104.97786167689732,
        104.82850864955357,
        104.68172236851284,
        104.53746795654297,
        104.3957018171038,
        104.2563967023577,
        104.11951664515904,
        103.98502022879464,
        103.85286930629185,
        103.72303553989956,
        103.59547860281808,
        103.47017669677734,
        103.34707750592914,
        103.22615923200335,
        103.10737827845982,
        102.99071393694196,
        102.8761215209961,
        102.76356942313058,
        102.6530293055943,
        102.54447065080915,
        102.43784986223493,
        102.33314841134208,
        102.2303237915039,
        102.12934875488281
    ],