{
    "testproblem": "quadratic_deep",
    "batch_size": 128,
    "num_epochs": 100,
    "random_seed": 44,
    "l2_reg": null,
    "optimizer_name": "LookaheadOptimizerRAdam",
    "optimizer_hyperparams": {
        "learning_rate": 0.0526296103107674,
        "beta1": 0.6829777573392017,
        "beta2": 0.8023792162944886,
        "epsilon": 1e-07,
        "k": 14,
        "alpha": 0.17123375973163968
    },
    "training_params": {
        "lr_sched_epochs": [
            1,
            2,
            3,
            4,
            5,
            6,
            7,
            8,
            9,
            10,
            11,
            12,
            13,
            14,
            15,
            16,
            17,
            18,
            19,
            20,
            21,
            22,
            23,
            24,
            25,
            26,
            27,
            28,
            29,
            30,
            31,
            32,
            33,
            34,
            35,
            36,
            37,
            38,
            39,
            40,
            41,
            42,
            43,
            44,
            45,
            46,
            47,
            48,
            49,
            50,
            51,
            52,
            53,
            54,
            55,
            56,
            57,
            58,
            59,
            60,
            61,
            62,
            63,
            64,
            65,
            66,
            67,
            68,
            69,
            70,
            71,
            72,
            73,
            74,
            75,
            76,
            77,
            78,
            79,
            80,
            81,
            82,
            83,
            84,
            85,
            86,
            87,
            88,
            89,
            90,
            91,
            92,
            93,
            94,
            95,
            96,
            97,
            98,
            99,
            100
        ],
        "lr_sched_factors": [
            0.1,
            0.2,
            0.3,
            0.4,
            0.5,
            0.6,
            0.7,
            0.8,
            0.9,
            1.0,
            1.0,
            1.0,
            1.0,
            1.0,
            1.0,
            1.0,
            1.0,
            1.0,
            1.0,
            1.0,
            1.0,
            1.0,
            1.0,
            1.0,
            1.0,
            1.0,
            1.0,
            1.0,
            1.0,
            1.0,
            1.0,
            1.0,
            1.0,
            1.0,
            1.0,
            1.0,
            1.0,
            1.0,
            1.0,
            1.0,
            1.0,
            1.0,
            1.0,
            1.0,
            1.0,
            1.0,
            1.0,
            1.0,
            1.0,
            1.0,
            1.0,
            1.0,
            1.0,
            1.0,
            1.0,
            1.0,
            1.0,
            1.0,
            1.0,
            1.0,
            1.0,
            1.0,
            1.0,
            1.0,
            1.0,
            1.0,
            1.0,
            1.0,
            1.0,
            1.0,
            1.0,
            1.0,
            1.0,
            1.0,
            1.0,
            1.0,
            1.0,
            1.0,
            1.0,
            1.0,
            1.0,
            1.0,
            1.0,
            1.0,
            1.0,
            1.0,
            1.0,
            1.0,
            1.0,
            1.0,
            0.9090909090909091,
            0.8181818181818181,
            0.7272727272727273,
            0.6363636363636364,
            0.5454545454545454,
            0.4545454545454546,
            0.36363636363636365,
            0.2727272727272727,
            0.18181818181818177,
            0.09090909090909094
        ]
    },
    "train_losses": [
        345.13403756277904,
        141.7198202950614,
        267.91971697126115,
        97.36707850864956,
        210.44168308803015,
        94.18750653948102,
        172.7061505998884,
        100.20626940046039,
        146.916011265346,
        92.43531145368304,
        129.46860940115792,
        103.72386387416294,
        118.16872079031808,
        107.40119062151227,
        110.64787837437221,
        106.52576010567802,
        105.85693032400948,
        105.47731345040458,
        102.8658687046596,
        104.64371054513114,
        101.06938716343471,
        104.00788334437779,
        100.05501120431083,
        103.51946258544922,
        99.54529898507255,
        103.14065333775112,
        99.35425785609654,
        102.84366498674665,
        99.35809980119977,
        102.60838535853794,
        99.47523607526507,
        102.4201158796038,
        99.65260096958706,
        102.2680195399693,
        99.85629381452289,
        102.14406258719308,
        100.06525530133929,
        102.04218510219029,
        100.26692962646484,
        101.95782143729073,
        100.45432608468192,
        101.88746098109654,
        100.62405286516461,
        101.82841382707868,
        100.77499062674386,
        101.77855355398995,
        100.90739440917969,
        101.73623221261161,
        101.02232360839844,
        101.7001222882952,
        101.12123325892857,
        101.66916765485492,
        101.20578111921039,
        101.6425290788923,
        101.27763257707868,
        101.61949593680245,
        101.33837345668248,
        101.59952109200614,
        101.38949911934989,
        101.58211953299386,
        101.43234361921039,
        101.5669174194336,
        101.46811022077289,
        101.55357905796596,
        101.49784197126117,
        101.54185049874442,
        101.52245766775948,
        101.531496320452,
        101.54275621686664,
        101.52233341761998,
        101.55940900530133,
        101.51418958391461,
        101.57301003592355,
        101.50694165910993,
        101.58403560093471,
        101.50046103341239,
        101.59292711530414,
        101.4946517944336,
        101.60002790178571,
        101.48943873814174,
        101.60564313616071,
        101.4847390311105,
        101.6100354875837,
        101.48048836844308,
        101.6134055001395,
        101.4766377040318,
        101.61593082972935,
        101.47313581194196,
        101.6177749633789,
        101.46995435442243,
        101.61905452183315,
        101.46704428536552,
        99.16554260253906,
        88.22022247314453,
        95.53046199253627,
        87.22236088344029,
        90.9975814819336,
        83.14205060686383,
        88.33274950299945,
        82.683107648577,
        86.41950007847377
    ],