{
    "testproblem": "fmnist_vae",
    "batch_size": 64,
    "num_epochs": 100,
    "random_seed": 42,
    "l2_reg": null,
    "optimizer_name": "MomentumOptimizer",
    "optimizer_hyperparams": {
        "learning_rate": 0.026926469100861772,
        "momentum": 0.9995190538032498,
        "use_locking": false,
        "use_nesterov": false
    },
    "training_params": {
        "lr_sched_epochs": [
            1,
            2,
            3,
            4,
            5,
            6,
            7,
            8,
            9,
            10,
            11,
            12,
            13,
            14,
            15,
            16,
            17,
            18,
            19,
            20,
            21,
            22,
            23,
            24,
            25,
            26,
            27,
            28,
            29,
            30,
            31,
            32,
            33,
            34,
            35,
            36,
            37,
            38,
            39,
            40,
            41,
            42,
            43,
            44,
            45,
            46,
            47,
            48,
            49,
            50,
            51,
            52,
            53,
            54,
            55,
            56,
            57,
            58,
            59,
            60,
            61,
            62,
            63,
            64,
            65,
            66,
            67,
            68,
            69,
            70,
            71,
            72,
            73,
            74,
            75,
            76,
            77,
            78,
            79,
            80,
            81,
            82,
            83,
            84,
            85,
            86,
            87,
            88,
            89,
            90,
            91,
            92,
            93,
            94,
            95,
            96,
            97,
            98,
            99,
            100
        ],
        "lr_sched_factors": [
            0.1,
            0.2,
            0.3,
            0.4,
            0.5,
            0.6,
            0.7,
            0.8,
            0.9,
            1.0,
            1.0,
            1.0,
            1.0,
            1.0,
            1.0,
            1.0,
            1.0,
            1.0,
            1.0,
            1.0,
            1.0,
            1.0,
            1.0,
            1.0,
            1.0,
            1.0,
            1.0,
            1.0,
            1.0,
            1.0,
            1.0,
            1.0,
            1.0,
            1.0,
            1.0,
            1.0,
            1.0,
            1.0,
            1.0,
            1.0,
            1.0,
            1.0,
            1.0,
            1.0,
            1.0,
            1.0,
            1.0,
            1.0,
            1.0,
            1.0,
            1.0,
            1.0,
            1.0,
            1.0,
            1.0,
            1.0,
            1.0,
            1.0,
            1.0,
            1.0,
            1.0,
            1.0,
            1.0,
            1.0,
            1.0,
            1.0,
            1.0,
            1.0,
            1.0,
            1.0,
            1.0,
            1.0,
            1.0,
            1.0,
            1.0,
            1.0,
            1.0,
            1.0,
            1.0,
            1.0,
            1.0,
            1.0,
            1.0,
            1.0,
            1.0,
            1.0,
            1.0,
            1.0,
            1.0,
            1.0,
            0.9090909090909091,
            0.8181818181818181,
            0.7272727272727273,
            0.6363636363636364,
            0.5454545454545454,
            0.4545454545454546,
            0.36363636363636365,
            0.2727272727272727,
            0.18181818181818177,
            0.09090909090909094
        ]
    },
    "train_losses": [
        133.51027963100336,
        133.51027963100336,
        133.51027963100336,
        133.51027963100336,
        133.51027963100336,
        133.51027963100336,
        133.51027963100336,
        133.51027963100336,
        133.51027963100336,
        133.51027963100336,
        133.51027963100336,
        133.51027963100336,
        133.51027963100336,
        133.51027963100336,
        133.51027963100336,
        133.51027963100336,
        133.51027963100336,
        133.51027963100336,
        133.51027963100336,
        133.51027963100336,
        133.51027963100336,
        133.51027963100336,
        133.51027963100336,
        133.51027963100336,
        133.51027963100336,
        133.51027963100336,
        133.51027963100336,
        133.51027963100336,
        133.51027963100336,
        133.51027963100336,
        133.51027963100336,
        133.51027963100336,
        133.51027963100336,
        133.51027963100336,
        133.51027963100336,
        133.51027963100336,
        133.51027963100336,
        133.51027963100336,
        133.51027963100336,
        133.51027963100336,
        133.51027963100336,
        133.51027963100336,
        133.51027963100336,
        133.51027963100336,
        133.51027963100336,
        133.51027963100336,
        133.51027963100336,
        133.51027963100336,
        133.51027963100336,
        133.51027963100336,
        133.51027963100336,
        133.51027963100336,
        133.51027963100336,
        133.51027963100336,
        133.51027963100336,
        133.51027963100336,
        133.51027963100336,
        133.51027963100336,
        133.51027963100336,
        133.51027963100336,
        133.51027963100336,
        133.51027963100336,
        133.51027963100336,
        133.51027963100336,
        133.51027963100336,
        133.51027963100336,
        133.51027963100336,
        133.51027963100336,
        133.51027963100336,
        133.51027963100336,
        133.51027963100336,
        133.51027963100336,
        133.51027963100336,
        133.51027963100336,
        133.51027963100336,
        133.51027963100336,
        133.51027963100336,
        133.51027963100336,
        133.51027963100336,
        133.51027963100336,
        133.51027963100336,
        133.51027963100336,
        133.51027963100336,
        133.51027963100336,
        133.51027963100336,
        133.51027963100336,
        133.51027963100336,
        133.51027963100336,
        133.51027963100336,
        133.51027963100336,
        133.51027963100336,
        133.51027963100336,
        133.51027963100336,
        133.51027963100336,
        133.51027963100336,
        133.51027963100336,
        133.51027963100336,
        133.51027963100336,
        133.51027963100336,
        133.51027963100336,
        133.51027963100336
    ],