{
    "testproblem": "quadratic_deep",
    "batch_size": 128,
    "num_epochs": 100,
    "random_seed": 50,
    "l2_reg": null,
    "optimizer_name": "AdamOptimizer",
    "optimizer_hyperparams": {
        "learning_rate": 0.011040511903162242,
        "beta1": 0.6675153010433379,
        "beta2": 0.8404787556510415,
        "epsilon": 1e-08,
        "use_locking": false
    },
    "training_params": {
        "lr_sched_epochs": [],
        "lr_sched_factors": []
    },
    "train_losses": [
        482.29715837751115,
        372.45458984375,
        286.20650373186385,
        221.3363255092076,
        174.81263732910156,
        144.1513889857701,
        126.8556660243443,
        119.39925929478237,
        116.95491136823382,
        115.45021275111607,
        113.90802546909877,
        112.39644840785435,
        110.97053854806083,
        109.65404292515346,
        108.44990757533482,
        107.35323769705636,
        106.35684531075614,
        105.45315224783761,
        104.63472311837333,
        103.8944320678711,
        103.22552054268974,
        102.62161908830915,
        102.0767822265625,
        101.5854731968471,
        101.14255850655692,
        100.74330684116909,
        100.38338688441685,
        100.05883135114398,
        99.76602935791016,
        99.50171879359654,
        99.26294054303851,
        99.04702649797711,
        98.85159628731864,
        98.67450169154576,
        98.51382664271763,
        98.36786324637276,
        98.23507799421039,
        98.11411503383091,
        98.00376565115792,
        97.90293993268695,
        97.81067766462054,
        97.72613198416573,
        97.64853232247489,
        97.57719966343471,
        97.5115247453962,
        97.45096261160714,
        97.39503914969308,
        97.34331294468471,
        97.29540252685547,
        97.25094931466239,
        97.20965467180524,
        97.17123413085938,
        97.13543483189174,
        97.10203443254743,
        97.0708247593471,
        97.04163360595703,
        97.01427677699498,
        96.9886245727539,
        96.96452876499721,
        96.94186728341239,
        96.9205344063895,
        96.90042441231864,
        96.8814468383789,
        96.86351776123047,
        96.84656197684151,
        96.83050864083427,
        96.81529562813895,
        96.80086408342633,
        96.78716169084821,
        96.77413504464286,
        96.76174599783761,
        96.74994877406529,
        96.73870631626674,
        96.72798483712333,
        96.7177505493164,
        96.70797184535435,
        96.69862583705357,
        96.68968527657645,
        96.6811272757394,
        96.67292894635882,
        96.66507175990513,
        96.65753064836774,
        96.65029689243862,
        96.64334542410714,
        96.63666752406529,
        96.6302490234375,
        96.6240703037807,
        96.61812482561383,
        96.6124027797154,
        96.6068867274693,
        96.60156903948102,
        96.59644535609654,
        96.59149605887276,
        96.5867200578962,
        96.58210972377232,
        96.57765742710659,
        96.57335117885044,
        96.5691909790039,
        96.56516810825893,
        96.56127057756696,
        96.55750601632255
    ],
    "valid_losses": [
        482.8491995675223,
        371.99127197265625,
        284.83785574776783,
        219.22257777622767,
        172.15919712611608,
        141.1242436000279,
        123.57918003627232,
        115.9911390032087,
        113.51300157819476,
        112.00757816859654,
        110.45571899414062,
        108.94078826904297,
        107.51387895856585,
        106.19743347167969,
        104.99402182442802,
        103.89801679338727,
        102.90224238804409,
        101.99907466343471,
        101.18110002790179,
        100.44119371686664,
        99.77261788504464,
        99.16900416782924,
        98.62440926688058,
        98.13329424176898,
        97.69053649902344,
        97.29140799386161,
        96.93157523018974,
        96.60708291190011,
        96.31432233537946,
        96.05003247942243,
        95.8112564086914,
        95.59534018380302,
        95.39989144461495,
        95.2227783203125,
        95.06207602364677,
        94.91607666015625,
        94.78325653076172,
        94.66225869315011,
        94.55186244419643,
        94.45099857875279,
        94.35869925362724,
        94.27410234723773,
        94.1964579990932,
        94.12507738385882,
        94.05935341971261,
        93.99874332972935,
        93.94276646205357,
        93.89098685128349,
        93.84302084786552,
        93.79851967947823,
        93.75717272077289,
        93.71869659423828,
        93.68284715924945,
        93.64939444405692,
        93.61813354492188,
        93.58888571602958,
        93.56147875104632,
        93.53576987130302,
        93.51162283761161,
        93.48890795026507,
        93.46752384730748,
        93.44735826764789,
        93.42833382742745,
        93.41035570417132,
        93.39334869384766,
        93.3772463117327,
        93.36198425292969,
        93.3475091116769,
        93.33375222342355,
        93.32068198067802,
        93.30824388776507,
        93.29640415736607,
        93.28511374337333,
        93.27434539794922,
        93.26406860351562,
        93.25425284249442,
        93.24485778808594,
        93.23587799072266,
        93.22727639334542,
        93.21903446742466,
        93.21113804408482,
        93.20355551583427,
        93.19628143310547,
        93.18929399762835,
        93.18257577078683,
        93.17611912318638,
        93.16990443638393,
        93.16392844063895,
        93.15816715785435,
        93.1526118687221,
        93.14725930350167,
        93.14209529331752,
        93.13711656842914,
        93.13230569022042,
        93.1276626586914,
        93.12317657470703,
        93.11883980887276,
        93.1146490914481,
        93.11058698381696,
        93.10666002546039,
        93.10286603655133
    ],