{
    "testproblem": "quadratic_deep",
    "batch_size": 128,
    "num_epochs": 100,
    "random_seed": 42,
    "l2_reg": null,
    "optimizer_name": "AdaBoundOptimizer",
    "optimizer_hyperparams": {
        "learning_rate": 0.0436451694680779,
        "final_lr": 0.16057677018655123,
        "beta1": 0.7343053762775901,
        "beta2": 0.8999023611115671,
        "gamma": 0.0005315656057158315,
        "epsilon": 1e-08,
        "amsbound": true,
        "use_locking": false
    },
    "training_params": {
        "lr_sched_epochs": [],
        "lr_sched_factors": []
    },
    "train_losses": [
        329.5888192313058,
        133.4100821358817,
        118.69160570417132,
        115.31327165876117,
        112.74215698242188,
        110.73880658830915,
        109.01807621547154,
        107.53149850027901,
        106.22386496407645,
        105.05982971191406,
        104.01118796212333,
        103.05657196044922,
        102.17808532714844,
        101.3632060459682,
        100.60138702392578,
        99.88784790039062,
        99.21944209507534,
        98.59368678501674,
        98.00927734375,
        97.46532004220145,
        96.9610345023019,
        96.49544416155133,
        96.0670896257673,
        95.6745365687779,
        95.31599644252232,
        94.9898703438895,
        94.6945059640067,
        94.42799159458706,
        94.18824005126953,
        93.97333744594029,
        93.78144945417132,
        93.61060987200055,
        93.45876203264508,
        93.32423945835659,
        93.2053952898298,
        93.1006589617048,
        93.00861467633929,
        92.92792293003627,
        92.85736519949776,
        92.79571424211774,
        92.74196079799107,
        92.69520568847656,
        92.65470232282367,
        92.6197280883789,
        92.58960723876953,
        92.56377628871373,
        92.54174695696149,
        92.52310398646763,
        92.50745282854352,
        92.49444689069476,
        92.48384421212333,
        92.47542681012835,
        92.46888841901507,
        92.4640132359096,
        92.46063014439174,
        92.45857892717633,
        92.45772661481585,
        92.45797729492188,
        92.45920780726841,
        92.4611565726144,
        92.46381487165179,
        92.46722412109375,
        92.47120121547154,
        92.47574942452567,
        92.48080880301339,
        92.48626164027623,
        92.49203273228237,
        92.49827575683594,
        92.50520324707031,
        92.51250893729073,
        92.51993451799665,
        92.52740151541573,
        92.5348619733538,
        92.54220690046039,
        92.549560546875,
        92.55689021519252,
        92.56406947544643,
        92.57125418526786,
        92.57833753313336,
        92.585207257952,
        92.59175872802734,
        92.59785788399833,
        92.60361807686942,
        92.60905020577567,
        92.61412702287946,
        92.61883435930524,
        92.62317003522601,
        92.62714276994977,
        92.6307601928711,
        92.63405391148159,
        92.63704572405133,
        92.6396735055106,
        92.64206913539341,
        92.64430345807757,
        92.64641462053571,
        92.64849635532924,
        92.6506827218192,
        92.65295519147601,
        92.65535082135882,
        92.65793936593192,
        92.6607905796596
    ],
    "valid_losses": [
        332.54834420340404,
        131.22967856270927,
        114.68595559256417,
        111.50480542864118,
        109.169435773577,
        107.14938354492188,
        105.3938217163086,
        103.90269361223493,
        102.5953347342355,
        101.42803083147321,
        100.37664249965123,
        99.41862160818917,
        98.53751700265067,
        97.72034999302456,
        96.95635114397321,
        96.24085344587054,
        95.57061985560826,
        94.94344547816685,
        94.35767146519252,
        93.81241607666016,
        93.30709184919085,
        92.84061322893415,
        92.41149357386998,
        92.01824842180524,
        91.65914263044085,
        91.33255440848214,
        91.0366679600307,
        90.76952144077846,
        90.52929796491351,
        90.31408800397601,
        90.12215859549386,
        89.95154680524554,
        89.79994746616909,
        89.66576167515346,
        89.54730660574776,
        89.44299970354352,
        89.35134560721261,
        89.27108110700335,
        89.20099530901227,
        89.13966478620257,
        89.08628518240792,
        89.0399398803711,
        88.99977111816406,
        88.96511731828961,
        88.93534088134766,
        88.90985216413226,
        88.88816615513393,
        88.86981746128627,
        88.85445622035435,
        88.84174128941127,
        88.83142525809151,
        88.82323346819196,
        88.81689889090401,
        88.8122329711914,
        88.8090591430664,
        88.80722263881138,
        88.80658067975726,
        88.80703517368862,
        88.80848148890904,
        88.81087275913784,
        88.8139157976423,
        88.81778063092914,
        88.82231685093471,
        88.82738930838448,
        88.83304268973214,
        88.8392105102539,
        88.84579249790737,
        88.8528802054269,
        88.86065019880023,
        88.86887686593192,
        88.8773444039481,
        88.8860092163086,
        88.8947993687221,
        88.90360586983817,
        88.91261509486607,
        88.92177254813058,
        88.93094308035714,
        88.9402345929827,
        88.94961438860211,
        88.95899418422154,
        88.96829550606864,
        88.97741154261998,
        88.98645455496651,
        88.99542236328125,
        89.00429098946708,
        89.0130637032645,
        89.02173614501953,
        89.03032793317523,
        89.03884669712612,
        89.04732186453683,
        89.05578177315849,
        89.06422969273159,
        89.07274518694196,
        89.08137839181083,
        89.09017072405133,
        89.0991679600307,
        89.10854121616909,
        89.1182632446289,
        89.12833513532367,
        89.13880593436105,
        89.1497334071568
    ],