{
    "testproblem": "quadratic_deep",
    "batch_size": 128,
    "num_epochs": 100,
    "random_seed": 42,
    "l2_reg": null,
    "optimizer_name": "AdadeltaOptimizer",
    "optimizer_hyperparams": {
        "learning_rate": 0.040275460493634556,
        "rho": 0.9994809965261462,
        "epsilon": 1e-08,
        "use_locking": false
    },
    "training_params": {
        "lr_sched_epochs": [
            1,
            2,
            3,
            4,
            5,
            6,
            7,
            8,
            9,
            10,
            11,
            12,
            13,
            14,
            15,
            16,
            17,
            18,
            19,
            20,
            21,
            22,
            23,
            24,
            25,
            26,
            27,
            28,
            29,
            30,
            31,
            32,
            33,
            34,
            35,
            36,
            37,
            38,
            39,
            40,
            41,
            42,
            43,
            44,
            45,
            46,
            47,
            48,
            49,
            50,
            51,
            52,
            53,
            54,
            55,
            56,
            57,
            58,
            59,
            60,
            61,
            62,
            63,
            64,
            65,
            66,
            67,
            68,
            69,
            70,
            71,
            72,
            73,
            74,
            75,
            76,
            77,
            78,
            79,
            80,
            81,
            82,
            83,
            84,
            85,
            86,
            87,
            88,
            89,
            90,
            91,
            92,
            93,
            94,
            95,
            96,
            97,
            98,
            99,
            100
        ],
        "lr_sched_factors": [
            0.1,
            0.2,
            0.3,
            0.4,
            0.5,
            0.6,
            0.7,
            0.8,
            0.9,
            1.0,
            1.0,
            1.0,
            1.0,
            1.0,
            1.0,
            1.0,
            1.0,
            1.0,
            1.0,
            1.0,
            1.0,
            1.0,
            1.0,
            1.0,
            1.0,
            1.0,
            1.0,
            1.0,
            1.0,
            1.0,
            1.0,
            1.0,
            1.0,
            1.0,
            1.0,
            1.0,
            1.0,
            1.0,
            1.0,
            1.0,
            1.0,
            1.0,
            1.0,
            1.0,
            1.0,
            1.0,
            1.0,
            1.0,
            1.0,
            1.0,
            1.0,
            1.0,
            1.0,
            1.0,
            1.0,
            1.0,
            1.0,
            1.0,
            1.0,
            1.0,
            1.0,
            1.0,
            1.0,
            1.0,
            1.0,
            1.0,
            1.0,
            1.0,
            1.0,
            1.0,
            1.0,
            1.0,
            1.0,
            1.0,
            1.0,
            1.0,
            1.0,
            1.0,
            1.0,
            1.0,
            1.0,
            1.0,
            1.0,
            1.0,
            1.0,
            1.0,
            1.0,
            1.0,
            1.0,
            1.0,
            0.9090909090909091,
            0.8181818181818181,
            0.7272727272727273,
            0.6363636363636364,
            0.5454545454545454,
            0.4545454545454546,
            0.36363636363636365,
            0.2727272727272727,
            0.18181818181818177,
            0.09090909090909094
        ]
    },
    "train_losses": [
        355.276114327567,
        353.7818080357143,
        353.63313947405135,
        353.33609880719865,
        352.89124843052457,
        352.2993905203683,
        351.5617021833147,
        350.67957850864957,
        349.65469796316967,
        348.4890441894531,
        347.18481881277904,
        345.7444763183594,
        344.3134242466518,
        342.8915536063058,
        341.47879464285717,
        340.07509068080356,
        338.6803763253348,
        337.29459054129467,
        335.9176461356027,
        334.54947771344865,
        333.1900416782924,
        331.83926827566967,
        330.497061593192,
        329.16339111328125,
        327.83816964285717,
        326.5213623046875,
        325.21287754603793,
        323.9126892089844,
        322.62069266183033,
        321.3368225097656,
        320.0610918317522,
        318.7933611188616,
        317.5335998535156,
        316.28175571986606,
        315.0377676827567,
        313.8015659877232,
        312.5731201171875,
        311.3523385184152,
        310.13919503348217,
        308.933602469308,
        307.7355259486607,
        306.54493495396207,
        305.36173357282365,
        304.18590000697543,
        303.0173601422991,
        301.85606166294644,
        300.7019958496094,
        299.55504063197543,
        298.41519601004467,
        297.28236607142856,
        296.1565682547433,
        295.03768048967635,
        293.9257158551897,
        292.82061767578125,
        291.7222813197545,
        290.6307155064174,
        289.5458461216518,
        288.46765572684154,
        287.3960484095982,
        286.3310241699219,
        285.2725132533482,
        284.2204895019531,
        283.1748831612723,
        282.1356637137277,
        281.102783203125,
        280.0762198311942,
        279.05589076450894,
        278.0418003627232,
        277.0338788713728,
        276.03206961495533,
        275.036368233817,
        274.0467049734933,
        273.0630405970982,
        272.0853533063616,
        271.11358642578125,
        270.14772251674106,
        269.1876700265067,
        268.2334442138672,
        267.2849905831473,
        266.34226771763394,
        265.40523856026783,
        264.47383989606584,
        263.5480695452009,
        262.6278599330357,
        261.7132001604353,
        260.8040575299944,
        259.9003688267299,
        259.0021275111607,
        258.1092725481306,
        257.22178649902344,
        256.33960614885603,
        255.46272713797433,
        254.670166015625,
        253.9605494907924,
        253.3327157156808,
        252.78560311453683,
        252.3183310372489,
        251.9301038469587,
        251.62030029296875,
        251.38839067731584,
        251.2340131487165
    ],