{
    "testproblem": "quadratic_deep",
    "batch_size": 128,
    "num_epochs": 100,
    "random_seed": 47,
    "l2_reg": null,
    "optimizer_name": "AdaBeliefOptimizer",
    "optimizer_hyperparams": {
        "learning_rate": 0.06796578090758151,
        "beta1": 0.5072091521946193,
        "beta2": 0.9923553226446393,
        "epsilon": 1e-14
    },
    "training_params": {
        "lr_sched_epochs": [
            1,
            2,
            3,
            4,
            5,
            6,
            7,
            8,
            9,
            10,
            11,
            12,
            13,
            14,
            15,
            16,
            17,
            18,
            19,
            20,
            21,
            22,
            23,
            24,
            25,
            26,
            27,
            28,
            29,
            30,
            31,
            32,
            33,
            34,
            35,
            36,
            37,
            38,
            39,
            40,
            41,
            42,
            43,
            44,
            45,
            46,
            47,
            48,
            49,
            50,
            51,
            52,
            53,
            54,
            55,
            56,
            57,
            58,
            59,
            60,
            61,
            62,
            63,
            64,
            65,
            66,
            67,
            68,
            69,
            70,
            71,
            72,
            73,
            74,
            75,
            76,
            77,
            78,
            79,
            80,
            81,
            82,
            83,
            84,
            85,
            86,
            87,
            88,
            89,
            90,
            91,
            92,
            93,
            94,
            95,
            96,
            97,
            98,
            99,
            100
        ],
        "lr_sched_factors": [
            0.1,
            0.2,
            0.3,
            0.4,
            0.5,
            0.6,
            0.7,
            0.8,
            0.9,
            1.0,
            1.0,
            1.0,
            1.0,
            1.0,
            1.0,
            1.0,
            1.0,
            1.0,
            1.0,
            1.0,
            1.0,
            1.0,
            1.0,
            1.0,
            1.0,
            1.0,
            1.0,
            1.0,
            1.0,
            1.0,
            1.0,
            1.0,
            1.0,
            1.0,
            1.0,
            1.0,
            1.0,
            1.0,
            1.0,
            1.0,
            1.0,
            1.0,
            1.0,
            1.0,
            1.0,
            1.0,
            1.0,
            1.0,
            1.0,
            1.0,
            1.0,
            1.0,
            1.0,
            1.0,
            1.0,
            1.0,
            1.0,
            1.0,
            1.0,
            1.0,
            1.0,
            1.0,
            1.0,
            1.0,
            1.0,
            1.0,
            1.0,
            1.0,
            1.0,
            1.0,
            1.0,
            1.0,
            1.0,
            1.0,
            1.0,
            1.0,
            1.0,
            1.0,
            1.0,
            1.0,
            1.0,
            1.0,
            1.0,
            1.0,
            1.0,
            1.0,
            1.0,
            1.0,
            1.0,
            1.0,
            0.9090909090909091,
            0.8181818181818181,
            0.7272727272727273,
            0.6363636363636364,
            0.5454545454545454,
            0.4545454545454546,
            0.36363636363636365,
            0.2727272727272727,
            0.18181818181818177,
            0.09090909090909094
        ]
    },
    "train_losses": [
        352.27917916434154,
        166.45667593819755,
        165.6239733014788,
        161.58336094447546,
        152.60642787388392,
        138.75179181780135,
        122.64173453194755,
        108.65705980573382,
        100.24157169886998,
        97.44496372767857,
        97.39637320382255,
        97.2392087663923,
        96.36632428850446,
        95.51627785818917,
        94.97873905726841,
        94.53663199288505,
        94.06090109688895,
        93.5922110421317,
        93.1576919555664,
        92.74204690115792,
        92.33929007393974,
        91.95509338378906,
        91.59010423932757,
        91.24264744349888,
        90.91267613002232,
        90.59974888392857,
        90.30311693464007,
        90.02217864990234,
        89.75615801130023,
        89.50420706612724,
        89.2656010219029,
        89.03958565848214,
        88.82544381277901,
        88.62250082833427,
        88.4301289149693,
        88.24776240757534,
        88.07485525948661,
        87.91090284075055,
        87.75545065743583,
        87.60806383405414,
        87.46834346226284,
        87.33590589250836,
        87.21039472307477,
        87.0914775303432,
        86.9788327898298,
        86.87215096609933,
        86.77114868164062,
        86.67553819928851,
        86.58506229945591,
        86.49946049281529,
        86.41848645891461,
        86.34191567557198,
        86.26952362060547,
        86.20109340122768,
        86.1364244733538,
        86.07532501220703,
        86.01760537283761,
        85.96309770856585,
        85.91162763323102,
        85.863037109375,
        85.81717899867466,
        85.77390725272042,
        85.7330801827567,
        85.69457353864398,
        85.6582532610212,
        85.62401580810547,
        85.59173583984375,
        85.56131744384766,
        85.53264617919922,
        85.50564139229911,
        85.4801995413644,
        85.45624215262276,
        85.43367767333984,
        85.41243089948382,
        85.39243534633091,
        85.37360382080078,
        85.3558850969587,
        85.3392083304269,
        85.3235092163086,
        85.3087387084961,
        85.29484231131417,
        85.28176007952008,
        85.26945277622768,
        85.25787135532924,
        85.24697004045758,
        85.23671504429409,
        85.22706059047154,
        85.21797180175781,
        85.20941380092076,
        85.20135934012276,
        85.1937757219587,
        85.18662697928292,
        85.1780014038086,
        85.17131914411273,
        85.165773664202,
        85.16078295026507,
        85.15678296770368,
        85.15352085658482,
        85.15094103131976,
        85.14904349190849,
        85.14779445103237
    ],