{
    "testproblem": "quadratic_deep",
    "batch_size": 128,
    "num_epochs": 100,
    "random_seed": 42,
    "l2_reg": null,
    "optimizer_name": "AdaBoundOptimizer",
    "optimizer_hyperparams": {
        "learning_rate": 0.0513165495514832,
        "final_lr": 0.0011085889624650083,
        "beta1": 0.712721418904579,
        "beta2": 0.8412983699117219,
        "gamma": 0.00862022042601804,
        "epsilon": 1e-08,
        "amsbound": true,
        "use_locking": false
    },
    "training_params": {
        "lr_sched_epochs": [
            1,
            2,
            3,
            4,
            5,
            6,
            7,
            8,
            9,
            10,
            11,
            12,
            13,
            14,
            15,
            16,
            17,
            18,
            19,
            20,
            21,
            22,
            23,
            24,
            25,
            26,
            27,
            28,
            29,
            30,
            31,
            32,
            33,
            34,
            35,
            36,
            37,
            38,
            39,
            40,
            41,
            42,
            43,
            44,
            45,
            46,
            47,
            48,
            49,
            50,
            51,
            52,
            53,
            54,
            55,
            56,
            57,
            58,
            59,
            60,
            61,
            62,
            63,
            64,
            65,
            66,
            67,
            68,
            69,
            70,
            71,
            72,
            73,
            74,
            75,
            76,
            77,
            78,
            79,
            80,
            81,
            82,
            83,
            84,
            85,
            86,
            87,
            88,
            89,
            90,
            91,
            92,
            93,
            94,
            95,
            96,
            97,
            98,
            99,
            100
        ],
        "lr_sched_factors": [
            0.1,
            0.2,
            0.3,
            0.4,
            0.5,
            0.6,
            0.7,
            0.8,
            0.9,
            1.0,
            1.0,
            1.0,
            1.0,
            1.0,
            1.0,
            1.0,
            1.0,
            1.0,
            1.0,
            1.0,
            1.0,
            1.0,
            1.0,
            1.0,
            1.0,
            1.0,
            1.0,
            1.0,
            1.0,
            1.0,
            1.0,
            1.0,
            1.0,
            1.0,
            1.0,
            1.0,
            1.0,
            1.0,
            1.0,
            1.0,
            1.0,
            1.0,
            1.0,
            1.0,
            1.0,
            1.0,
            1.0,
            1.0,
            1.0,
            1.0,
            1.0,
            1.0,
            1.0,
            1.0,
            1.0,
            1.0,
            1.0,
            1.0,
            1.0,
            1.0,
            1.0,
            1.0,
            1.0,
            1.0,
            1.0,
            1.0,
            1.0,
            1.0,
            1.0,
            1.0,
            1.0,
            1.0,
            1.0,
            1.0,
            1.0,
            1.0,
            1.0,
            1.0,
            1.0,
            1.0,
            1.0,
            1.0,
            1.0,
            1.0,
            1.0,
            1.0,
            1.0,
            1.0,
            1.0,
            1.0,
            0.9090909090909091,
            0.8181818181818181,
            0.7272727272727273,
            0.6363636363636364,
            0.5454545454545454,
            0.4545454545454546,
            0.36363636363636365,
            0.2727272727272727,
            0.18181818181818177,
            0.09090909090909094
        ]
    },
    "train_losses": [
        400.0134015764509,
        132.00069209507532,
        125.0216794695173,
        116.33031899588448,
        109.318605695452,
        105.47774832589286,
        103.88743809291294,
        103.19988795689174,
        102.75097220284599,
        102.36593627929688,
        102.01529475620815,
        101.69436645507812,
        101.39836883544922,
        101.123291015625,
        100.86608232770648,
        100.62435041155133,
        100.39614868164062,
        100.17984226771763,
        99.97410801478794,
        99.77782113211495,
        99.5900639125279,
        99.41002546037946,
        99.23702675955636,
        99.07047162737165,
        98.90984235491071,
        98.75470733642578,
        98.60465458461216,
        98.45932987758091,
        98.31842150006976,
        98.18165261404855,
        98.04876599993024,
        97.9195305960519,
        97.7937502179827,
        97.67122759137835,
        97.55179595947266,
        97.43529510498047,
        97.3215833391462,
        97.21053532191685,
        97.10201263427734,
        96.99590955461774,
        96.89212690080915,
        96.79056331089565,
        96.69112941196987,
        96.59373692103794,
        96.49830845424107,
        96.40477316720145,
        96.31305585588727,
        96.2230943952288,
        96.13482666015625,
        96.04820033482143,
        95.96314675467355,
        95.87962668282645,
        95.79758671351841,
        95.71698325020927,
        95.6377672467913,
        95.55990382603237,
        95.4833493913923,
        95.4080581665039,
        95.3340094430106,
        95.2611574445452,
        95.18947383335659,
        95.11892482212612,
        95.04948425292969,
        94.98111942836216,
        94.91380419049945,
        94.84751347133091,
        94.78222002301898,
        94.71789877755302,
        94.65452139718192,
        94.59208025251117,
        94.53053937639508,
        94.46988895961216,
        94.41009957449776,
        94.3511483328683,
        94.29302978515625,
        94.23572213309151,
        94.17920030866351,
        94.12345123291016,
        94.06846073695591,
        94.01421574183873,
        93.96069008963448,
        93.90787942068917,
        93.8557630266462,
        93.80433218819755,
        93.75357055664062,
        93.70346069335938,
        93.65400150844029,
        93.60517011369977,
        93.5569577898298,
        93.50935363769531,
        93.46234566824776,
        93.4159186226981,
        93.3700703212193,
        93.32478659493583,
        93.2800532749721,
        93.23586818150112,
        93.1922127859933,
        93.14919716971261,
        93.10697937011719,
        93.06660570417132,
        93.0284194946289
    ],