{
    "testproblem": "fmnist_vae",
    "batch_size": 64,
    "num_epochs": 100,
    "random_seed": 44,
    "l2_reg": null,
    "optimizer_name": "AMSGrad",
    "optimizer_hyperparams": {
        "learning_rate": 0.01,
        "beta1": 0.9,
        "beta2": 0.999,
        "epsilon": 1e-08,
        "use_locking": false
    },
    "training_params": {
        "lr_sched_epochs": [],
        "lr_sched_factors": []
    },
    "train_losses": [
        133.60078043815417,
        133.60078043815417,
        133.60078043815417,
        133.60078043815417,
        133.60078043815417,
        133.60078043815417,
        133.60078043815417,
        133.60078043815417,
        133.60078043815417,
        133.60078043815417,
        133.60078043815417,
        133.60078043815417,
        133.60078043815417,
        133.60078043815417,
        133.60078043815417,
        133.60078043815417,
        133.60078043815417,
        133.60078043815417,
        133.60078043815417,
        133.60078043815417,
        133.60078043815417,
        133.60078043815417,
        133.60078043815417,
        133.60078043815417,
        133.60078043815417,
        133.60078043815417,
        133.60078043815417,
        133.60078043815417,
        133.60078043815417,
        133.60078043815417,
        133.60078043815417,
        133.60078043815417,
        133.60078043815417,
        133.60078043815417,
        133.60078043815417,
        133.60078043815417,
        133.60078043815417,
        133.60078043815417,
        133.60078043815417,
        133.60078043815417,
        133.60078043815417,
        133.60078043815417,
        133.60078043815417,
        133.60078043815417,
        133.60078043815417,
        133.60078043815417,
        133.60078043815417,
        133.60078043815417,
        133.60078043815417,
        133.60078043815417,
        133.60078043815417,
        133.60078043815417,
        133.60078043815417,
        133.60078043815417,
        133.60078043815417,
        133.60078043815417,
        133.60078043815417,
        133.60078043815417,
        133.60078043815417,
        133.60078043815417,
        133.60078043815417,
        133.60078043815417,
        133.60078043815417,
        133.60078043815417,
        133.60078043815417,
        133.60078043815417,
        133.60078043815417,
        133.60078043815417,
        133.60078043815417,
        133.60078043815417,
        133.60078043815417,
        133.60078043815417,
        133.60078043815417,
        133.60078043815417,
        133.60078043815417,
        133.60078043815417,
        133.60078043815417,
        133.60078043815417,
        133.60078043815417,
        133.60078043815417,
        133.60078043815417,
        133.60078043815417,
        133.60078043815417,
        133.60078043815417,
        133.60078043815417,
        133.60078043815417,
        133.60078043815417,
        133.60078043815417,
        133.60078043815417,
        133.60078043815417,
        133.60078043815417,
        133.60078043815417,
        133.60078043815417,
        133.60078043815417,
        133.60078043815417,
        133.60078043815417,
        133.60078043815417,
        133.60078043815417,
        133.60078043815417,
        133.60078043815417,
        133.60078043815417
    ],
    "valid_losses": [
        134.13018671671549,
        134.13018671671549,
        134.13018671671549,
        134.13018671671549,
        134.13018671671549,
        134.13018671671549,
        134.13018671671549,
        134.13018671671549,
        134.13018671671549,
        134.13018671671549,
        134.13018671671549,
        134.13018671671549,
        134.13018671671549,
        134.13018671671549,
        134.13018671671549,
        134.13018671671549,
        134.13018671671549,
        134.13018671671549,
        134.13018671671549,
        134.13018671671549,
        134.13018671671549,
        134.13018671671549,
        134.13018671671549,
        134.13018671671549,
        134.13018671671549,
        134.13018671671549,
        134.13018671671549,
        134.13018671671549,
        134.13018671671549,
        134.13018671671549,
        134.13018671671549,
        134.13018671671549,
        134.13018671671549,
        134.13018671671549,
        134.13018671671549,
        134.13018671671549,
        134.13018671671549,
        134.13018671671549,
        134.13018671671549,
        134.13018671671549,
        134.13018671671549,
        134.13018671671549,
        134.13018671671549,
        134.13018671671549,
        134.13018671671549,
        134.13018671671549,
        134.13018671671549,
        134.13018671671549,
        134.13018671671549,
        134.13018671671549,
        134.13018671671549,
        134.13018671671549,
        134.13018671671549,
        134.13018671671549,
        134.13018671671549,
        134.13018671671549,
        134.13018671671549,
        134.13018671671549,
        134.13018671671549,
        134.13018671671549,
        134.13018671671549,
        134.13018671671549,
        134.13018671671549,
        134.13018671671549,
        134.13018671671549,
        134.13018671671549,
        134.13018671671549,
        134.13018671671549,
        134.13018671671549,
        134.13018671671549,
        134.13018671671549,
        134.13018671671549,
        134.13018671671549,
        134.13018671671549,
        134.13018671671549,
        134.13018671671549,
        134.13018671671549,
        134.13018671671549,
        134.13018671671549,
        134.13018671671549,
        134.13018671671549,
        134.13018671671549,
        134.13018671671549,
        134.13018671671549,
        134.13018671671549,
        134.13018671671549,
        134.13018671671549,
        134.13018671671549,
        134.13018671671549,
        134.13018671671549,
        134.13018671671549,
        134.13018671671549,
        134.13018671671549,
        134.13018671671549,
        134.13018671671549,
        134.13018671671549,
        134.13018671671549,
        134.13018671671549,
        134.13018671671549,
        134.13018671671549,
        134.13018671671549
    ],