{
    "testproblem": "quadratic_deep",
    "batch_size": 128,
    "num_epochs": 100,
    "random_seed": 42,
    "l2_reg": null,
    "optimizer_name": "GradientDescentOptimizer",
    "optimizer_hyperparams": {
        "learning_rate": 0.00030771802712506853
    },
    "training_params": {
        "lr_sched_epochs": [
            1,
            2,
            3,
            4,
            5,
            6,
            7,
            8,
            9,
            10,
            11,
            12,
            13,
            14,
            15,
            16,
            17,
            18,
            19,
            20,
            21,
            22,
            23,
            24,
            25,
            26,
            27,
            28,
            29,
            30,
            31,
            32,
            33,
            34,
            35,
            36,
            37,
            38,
            39,
            40,
            41,
            42,
            43,
            44,
            45,
            46,
            47,
            48,
            49,
            50,
            51,
            52,
            53,
            54,
            55,
            56,
            57,
            58,
            59,
            60,
            61,
            62,
            63,
            64,
            65,
            66,
            67,
            68,
            69,
            70,
            71,
            72,
            73,
            74,
            75,
            76,
            77,
            78,
            79,
            80,
            81,
            82,
            83,
            84,
            85,
            86,
            87,
            88,
            89,
            90,
            91,
            92,
            93,
            94,
            95,
            96,
            97,
            98,
            99,
            100
        ],
        "lr_sched_factors": [
            0.9755282581475768,
            0.9045084971874737,
            0.7938926261462366,
            0.6545084971874737,
            0.5,
            0.34549150281252633,
            0.2061073738537635,
            0.09549150281252633,
            0.024471741852423234,
            1,
            0.9938441702975689,
            0.9755282581475768,
            0.9455032620941839,
            0.9045084971874737,
            0.8535533905932737,
            0.7938926261462366,
            0.7269952498697734,
            0.6545084971874737,
            0.5782172325201155,
            0.5,
            0.42178276747988447,
            0.34549150281252633,
            0.2730047501302266,
            0.2061073738537635,
            0.14644660940672627,
            0.09549150281252633,
            0.054496737905816106,
            0.024471741852423234,
            0.00615582970243117,
            1,
            0.998458666866564,
            0.9938441702975689,
            0.9861849601988383,
            0.9755282581475768,
            0.9619397662556434,
            0.9455032620941839,
            0.9263200821770461,
            0.9045084971874737,
            0.8802029828000155,
            0.8535533905932737,
            0.8247240241650917,
            0.7938926261462366,
            0.7612492823579744,
            0.7269952498697734,
            0.6913417161825449,
            0.6545084971874737,
            0.6167226819279528,
            0.5782172325201155,
            0.5392295478639225,
            0.5,
            0.4607704521360776,
            0.42178276747988447,
            0.38327731807204746,
            0.34549150281252633,
            0.30865828381745514,
            0.2730047501302266,
            0.2387507176420256,
            0.2061073738537635,
            0.17527597583490823,
            0.14644660940672627,
            0.11979701719998453,
            0.09549150281252633,
            0.07367991782295391,
            0.054496737905816106,
            0.03806023374435663,
            0.024471741852423234,
            0.013815039801161721,
            0.00615582970243117,
            0.001541333133436018,
            1,
            0.9996145181203615,
            0.998458666866564,
            0.9965342284774632,
            0.9938441702975689,
            0.9903926402016152,
            0.9861849601988383,
            0.9812276182268236,
            0.9755282581475768,
            0.9690956679612421,
            0.9619397662556434,
            0.9540715869125407,
            0.9455032620941839,
            0.9362480035363986,
            0.9263200821770461,
            0.9157348061512727,
            0.9045084971874737,
            0.8926584654403724,
            0.8802029828000155,
            0.8671612547178428,
            0.8535533905932737,
            0.839400372766471,
            0.8247240241650917,
            0.8095469746549171,
            0.7938926261462366,
            0.7777851165098011,
            0.7612492823579744,
            0.7443106207484775,
            0.7269952498697734,
            0.7093298687687141,
            0.6913417161825449
        ]
    },
    "train_losses": [
        286.3989039829799,
        256.28948756626676,
        232.23125348772322,
        213.76065499441964,
        200.0748748779297,
        190.3011932373047,
        183.6387481689453,
        179.40266636439733,
        177.00910295758928,
        175.93272617885046,
        175.6601845877511,
        165.48299734933036,
        157.12352425711495,
        150.31256975446428,
        144.79718017578125,
        140.35104152134485,
        136.77890014648438,
        133.91670880998885,
        131.6294904436384,
        129.80772617885046,
        128.36349160330636,
        127.226560320173,
        126.3409402029855,
        125.6617911202567,
        125.15276881626674,
        124.78384726388114,
        124.52945818219867,
        124.36695316859654,
        124.27539171491351,
        124.23455701555524,
        124.2243150983538,
        122.68255942208427,
        121.37699018205915,
        120.27081516810826,
        119.33252280099052,
        118.53527723039899,
        117.85636792864118,
        117.27669852120536,
        116.78026471819196,
        116.35369873046875,
        115.98586709158761,
        115.66754913330078,
        115.3910664149693,
        115.1500723702567,
        114.93930380684989,
        114.75440434047154,
        114.59176526750836,
        114.44837733677456,
        114.32175118582589,
        114.20981052943638,
        114.11080169677734,
        114.02326202392578,
        113.9459479195731,
        113.87780434744698,
        113.81792558942523,
        113.76551055908203,
        113.71988133021763,
        113.68041556222099,
        113.64656393868583,
        113.61780984061105,
        113.5936998639788,
        113.57378605433873,
        113.55764770507812,
        113.54488372802734,
        113.53509085518974,
        113.5278821672712,
        113.52286093575614,
        113.51963806152344,
        113.51782662527901,
        113.51702008928571,
        113.51681736537388,
        113.38946206229073,
        113.26993124825614,
        113.15721130371094,
        113.05045972551618,
        112.94893319266183,
        112.85201590401786,
        112.75917271205357,
        112.66995457240513,
        112.58397565569196,
        112.5009286063058,
        112.42053331647601,
        112.34256090436664,
        112.26683044433594,
        112.19317735944476,
        112.12147739955357,
        112.0516117640904,
        111.98350197928292,
        111.91707829066685,
        111.85226876395089,
        111.78903416224888,
        111.72733742850167,
        111.66715022495815,
        111.60844966343471,
        111.55120958600726,
        111.49542890276227,
        111.4410879952567,
        111.38817923409599,
        111.33670697893415,
        111.28665815080915,
        111.238037109375
    ],