{
    "testproblem": "quadratic_deep",
    "batch_size": 128,
    "num_epochs": 100,
    "random_seed": 48,
    "l2_reg": null,
    "optimizer_name": "MomentumOptimizer",
    "optimizer_hyperparams": {
        "learning_rate": 0.015375920235481748,
        "momentum": 0.003585612610345395,
        "use_locking": false,
        "use_nesterov": false
    },
    "training_params": {
        "lr_sched_epochs": [
            1,
            2,
            3,
            4,
            5,
            6,
            7,
            8,
            9,
            10,
            11,
            12,
            13,
            14,
            15,
            16,
            17,
            18,
            19,
            20,
            21,
            22,
            23,
            24,
            25,
            26,
            27,
            28,
            29,
            30,
            31,
            32,
            33,
            34,
            35,
            36,
            37,
            38,
            39,
            40,
            41,
            42,
            43,
            44,
            45,
            46,
            47,
            48,
            49,
            50,
            51,
            52,
            53,
            54,
            55,
            56,
            57,
            58,
            59,
            60,
            61,
            62,
            63,
            64,
            65,
            66,
            67,
            68,
            69,
            70,
            71,
            72,
            73,
            74,
            75,
            76,
            77,
            78,
            79,
            80,
            81,
            82,
            83,
            84,
            85,
            86,
            87,
            88,
            89,
            90,
            91,
            92,
            93,
            94,
            95,
            96,
            97,
            98,
            99,
            100
        ],
        "lr_sched_factors": [
            0.9755282581475768,
            0.9045084971874737,
            0.7938926261462366,
            0.6545084971874737,
            0.5,
            0.34549150281252633,
            0.2061073738537635,
            0.09549150281252633,
            0.024471741852423234,
            1,
            0.9938441702975689,
            0.9755282581475768,
            0.9455032620941839,
            0.9045084971874737,
            0.8535533905932737,
            0.7938926261462366,
            0.7269952498697734,
            0.6545084971874737,
            0.5782172325201155,
            0.5,
            0.42178276747988447,
            0.34549150281252633,
            0.2730047501302266,
            0.2061073738537635,
            0.14644660940672627,
            0.09549150281252633,
            0.054496737905816106,
            0.024471741852423234,
            0.00615582970243117,
            1,
            0.998458666866564,
            0.9938441702975689,
            0.9861849601988383,
            0.9755282581475768,
            0.9619397662556434,
            0.9455032620941839,
            0.9263200821770461,
            0.9045084971874737,
            0.8802029828000155,
            0.8535533905932737,
            0.8247240241650917,
            0.7938926261462366,
            0.7612492823579744,
            0.7269952498697734,
            0.6913417161825449,
            0.6545084971874737,
            0.6167226819279528,
            0.5782172325201155,
            0.5392295478639225,
            0.5,
            0.4607704521360776,
            0.42178276747988447,
            0.38327731807204746,
            0.34549150281252633,
            0.30865828381745514,
            0.2730047501302266,
            0.2387507176420256,
            0.2061073738537635,
            0.17527597583490823,
            0.14644660940672627,
            0.11979701719998453,
            0.09549150281252633,
            0.07367991782295391,
            0.054496737905816106,
            0.03806023374435663,
            0.024471741852423234,
            0.013815039801161721,
            0.00615582970243117,
            0.001541333133436018,
            1,
            0.9996145181203615,
            0.998458666866564,
            0.9965342284774632,
            0.9938441702975689,
            0.9903926402016152,
            0.9861849601988383,
            0.9812276182268236,
            0.9755282581475768,
            0.9690956679612421,
            0.9619397662556434,
            0.9540715869125407,
            0.9455032620941839,
            0.9362480035363986,
            0.9263200821770461,
            0.9157348061512727,
            0.9045084971874737,
            0.8926584654403724,
            0.8802029828000155,
            0.8671612547178428,
            0.8535533905932737,
            0.839400372766471,
            0.8247240241650917,
            0.8095469746549171,
            0.7938926261462366,
            0.7777851165098011,
            0.7612492823579744,
            0.7443106207484775,
            0.7269952498697734,
            0.7093298687687141,
            0.6913417161825449
        ]
    },
    "train_losses": [
        477.25022670200894,
        105.67753383091518,
        103.52347564697266,
        101.79464067731585,
        100.46224103655133,
        99.47659737723214,
        98.78490556989398,
        98.3359614780971,
        98.07932826450893,
        97.96330152239118,
        97.93383244105748,
        96.9512459891183,
        96.01925986153739,
        95.22397177559989,
        94.54917798723493,
        93.97910744803292,
        93.49939945765904,
        93.09737069266183,
        92.76203373500279,
        92.4840338570731,
        92.25545719691685,
        92.0696531023298,
        91.92095402308873,
        91.80443681989398,
        91.71568843296596,
        91.65065220424107,
        91.60548727852958,
        91.5765130179269,
        91.56014796665737,
        91.55282810756138,
        91.55098833356585,
        91.38933563232422,
        91.15010942731585,
        90.93580736432757,
        90.74391610281808,
        90.5718492780413,
        90.4173115321568,
        90.27829306466239,
        90.1530511038644,
        90.04004669189453,
        89.93795558384487,
        89.84561048235211,
        89.76199558803013,
        89.68624441964286,
        89.6175787789481,
        89.55534035818917,
        89.49893515450614,
        89.44786180768695,
        89.40166582380023,
        89.35995701381138,
        89.32238878522601,
        89.28865705217633,
        89.25848279680524,
        89.23161969866071,
        89.20783342633929,
        89.18690490722656,
        89.1686281476702,
        89.15280587332589,
        89.1392342703683,
        89.12773677280971,
        89.11812264578683,
        89.11021750313895,
        89.10384259905133,
        89.09882245744977,
        89.09499141148159,
        89.09218161446708,
        89.09022957938058,
        89.08897726876395,
        89.08827100481305,
        89.08795710972377,
        89.08787645612445,
        89.15242767333984,
        89.11226545061383,
        89.07418932233539,
        89.03844124930245,
        89.00484793526786,
        88.97325352260044,
        88.94349779401507,
        88.91544995989118,
        88.8889890398298,
        88.8639886038644,
        88.8403560093471,
        88.81798008510044,
        88.79678344726562,
        88.77668217250279,
        88.75760105678013,
        88.73947143554688,
        88.72223009381976,
        88.70582253592355,
        88.69019426618304,
        88.67530277797154,
        88.66109902518136,
        88.64754050118583,
        88.6345955984933,
        88.62222290039062,
        88.6104006086077,
        88.5990971156529,
        88.58828735351562,
        88.57794407435826,
        88.5680433000837,
        88.55857195172992
    ],