{
    "testproblem": "quadratic_deep",
    "batch_size": 128,
    "num_epochs": 100,
    "random_seed": 48,
    "l2_reg": null,
    "optimizer_name": "RMSPropOptimizer",
    "optimizer_hyperparams": {
        "learning_rate": 0.0234238498471129,
        "decay": 0.9998466083740883,
        "momentum": 0.0,
        "epsilon": 1e-10,
        "use_locking": false,
        "centered": false
    },
    "training_params": {
        "lr_sched_epochs": [
            1,
            2,
            3,
            4,
            5,
            6,
            7,
            8,
            9,
            10,
            11,
            12,
            13,
            14,
            15,
            16,
            17,
            18,
            19,
            20,
            21,
            22,
            23,
            24,
            25,
            26,
            27,
            28,
            29,
            30,
            31,
            32,
            33,
            34,
            35,
            36,
            37,
            38,
            39,
            40,
            41,
            42,
            43,
            44,
            45,
            46,
            47,
            48,
            49,
            50,
            51,
            52,
            53,
            54,
            55,
            56,
            57,
            58,
            59,
            60,
            61,
            62,
            63,
            64,
            65,
            66,
            67,
            68,
            69,
            70,
            71,
            72,
            73,
            74,
            75,
            76,
            77,
            78,
            79,
            80,
            81,
            82,
            83,
            84,
            85,
            86,
            87,
            88,
            89,
            90,
            91,
            92,
            93,
            94,
            95,
            96,
            97,
            98,
            99,
            100
        ],
        "lr_sched_factors": [
            0.9755282581475768,
            0.9045084971874737,
            0.7938926261462366,
            0.6545084971874737,
            0.5,
            0.34549150281252633,
            0.2061073738537635,
            0.09549150281252633,
            0.024471741852423234,
            1.0,
            0.9938441702975689,
            0.9755282581475768,
            0.9455032620941839,
            0.9045084971874737,
            0.8535533905932737,
            0.7938926261462366,
            0.7269952498697734,
            0.6545084971874737,
            0.5782172325201155,
            0.5,
            0.42178276747988447,
            0.34549150281252633,
            0.2730047501302266,
            0.2061073738537635,
            0.14644660940672627,
            0.09549150281252633,
            0.054496737905816106,
            0.024471741852423234,
            0.00615582970243117,
            1.0,
            0.998458666866564,
            0.9938441702975689,
            0.9861849601988383,
            0.9755282581475768,
            0.9619397662556434,
            0.9455032620941839,
            0.9263200821770461,
            0.9045084971874737,
            0.8802029828000155,
            0.8535533905932737,
            0.8247240241650917,
            0.7938926261462366,
            0.7612492823579744,
            0.7269952498697734,
            0.6913417161825449,
            0.6545084971874737,
            0.6167226819279528,
            0.5782172325201155,
            0.5392295478639225,
            0.5,
            0.4607704521360776,
            0.42178276747988447,
            0.38327731807204746,
            0.34549150281252633,
            0.30865828381745514,
            0.2730047501302266,
            0.2387507176420256,
            0.2061073738537635,
            0.17527597583490823,
            0.14644660940672627,
            0.11979701719998453,
            0.09549150281252633,
            0.07367991782295391,
            0.054496737905816106,
            0.03806023374435663,
            0.024471741852423234,
            0.013815039801161721,
            0.00615582970243117,
            0.001541333133436018,
            1.0,
            0.9996145181203615,
            0.998458666866564,
            0.9965342284774632,
            0.9938441702975689,
            0.9903926402016152,
            0.9861849601988383,
            0.9812276182268236,
            0.9755282581475768,
            0.9690956679612421,
            0.9619397662556434,
            0.9540715869125407,
            0.9455032620941839,
            0.9362480035363986,
            0.9263200821770461,
            0.9157348061512727,
            0.9045084971874737,
            0.8926584654403724,
            0.8802029828000155,
            0.8671612547178428,
            0.8535533905932737,
            0.839400372766471,
            0.8247240241650917,
            0.8095469746549171,
            0.7938926261462366,
            0.7777851165098011,
            0.7612492823579744,
            0.7443106207484775,
            0.7269952498697734,
            0.7093298687687141,
            0.6913417161825449
        ]
    },
    "train_losses": [
        353.4622497558594,
        102.42097691127232,
        99.30698939732143,
        96.958738054548,
        95.24015372140067,
        94.02095794677734,
        93.18992069789341,
        92.65709359305245,
        92.35209328787667,
        92.21522303989956,
        92.18074580601284,
        91.47228894914899,
        90.55562373570034,
        89.80566733224052,
        89.19053213936942,
        88.68502916608539,
        88.26916394914899,
        87.92680031912667,
        87.64491380964007,
        87.4131578717913,
        87.22341591971261,
        87.06912013462612,
        86.94470868791852,
        86.8456802368164,
        86.76884242466518,
        86.711916242327,
        86.67252022879464,
        86.64762878417969,
        86.63381958007812,
        86.62770625523159,
        86.62615857805524,
        86.87616838727679,
        86.72332872663226,
        86.58717564174107,
        86.46500069754464,
        86.35466984340123,
        86.25449916294643,
        86.16316659109933,
        86.07962690080915,
        86.00302559988839,
        85.93267604282924,
        85.86796242850167,
        85.80837794712612,
        85.75345720563617,
        85.70280456542969,
        85.65607125418526,
        85.61297716413226,
        85.57326943533761,
        85.53673989432198,
        85.5031978062221,
        85.47243935721261,
        85.44426618303571,
        85.4184820992606,
        85.39490291050502,
        85.37337493896484,
        85.35381753104073,
        85.33619471958706,
        85.32051522391183,
        85.30679757254464,
        85.2950461251395,
        85.28522055489677,
        85.27721623011998,
        85.27088056291852,
        85.26602826799665,
        85.26243809291294,
        85.2598855154855,
        85.25816127232143,
        85.25707571847099,
        85.25647408621651,
        85.25619724818638,
        85.2561285836356,
        85.66159384591239,
        85.64431762695312,
        85.62760707310268,
        85.6113531930106,
        85.59545789446149,
        85.57984924316406,
        85.56447383335659,
        85.54927825927734,
        85.53423418317523,
        85.51932416643415,
        85.50452750069755,
        85.48983982631138,
        85.47526332310268,
        85.46080126081195,
        85.4464601789202,
        85.43224334716797,
        85.41816820417132,
        85.40423910958427,
        85.39047132219586,
        85.37687029157367,
        85.36344800676618,
        85.35021318708148,
        85.33717237200055,
        85.32433319091797,
        85.31170109340123,
        85.29928697858539,
        85.28710392543248,
        85.275148664202,
        85.26343754359654,
        85.2519771030971
    ],