{
    "testproblem": "mnist_vae",
    "batch_size": 64,
    "num_epochs": 50,
    "random_seed": 42,
    "l2_reg": null,
    "optimizer_name": "RMSPropOptimizer",
    "optimizer_hyperparams": {
        "learning_rate": 0.35387588647792384,
        "decay": 0.9922578835260037,
        "momentum": 0.0,
        "epsilon": 1e-10,
        "use_locking": false,
        "centered": false
    },
    "training_params": {
        "lr_sched_epochs": [
            1,
            2,
            3,
            4,
            5,
            6,
            7,
            8,
            9,
            10,
            11,
            12,
            13,
            14,
            15,
            16,
            17,
            18,
            19,
            20,
            21,
            22,
            23,
            24,
            25,
            26,
            27,
            28,
            29,
            30,
            31,
            32,
            33,
            34,
            35,
            36,
            37,
            38,
            39,
            40,
            41,
            42,
            43,
            44,
            45,
            46,
            47,
            48,
            49,
            50
        ],
        "lr_sched_factors": [
            0.9755282581475768,
            0.9045084971874737,
            0.7938926261462366,
            0.6545084971874737,
            0.5,
            0.34549150281252633,
            0.2061073738537635,
            0.09549150281252633,
            0.024471741852423234,
            1.0,
            0.9938441702975689,
            0.9755282581475768,
            0.9455032620941839,
            0.9045084971874737,
            0.8535533905932737,
            0.7938926261462366,
            0.7269952498697734,
            0.6545084971874737,
            0.5782172325201155,
            0.5,
            0.42178276747988447,
            0.34549150281252633,
            0.2730047501302266,
            0.2061073738537635,
            0.14644660940672627,
            0.09549150281252633,
            0.054496737905816106,
            0.024471741852423234,
            0.00615582970243117,
            1.0,
            0.998458666866564,
            0.9938441702975689,
            0.9861849601988383,
            0.9755282581475768,
            0.9619397662556434,
            0.9455032620941839,
            0.9263200821770461,
            0.9045084971874737,
            0.8802029828000155,
            0.8535533905932737,
            0.8247240241650917,
            0.7938926261462366,
            0.7612492823579744,
            0.7269952498697734,
            0.6913417161825449,
            0.6545084971874737,
            0.6167226819279528,
            0.5782172325201155,
            0.5392295478639225,
            0.5
        ]
    },
    "train_losses": [
        181.38856437878732,
        181.38856437878732,
        181.38856437878732,
        181.38856437878732,
        181.38856437878732,
        181.38856437878732,
        181.38856437878732,
        181.38856437878732,
        181.38856437878732,
        181.38856437878732,
        181.38856437878732,
        181.38856437878732,
        181.38856437878732,
        181.38856437878732,
        181.38856437878732,
        181.38856437878732,
        181.38856437878732,
        181.38856437878732,
        181.38856437878732,
        181.38856437878732,
        181.38856437878732,
        181.38856437878732,
        181.38856437878732,
        181.38856437878732,
        181.38856437878732,
        181.38856437878732,
        181.38856437878732,
        181.38856437878732,
        181.38856437878732,
        181.38856437878732,
        181.38856437878732,
        181.38856437878732,
        181.38856437878732,
        181.38856437878732,
        181.38856437878732,
        181.38856437878732,
        181.38856437878732,
        181.38856437878732,
        181.38856437878732,
        181.38856437878732,
        181.38856437878732,
        181.38856437878732,
        181.38856437878732,
        181.38856437878732,
        181.38856437878732,
        181.38856437878732,
        181.38856437878732,
        181.38856437878732,
        181.38856437878732,
        181.38856437878732,
        181.38856437878732
    ],
    "valid_losses": [
        181.33862529656827,
        181.33862529656827,
        181.33862529656827,
        181.33862529656827,
        181.33862529656827,
        181.33862529656827,
        181.33862529656827,
        181.33862529656827,
        181.33862529656827,
        181.33862529656827,
        181.33862529656827,
        181.33862529656827,
        181.33862529656827,
        181.33862529656827,
        181.33862529656827,
        181.33862529656827,
        181.33862529656827,
        181.33862529656827,
        181.33862529656827,
        181.33862529656827,
        181.33862529656827,
        181.33862529656827,
        181.33862529656827,
        181.33862529656827,
        181.33862529656827,
        181.33862529656827,
        181.33862529656827,
        181.33862529656827,
        181.33862529656827,
        181.33862529656827,
        181.33862529656827,
        181.33862529656827,
        181.33862529656827,
        181.33862529656827,
        181.33862529656827,
        181.33862529656827,
        181.33862529656827,
        181.33862529656827,
        181.33862529656827,
        181.33862529656827,
        181.33862529656827,
        181.33862529656827,
        181.33862529656827,
        181.33862529656827,
        181.33862529656827,
        181.33862529656827,
        181.33862529656827,
        181.33862529656827,
        181.33862529656827,
        181.33862529656827,
        181.33862529656827
    ],
    "test_losses": [
        181.4022609026004,
        181.4022609026004,
        181.4022609026004,
        181.4022609026004,
        181.4022609026004,
        181.4022609026004,
        181.4022609026004,
        181.4022609026004,
        181.4022609026004,
        181.4022609026004,
        181.4022609026004,
        181.4022609026004,
        181.4022609026004,
        181.4022609026004,
        181.4022609026004,
        181.4022609026004,
        181.4022609026004,
        181.4022609026004,
        181.4022609026004,
        181.4022609026004,
        181.4022609026004,
        181.4022609026004,
        181.4022609026004,
        181.4022609026004,
        181.4022609026004,
        181.4022609026004,
        181.4022609026004,
        181.4022609026004,
        181.4022609026004,
        181.4022609026004,
        181.4022609026004,
        181.4022609026004,
        181.4022609026004,
        181.4022609026004,
        181.4022609026004,
        181.4022609026004,
        181.4022609026004,
        181.4022609026004,
        181.4022609026004,
        181.4022609026004,
        181.4022609026004,
        181.4022609026004,
        181.4022609026004,
        181.4022609026004,
        181.4022609026004,
        181.4022609026004,
        181.4022609026004,
        181.4022609026004,
        181.4022609026004,
        181.4022609026004,
        181.4022609026004
    ],