{
    "testproblem": "quadratic_deep",
    "batch_size": 128,
    "num_epochs": 100,
    "random_seed": 42,
    "l2_reg": null,
    "optimizer_name": "GradientDescentOptimizer",
    "optimizer_hyperparams": {
        "learning_rate": 0.005342937261279772
    },
    "training_params": {
        "lr_sched_epochs": [
            1,
            2,
            3,
            4,
            5,
            6,
            7,
            8,
            9,
            10,
            11,
            12,
            13,
            14,
            15,
            16,
            17,
            18,
            19,
            20,
            21,
            22,
            23,
            24,
            25,
            26,
            27,
            28,
            29,
            30,
            31,
            32,
            33,
            34,
            35,
            36,
            37,
            38,
            39,
            40,
            41,
            42,
            43,
            44,
            45,
            46,
            47,
            48,
            49,
            50,
            51,
            52,
            53,
            54,
            55,
            56,
            57,
            58,
            59,
            60,
            61,
            62,
            63,
            64,
            65,
            66,
            67,
            68,
            69,
            70,
            71,
            72,
            73,
            74,
            75,
            76,
            77,
            78,
            79,
            80,
            81,
            82,
            83,
            84,
            85,
            86,
            87,
            88,
            89,
            90,
            91,
            92,
            93,
            94,
            95,
            96,
            97,
            98,
            99,
            100
        ],
        "lr_sched_factors": [
            0.9755282581475768,
            0.9045084971874737,
            0.7938926261462366,
            0.6545084971874737,
            0.5,
            0.34549150281252633,
            0.2061073738537635,
            0.09549150281252633,
            0.024471741852423234,
            1,
            0.9938441702975689,
            0.9755282581475768,
            0.9455032620941839,
            0.9045084971874737,
            0.8535533905932737,
            0.7938926261462366,
            0.7269952498697734,
            0.6545084971874737,
            0.5782172325201155,
            0.5,
            0.42178276747988447,
            0.34549150281252633,
            0.2730047501302266,
            0.2061073738537635,
            0.14644660940672627,
            0.09549150281252633,
            0.054496737905816106,
            0.024471741852423234,
            0.00615582970243117,
            1,
            0.998458666866564,
            0.9938441702975689,
            0.9861849601988383,
            0.9755282581475768,
            0.9619397662556434,
            0.9455032620941839,
            0.9263200821770461,
            0.9045084971874737,
            0.8802029828000155,
            0.8535533905932737,
            0.8247240241650917,
            0.7938926261462366,
            0.7612492823579744,
            0.7269952498697734,
            0.6913417161825449,
            0.6545084971874737,
            0.6167226819279528,
            0.5782172325201155,
            0.5392295478639225,
            0.5,
            0.4607704521360776,
            0.42178276747988447,
            0.38327731807204746,
            0.34549150281252633,
            0.30865828381745514,
            0.2730047501302266,
            0.2387507176420256,
            0.2061073738537635,
            0.17527597583490823,
            0.14644660940672627,
            0.11979701719998453,
            0.09549150281252633,
            0.07367991782295391,
            0.054496737905816106,
            0.03806023374435663,
            0.024471741852423234,
            0.013815039801161721,
            0.00615582970243117,
            0.001541333133436018,
            1,
            0.9996145181203615,
            0.998458666866564,
            0.9965342284774632,
            0.9938441702975689,
            0.9903926402016152,
            0.9861849601988383,
            0.9812276182268236,
            0.9755282581475768,
            0.9690956679612421,
            0.9619397662556434,
            0.9540715869125407,
            0.9455032620941839,
            0.9362480035363986,
            0.9263200821770461,
            0.9157348061512727,
            0.9045084971874737,
            0.8926584654403724,
            0.8802029828000155,
            0.8671612547178428,
            0.8535533905932737,
            0.839400372766471,
            0.8247240241650917,
            0.8095469746549171,
            0.7938926261462366,
            0.7777851165098011,
            0.7612492823579744,
            0.7443106207484775,
            0.7269952498697734,
            0.7093298687687141,
            0.6913417161825449
        ]
    },
    "train_losses": [
        260.35392107282365,
        107.08659362792969,
        100.56484876360211,
        99.33655548095703,
        98.54146902901786,
        97.92951093401227,
        97.47837284633091,
        97.17399161202567,
        96.99516187395368,
        96.91299329485211,
        96.89200374058315,
        96.06621442522321,
        95.28368268694196,
        94.55314200265067,
        93.87972477504185,
        93.26598467145648,
        92.71285465785435,
        92.22004045758929,
        91.78629084995815,
        91.4095709664481,
        91.08726174490792,
        90.81624930245536,
        90.59305245535714,
        90.41384451729911,
        90.27450452532086,
        90.17061505998883,
        90.09748186383929,
        90.05009242466518,
        90.02315630231585,
        90.01107897077289,
        90.00804356166294,
        89.5353273664202,
        89.08260127476284,
        88.65256718226841,
        88.24638039725167,
        87.86392756870815,
        87.50472913469586,
        87.16813550676618,
        86.85341208321708,
        86.5597643171038,
        86.28634425571987,
        86.03228868756976,
        85.79671696254185,
        85.57875388009208,
        85.3775166102818,
        85.19215829031808,
        85.02183641706195,
        84.86574118477958,
        84.72308676583427,
        84.59312765938895,
        84.47512926374164,
        84.36840166364398,
        84.27227565220424,
        84.18612016950335,
        84.10931287493024,
        84.04127502441406,
        83.98142460414341,
        83.92921556745257,
        83.88411494663784,
        83.84559086390904,
        83.81312670026507,
        83.7862047467913,
        83.7643290928432,
        83.74697766985211,
        83.73364366803851,
        83.72381155831474,
        83.71695927211216,
        83.71256256103516,
        83.71007646833148,
        83.70897565569196,
        83.70869554792132,
        83.540769304548,
        83.3763918195452,
        83.2177494594029,
        83.06610652378627,
        82.92152404785156,
        82.78380148751395,
        82.65267181396484,
        82.52786036900112,
        82.4091066632952,
        82.29613821847099,
        82.18870326450893,
        82.08655548095703,
        81.9894518171038,
        81.89716121128627,
        81.80946132114956,
        81.72613307407924,
        81.646974836077,
        81.57178497314453,
        81.50037711007255,
        81.4325670514788,
        81.36818259102958,
        81.30705915178571,
        81.24903433663505,
        81.19396209716797,
        81.14170292445591,
        81.09211077008929,
        81.0450690133231,
        81.00044468470982,
        80.95812879289899,
        80.91800471714565
    ],