{"testproblem": "fmnist_2c2d", "batch_size": 128, "num_epochs": 100, "random_seed": 49, "weight_decay": null, "optimizer_name": "SGD", "optimizer_hyperparams": {"lr": 0.002511886431509582}, "train_losses": [2.3297933706870446, 0.7399468735242501, 0.6403352316373434, 0.6200591161465033, 0.5742936883217249, 0.502358425504122, 0.504105819723545, 0.4673695445824892, 0.4699853922312076, 0.45202207756348145, 0.4386863865149327, 0.4627732088168462, 0.43486993855390793, 0.4109873198545896, 0.43393184817754304, 0.40159421929946315, 0.39633052089275456, 0.39634194798194444, 0.3837679448800209, 0.3725103055819487, 0.40891516705354053, 0.39890213769215804, 0.3599026191693086, 0.3515506820418896, 0.36859168379734725, 0.3430358232595982, 0.3443163321950497, 0.3683849213979183, 0.3396591265232135, 0.34132337149901265, 0.328690696030091, 0.3233128104072351, 0.34177141521985716, 0.3284409204736734, 0.3307266275470073, 0.34060088545084, 0.3113163459377411, 0.3209641701900042, 0.3177456150834377, 0.3311726030630943, 0.3135203044766035, 0.31245111043636614, 0.303881168174438, 0.29598261473270565, 0.28381477219936174, 0.28939445565144223, 0.2954963294741435, 0.3128642010001036, 0.2897314136991134, 0.29587603646975297, 0.30957722893128026, 0.2883489750898801, 0.2842398622097113, 0.3022272693805205, 0.2935284490768726, 0.28102550292626405, 0.2748266519644322, 0.2824401324376082, 0.2847868547989772, 0.2866839479941588, 0.27485088755687076, 0.27197782676189375, 0.25810567499735415, 0.27200242036428207, 0.2736496098148517, 0.28286760032941133, 0.2772674707648082, 0.2415133404235045, 0.26488518714904785, 0.27235469011924207, 0.2526346118404315, 0.2605235356933031, 0.2507962850041879, 0.2582215034426787, 0.26438627659510344, 0.24852749103536972, 0.24284835178882647, 0.24712329644423264, 0.24854822284900224, 0.2580644761522611, 0.2553614580478424, 0.271627066609187, 0.2266244019071261, 0.2422760606576235, 0.23478170216847688, 0.22857197030232504, 0.2490283054036972, 0.24556113722232673, 0.2640064060688019, 0.24662578583527833, 0.24148282274985924, 0.2391197944107728, 0.2261751813766284, 0.22592885180925712, 0.23739362087769386, 0.23811939330055162, 0.22921315657022673, 0.21320886375048223, 0.2271762816951825, 0.22551366658164904, 0.21658216550564155], "test_losses": [2.332815170288086, 0.7565155571851975, 0.6549353171617557, 0.6276424588301243, 0.5908630192279816, 0.5407612591217725, 0.5292197393301206, 0.5002669504819772, 0.49045190597191834, 0.47837433448204625, 0.4651571451089321, 0.4857041174784685, 0.4623758032535895, 0.45089019682162845, 0.453826116445737, 0.4223886896402408, 0.4281056072467413, 0.4181484534190251, 0.41619099294527984, 0.40242598492365617, 0.43309213832402843, 0.43669320948612994, 0.3918997100912608, 0.39068725552314365, 0.38910208145777386, 0.37990679973975205, 0.3815193522052887, 0.4067977105195706, 0.3723233047968302, 0.38271389806117767, 0.3771558763125004, 0.36631554785447246, 0.38655470808347064, 0.3577878543963799, 0.36286916660192686, 0.3835675720220957, 0.3548221135368714, 0.3573777037553298, 0.34640912310435223, 0.35858171528730637, 0.34738979870692277, 0.3448032503708815, 0.3427089703006622, 0.3421997328599294, 0.33427577141003734, 0.33129382859437895, 0.335658477858091, 0.3582941305178862, 0.3344416841864586, 0.32278821617364883, 0.3486280874946179, 0.33303435968282896, 0.3285872968725669, 0.3339022254714599, 0.33435020328332216, 0.3239720975741362, 0.3159208570917447, 0.3209493685609255, 0.332480057882957, 0.31936359042540574, 0.31781645577687484, 0.3207917815217605, 0.31018675710910404, 0.31291464869028485, 0.3126810596157343, 0.3254353472819695, 0.3226673878156222, 0.3029855910019997, 0.3096018871053671, 0.3176394087763933, 0.3089565762724632, 0.3072597743609013, 0.29774091774836564, 0.3059601651934477, 0.318853317736051, 0.30365983224832094, 0.29929333753310716, 0.29886988684152943, 0.3010839248696963, 0.31124292810757953, 0.3007598794423617, 0.3210309101985051, 0.2925108932913878, 0.29831070051743436, 0.2945901919633914, 0.28762041891996676, 0.3049780714970369, 0.2929483671218921, 0.3140048392308064, 0.30501560198190886, 0.284103019688374, 0.28987676000747925, 0.2829148012858171, 0.288834168169743, 0.2909528464078903, 0.29496308798209214, 0.29278192459008634, 0.2855832806000343, 0.29043784202673495, 0.2912136702201305, 0.2858210964462696], "train_accuracies": [0.08743990384615384, 0.7408854166666666, 0.7757411858974359, 0.7645232371794872, 0.7931690705128205, 0.8206129807692307, 0.8198116987179487, 0.8394431089743589, 0.8321314102564102, 0.8436498397435898, 0.8520633012820513, 0.8345352564102564, 0.8435496794871795, 0.8520633012820513, 0.8521634615384616, 0.8641826923076923, 0.8627804487179487, 0.8654847756410257, 0.8608774038461539, 0.8687900641025641, 0.8495592948717948, 0.8518629807692307, 0.8740985576923077, 0.8756009615384616, 0.8685897435897436, 0.8799078525641025, 0.8804086538461539, 0.8703926282051282, 0.8791065705128205, 0.8827123397435898, 0.8833133012820513, 0.8872195512820513, 0.8792067307692307, 0.8805088141025641, 0.8825120192307693, 0.8793068910256411, 0.8888221153846154, 0.8844150641025641, 0.8848157051282052, 0.8803084935897436, 0.8881209935897436, 0.8913261217948718, 0.8940304487179487, 0.8924278846153846, 0.9011418269230769, 0.8968349358974359, 0.8940304487179487, 0.88671875, 0.89453125, 0.8935296474358975, 0.8852163461538461, 0.8949318910256411, 0.8956330128205128, 0.8946314102564102, 0.8933293269230769, 0.9014423076923077, 0.9004407051282052, 0.9019431089743589, 0.8935296474358975, 0.8957331730769231, 0.9016426282051282, 0.903145032051282, 0.9076522435897436, 0.9025440705128205, 0.9004407051282052, 0.8980368589743589, 0.8985376602564102, 0.913261217948718, 0.905448717948718, 0.9025440705128205, 0.9115584935897436, 0.9083533653846154, 0.9087540064102564, 0.9061498397435898, 0.9046474358974359, 0.9119591346153846, 0.9116586538461539, 0.9120592948717948, 0.9137620192307693, 0.9067508012820513, 0.9076522435897436, 0.8980368589743589, 0.9195713141025641, 0.913261217948718, 0.9169671474358975, 0.9181690705128205, 0.9088541666666666, 0.9142628205128205, 0.9028445512820513, 0.9118589743589743, 0.9126602564102564, 0.9122596153846154, 0.9175681089743589, 0.9167668269230769, 0.9164663461538461, 0.9153645833333334, 0.9181690705128205, 0.9269831730769231, 0.9199719551282052, 0.9193709935897436, 0.922676282051282],