{
    "testproblem": "quadratic_deep",
    "batch_size": 128,
    "num_epochs": 100,
    "random_seed": 42,
    "l2_reg": null,
    "optimizer_name": "AdaBoundOptimizer",
    "optimizer_hyperparams": {
        "learning_rate": 0.13826232179369854,
        "final_lr": 0.003458752914024413,
        "beta1": 0.713778471879828,
        "beta2": 0.9125364766720501,
        "gamma": 0.00013783237455007176,
        "epsilon": 1e-08,
        "amsbound": true,
        "use_locking": false
    },
    "training_params": {
        "lr_sched_epochs": [],
        "lr_sched_factors": []
    },
    "train_losses": [
        351.28062656947543,
        119.02819170270648,
        100.23406437465123,
        95.66441999162946,
        93.20170593261719,
        91.54589516775948,
        90.38450404575893,
        89.55788203648159,
        88.96253858293805,
        88.52235630580357,
        88.19012451171875,
        87.93392726353237,
        87.73217010498047,
        87.57007380894252,
        87.43734305245536,
        87.32675279889789,
        87.23313467843192,
        87.1527600969587,
        87.08288465227399,
        87.02148001534599,
        86.96699850899833,
        86.91825757707868,
        86.8743406023298,
        86.83451734270368,
        86.7982155936105,
        86.7649645124163,
        86.73286546979632,
        86.70233154296875,
        86.6755621773856,
        86.65323202950614,
        86.63098471505302,
        86.6070807320731,
        86.58124106270927,
        86.55731419154576,
        86.53532082693917,
        86.51456560407367,
        86.49395424979073,
        86.47341047014508,
        86.45328739711216,
        86.43367222377232,
        86.41434478759766,
        86.39646584647042,
        86.37926047188895,
        86.36243329729352,
        86.34599086216518,
        86.33072771344867,
        86.31589726039341,
        86.30112784249442,
        86.28672463553292,
        86.2746342250279,
        86.26408386230469,
        86.25398581368583,
        86.24295479910714,
        86.2313461303711,
        86.21944318498883,
        86.20706394740513,
        86.19376482282367,
        86.17944008963448,
        86.16257694789341,
        86.14434378487724,
        86.1253683907645,
        86.10591779436383,
        86.08568137032645,
        86.06442260742188,
        86.04228864397321,
        86.01963261195591,
        85.99557604108539,
        85.97076851981026,
        85.94588906424386,
        85.92111642020089,
        85.89620099748883,
        85.87152644566127,
        85.84739467075893,
        85.82376098632812,
        85.79904065813336,
        85.77420043945312,
        85.75012860979352,
        85.7270758492606,
        85.70509992327008,
        85.6841790335519,
        85.66416713169643,
        85.64499010358539,
        85.62661416190011,
        85.60915047781808,
        85.59256962367466,
        85.5768051147461,
        85.561767578125,
        85.54712677001953,
        85.53259604317802,
        85.51844242640904,
        85.50498308454242,
        85.4922866821289,
        85.48023986816406,
        85.46876852852958,
        85.45781925746373,
        85.4474618094308,
        85.43772234235492,
        85.42855943952289,
        85.41992732456752,
        85.41178458077567,
        85.4040996006557
    ],
    "valid_losses": [
        354.48441423688615,
        120.70015716552734,
        101.96184866768974,
        97.26773943219867,
        94.76843588692802,
        93.10083552769252,
        91.93365696498326,
        91.10253034319196,
        90.50294167654855,
        90.05959974016461,
        89.72483607700893,
        89.4665767124721,
        89.26317923409599,
        89.09978703090123,
        88.96607535226005,
        88.85476793561664,
        88.76065608433315,
        88.67998286655971,
        88.60996682303292,
        88.54854801722935,
        88.49415588378906,
        88.44558933803013,
        88.40191541399274,
        88.36239297049386,
        88.32642473493304,
        88.29353659493583,
        88.26158578055245,
        88.23080226353237,
        88.20347377232143,
        88.1800537109375,
        88.15699332101005,
        88.1321280343192,
        88.1062731061663,
        88.08216203962054,
        88.05949183872768,
        88.03765106201172,
        88.01613180977958,
        87.99492863246373,
        87.97422790527344,
        87.95409284319196,
        87.93432072230748,
        87.91578238351005,
        87.89784022739956,
        87.88026101248605,
        87.86319623674665,
        87.84718104771206,
        87.83153969900948,
        87.81561170305524,
        87.79950060163226,
        87.78506796700614,
        87.77183423723493,
        87.75910077776227,
        87.7458256312779,
        87.73230852399554,
        87.71869768415179,
        87.7049070085798,
        87.6904798235212,
        87.67550768171039,
        87.65956006731305,
        87.64306531633649,
        87.62627519880023,
        87.60920061383929,
        87.59152330671039,
        87.57318551199776,
        87.55440848214286,
        87.53551374162946,
        87.51566859654018,
        87.49541909354073,
        87.47537558419364,
        87.45569501604352,
        87.43603079659599,
        87.41668701171875,
        87.39795684814453,
        87.37983158656529,
        87.36100769042969,
        87.34225463867188,
        87.32426125662667,
        87.30722372872489,
        87.29119764055524,
        87.27614920479911,
        87.26197160993304,
        87.24864741734096,
        87.23617117745536,
        87.2244894845145,
        87.21352713448661,
        87.20324598039899,
        87.19359806605748,
        87.18442753383091,
        87.17543683733258,
        87.16684831891742,
        87.15883091517857,
        87.15139661516461,
        87.1444571358817,
        87.13795798165458,
        87.13192967006138,
        87.12634386335101,
        87.1211918422154,
        87.11644417898995,
        87.11205509730748,
        87.1079853602818,
        87.10422188895089
    ],