{
    "testproblem": "quadratic_deep",
    "batch_size": 128,
    "num_epochs": 100,
    "random_seed": 42,
    "l2_reg": null,
    "optimizer_name": "MomentumOptimizer",
    "optimizer_hyperparams": {
        "learning_rate": 0.0014742753159914664,
        "momentum": 0.9970795661528186,
        "use_locking": false,
        "use_nesterov": false
    },
    "training_params": {
        "lr_sched_epochs": null,
        "lr_sched_factors": null
    },
    "train_losses": [
        355.276114327567,
        144.0342276436942,
        249.8609837123326,
        246.45870099748885,
        152.02515738351005,
        260.3683864048549,
        172.7584729875837,
        190.2606462751116,
        225.43738664899553,
        159.0324249267578,
        224.5250200544085,
        173.30418831961495,
        215.97247532435827,
        164.01881626674108,
        230.0964072091239,
        146.8095703125,
        212.7224360874721,
        178.70385088239397,
        153.3464595249721,
        215.4693865094866,
        142.58061872209822,
        179.44593375069755,
        201.11177934919084,
        119.45654841831752,
        230.30072457449776,
        126.79476928710938,
        181.52701677594865,
        179.0653359549386,
        133.5491681780134,
        183.25008501325334,
        150.4327872140067,
        141.69281877790178,
        178.78836495535714,
        128.32930319649833,
        169.11975315638952,
        145.719730922154,
        154.5457044328962,
        144.931147984096,
        163.96896144321985,
        128.47496577671595,
        162.90902056012834,
        140.05545043945312,
        131.61192103794642,
        162.24768938337053,
        120.4471457345145,
        146.08034188406808,
        149.82381984165735,
        110.69989449637276,
        169.66091918945312,
        109.48087964739118,
        146.01166643415178,
        137.45717293875558,
        118.77799333844867,
        142.44806562151228,
        125.38707297188895,
        123.50453404017857,
        136.7086421421596,
        121.04319327218192,
        126.62189483642578,
        133.19753483363561,
        118.5676749093192,
        127.80995178222656,
        131.8362524850028,
        107.91646575927734,
        140.0654296875,
        109.12376512799945,
        121.41949026925224,
        127.56703077043805,
        105.33077566964286,
        128.39555140904017,
        113.83880070277623,
        112.46160125732422,
        125.41820962088448,
        108.01894814627511,
        118.08556256975446,
        117.96829986572266,
        108.1437759399414,
        116.75038800920758,
        114.61842237200055,
        105.0088860648019,
        119.39871651785714,
        106.58926391601562,
        108.91093989780971,
        117.45645359584263,
        100.7060775756836,
        115.59373256138393,
        109.23455483572823,
        101.11026327950614,
        117.86107090541294,
        99.28524998256138,
        107.82608032226562,
        111.34982299804688,
        96.3092793055943,
        113.97369602748326,
        99.83097076416016,
        104.25110299246651,
        108.53540366036552,
        98.40423583984375,
        106.90602220807757,
        102.96526772635323,
        100.77477373395648
    ],
    "valid_losses": [
        353.8127659388951,
        145.74928283691406,
        251.7600816999163,
        245.12945774623327,
        153.0574733189174,
        262.79222106933594,
        171.72673906598772,
        190.53052847726005,
        228.34171186174666,
        158.7084481375558,
        223.83697727748327,
        176.09371730259485,
        216.87266976492745,
        162.97013201032365,
        231.9672350202288,
        148.40182059151786,
        212.1644788469587,
        180.02272469656808,
        154.7968008858817,
        214.98992047991072,
        143.96371241978235,
        181.23656354631697,
        200.1766401018415,
        120.16290937151227,
        232.89294215611048,
        126.3180171421596,
        181.03548540387834,
        181.4490487234933,
        134.1011243547712,
        182.5595245361328,
        152.13568115234375,
        142.40422930036272,
        178.19714573451452,
        130.24730682373047,
        170.09226989746094,
        144.2725328717913,
        156.30392456054688,
        147.46481323242188,
        162.29212515694755,
        128.46243286132812,
        166.4395795549665,
        140.07196262904577,
        130.18900408063615,
        164.78455897739954,
        122.08660779680524,
        145.01909746442522,
        151.1884264264788,
        112.5626460484096,
        169.09732273646765,
        110.52000100272042,
        148.1370588030134,
        136.90122549874442,
        118.97461700439453,
        145.03684779575892,
        125.77256992885044,
        122.63568769182477,
        138.4067862374442,
        122.70567321777344,
        126.25796508789062,
        133.4822038922991,
        119.9001944405692,
        128.6600385393415,
        132.27096339634485,
        108.17123086111886,
        140.77059500558036,
        110.51465933663505,
        121.82168579101562,
        127.43042646135602,
        106.71012551443917,
        129.57598440987724,
        113.63498251778739,
        113.39341626848493,
        126.84530966622489,
        107.9356188092913,
        118.90421840122768,
        119.76359122140067,
        107.90567561558315,
        116.93812561035156,
        117.07703944614956,
        105.39859989711216,
        118.40934099469867,
        108.72378213065011,
        110.72106061662946,
        116.19621821812221,
        101.44375283377511,
        118.14822605678013,
        108.87429591587612,
        100.76243046351841,
        120.1062262398856,
        99.88675253731864,
        107.16597093854632,
        113.03591591971261,
        97.55165318080357,
        113.3077163696289,
        100.91893005371094,
        106.03008161272321,
        108.19665636335101,
        98.75387246268136,
        108.83404758998326,
        103.3628681727818,
        100.67379651750836
    ],