{
    "testproblem": "quadratic_deep",
    "batch_size": 128,
    "num_epochs": 100,
    "random_seed": 42,
    "l2_reg": null,
    "optimizer_name": "AMSGrad",
    "optimizer_hyperparams": {
        "learning_rate": 0.09158419467201012,
        "beta1": 0.5951595256317949,
        "beta2": 0.8965712612030133,
        "epsilon": 1e-08,
        "use_locking": false
    },
    "training_params": {
        "lr_sched_epochs": [
            1,
            2,
            3,
            4,
            5,
            6,
            7,
            8,
            9,
            10,
            11,
            12,
            13,
            14,
            15,
            16,
            17,
            18,
            19,
            20,
            21,
            22,
            23,
            24,
            25,
            26,
            27,
            28,
            29,
            30,
            31,
            32,
            33,
            34,
            35,
            36,
            37,
            38,
            39,
            40,
            41,
            42,
            43,
            44,
            45,
            46,
            47,
            48,
            49,
            50,
            51,
            52,
            53,
            54,
            55,
            56,
            57,
            58,
            59,
            60,
            61,
            62,
            63,
            64,
            65,
            66,
            67,
            68,
            69,
            70,
            71,
            72,
            73,
            74,
            75,
            76,
            77,
            78,
            79,
            80,
            81,
            82,
            83,
            84,
            85,
            86,
            87,
            88,
            89,
            90,
            91,
            92,
            93,
            94,
            95,
            96,
            97,
            98,
            99,
            100
        ],
        "lr_sched_factors": [
            0.9755282581475768,
            0.9045084971874737,
            0.7938926261462366,
            0.6545084971874737,
            0.5,
            0.34549150281252633,
            0.2061073738537635,
            0.09549150281252633,
            0.024471741852423234,
            1.0,
            0.9938441702975689,
            0.9755282581475768,
            0.9455032620941839,
            0.9045084971874737,
            0.8535533905932737,
            0.7938926261462366,
            0.7269952498697734,
            0.6545084971874737,
            0.5782172325201155,
            0.5,
            0.42178276747988447,
            0.34549150281252633,
            0.2730047501302266,
            0.2061073738537635,
            0.14644660940672627,
            0.09549150281252633,
            0.054496737905816106,
            0.024471741852423234,
            0.00615582970243117,
            1.0,
            0.998458666866564,
            0.9938441702975689,
            0.9861849601988383,
            0.9755282581475768,
            0.9619397662556434,
            0.9455032620941839,
            0.9263200821770461,
            0.9045084971874737,
            0.8802029828000155,
            0.8535533905932737,
            0.8247240241650917,
            0.7938926261462366,
            0.7612492823579744,
            0.7269952498697734,
            0.6913417161825449,
            0.6545084971874737,
            0.6167226819279528,
            0.5782172325201155,
            0.5392295478639225,
            0.5,
            0.4607704521360776,
            0.42178276747988447,
            0.38327731807204746,
            0.34549150281252633,
            0.30865828381745514,
            0.2730047501302266,
            0.2387507176420256,
            0.2061073738537635,
            0.17527597583490823,
            0.14644660940672627,
            0.11979701719998453,
            0.09549150281252633,
            0.07367991782295391,
            0.054496737905816106,
            0.03806023374435663,
            0.024471741852423234,
            0.013815039801161721,
            0.00615582970243117,
            0.001541333133436018,
            1.0,
            0.9996145181203615,
            0.998458666866564,
            0.9965342284774632,
            0.9938441702975689,
            0.9903926402016152,
            0.9861849601988383,
            0.9812276182268236,
            0.9755282581475768,
            0.9690956679612421,
            0.9619397662556434,
            0.9540715869125407,
            0.9455032620941839,
            0.9362480035363986,
            0.9263200821770461,
            0.9157348061512727,
            0.9045084971874737,
            0.8926584654403724,
            0.8802029828000155,
            0.8671612547178428,
            0.8535533905932737,
            0.839400372766471,
            0.8247240241650917,
            0.8095469746549171,
            0.7938926261462366,
            0.7777851165098011,
            0.7612492823579744,
            0.7443106207484775,
            0.7269952498697734,
            0.7093298687687141,
            0.6913417161825449
        ]
    },
    "train_losses": [
        355.276114327567,
        106.1642575945173,
        100.94118281773159,
        98.04672568184989,
        96.04256003243583,
        94.57842581612724,
        93.52261025565011,
        92.9128897530692,
        92.61109488351005,
        92.48240552629743,
        92.45049939836774,
        91.91289302280971,
        91.17961883544922,
        90.52275848388672,
        89.9990463256836,
        89.57645525251117,
        89.21817234584263,
        88.89261191231864,
        88.57576969691685,
        88.26344190325055,
        87.97799246651786,
        87.74710954938617,
        87.57786560058594,
        87.45872388567243,
        87.37600381033761,
        87.31977190290179,
        87.28296443394252,
        87.26037706647601,
        87.24800436837333,
        87.24256461007255,
        87.24119676862445,
        87.61374882289341,
        87.57622419084821,
        87.4393550327846,
        87.31228201729911,
        87.20014953613281,
        87.10054125104632,
        87.01103101457868,
        86.92976379394531,
        86.85428619384766,
        86.781736101423,
        86.70936584472656,
        86.63446480887276,
        86.55469512939453,
        86.46871076311383,
        86.37657601492745,
        86.28013065883091,
        86.18265969412667,
        86.08815547398159,
        86.00031171526227,
        85.9217049734933,
        85.85351017543248,
        85.79569244384766,
        85.74745069231305,
        85.70764814104352,
        85.67507607596261,
        85.64860098702567,
        85.62721579415458,
        85.61005510602679,
        85.5963886805943,
        85.58560725620815,
        85.57720729282924,
        85.5707517351423,
        85.56589072091239,
        85.56232561383929,
        85.55979810442243,
        85.55809456961495,
        85.55701991489956,
        85.55642373221261,
        85.55615670340401,
        85.55609021868024,
        86.07764434814453,
        86.17666952950614,
        86.15681457519531,
        86.13179343087333,
        86.10916791643415,
        86.08848026820591,
        86.06946345738002,
        86.05183628627232,
        86.03555515834263,
        86.0205546787807,
        86.00662340436664,
        85.99356188092914,
        85.98115539550781,
        85.96921975272042,
        85.95756421770368,
        85.9458977835519,
        85.93394034249442,
        85.92141287667411,
        85.90802110944476,
        85.8934805733817,
        85.87748391287667,
        85.85975755964007,
        85.8400388445173,
        85.81813703264508,
        85.79391915457589,
        85.76733943394252,
        85.73843819754464,
        85.70738220214844,
        85.67441776820591,
        85.63988930838448
    ],