{
    "testproblem": "quadratic_deep",
    "batch_size": 128,
    "num_epochs": 100,
    "random_seed": 42,
    "l2_reg": null,
    "optimizer_name": "MomentumOptimizer",
    "optimizer_hyperparams": {
        "learning_rate": 0.0011988322239499239,
        "momentum": 0.9077567409598803,
        "use_locking": false,
        "use_nesterov": false
    },
    "training_params": {
        "lr_sched_epochs": [
            1,
            2,
            3,
            4,
            5,
            6,
            7,
            8,
            9,
            10,
            11,
            12,
            13,
            14,
            15,
            16,
            17,
            18,
            19,
            20,
            21,
            22,
            23,
            24,
            25,
            26,
            27,
            28,
            29,
            30,
            31,
            32,
            33,
            34,
            35,
            36,
            37,
            38,
            39,
            40,
            41,
            42,
            43,
            44,
            45,
            46,
            47,
            48,
            49,
            50,
            51,
            52,
            53,
            54,
            55,
            56,
            57,
            58,
            59,
            60,
            61,
            62,
            63,
            64,
            65,
            66,
            67,
            68,
            69,
            70,
            71,
            72,
            73,
            74,
            75,
            76,
            77,
            78,
            79,
            80,
            81,
            82,
            83,
            84,
            85,
            86,
            87,
            88,
            89,
            90,
            91,
            92,
            93,
            94,
            95,
            96,
            97,
            98,
            99,
            100
        ],
        "lr_sched_factors": [
            0.9755282581475768,
            0.9045084971874737,
            0.7938926261462366,
            0.6545084971874737,
            0.5,
            0.34549150281252633,
            0.2061073738537635,
            0.09549150281252633,
            0.024471741852423234,
            1.0,
            0.9938441702975689,
            0.9755282581475768,
            0.9455032620941839,
            0.9045084971874737,
            0.8535533905932737,
            0.7938926261462366,
            0.7269952498697734,
            0.6545084971874737,
            0.5782172325201155,
            0.5,
            0.42178276747988447,
            0.34549150281252633,
            0.2730047501302266,
            0.2061073738537635,
            0.14644660940672627,
            0.09549150281252633,
            0.054496737905816106,
            0.024471741852423234,
            0.00615582970243117,
            1.0,
            0.998458666866564,
            0.9938441702975689,
            0.9861849601988383,
            0.9755282581475768,
            0.9619397662556434,
            0.9455032620941839,
            0.9263200821770461,
            0.9045084971874737,
            0.8802029828000155,
            0.8535533905932737,
            0.8247240241650917,
            0.7938926261462366,
            0.7612492823579744,
            0.7269952498697734,
            0.6913417161825449,
            0.6545084971874737,
            0.6167226819279528,
            0.5782172325201155,
            0.5392295478639225,
            0.5,
            0.4607704521360776,
            0.42178276747988447,
            0.38327731807204746,
            0.34549150281252633,
            0.30865828381745514,
            0.2730047501302266,
            0.2387507176420256,
            0.2061073738537635,
            0.17527597583490823,
            0.14644660940672627,
            0.11979701719998453,
            0.09549150281252633,
            0.07367991782295391,
            0.054496737905816106,
            0.03806023374435663,
            0.024471741852423234,
            0.013815039801161721,
            0.00615582970243117,
            0.001541333133436018,
            1.0,
            0.9996145181203615,
            0.998458666866564,
            0.9965342284774632,
            0.9938441702975689,
            0.9903926402016152,
            0.9861849601988383,
            0.9812276182268236,
            0.9755282581475768,
            0.9690956679612421,
            0.9619397662556434,
            0.9540715869125407,
            0.9455032620941839,
            0.9362480035363986,
            0.9263200821770461,
            0.9157348061512727,
            0.9045084971874737,
            0.8926584654403724,
            0.8802029828000155,
            0.8671612547178428,
            0.8535533905932737,
            0.839400372766471,
            0.8247240241650917,
            0.8095469746549171,
            0.7938926261462366,
            0.7777851165098011,
            0.7612492823579744,
            0.7443106207484775,
            0.7269952498697734,
            0.7093298687687141,
            0.6913417161825449
        ]
    },
    "train_losses": [
        355.276114327567,
        107.9920904976981,
        162.47466605050224,
        106.24887302943638,
        112.22693743024554,
        101.13020542689732,
        100.44443947928292,
        99.00362614222935,
        98.06200517926898,
        97.77496991838727,
        97.71547154017857,
        96.6701409476144,
        95.06488146100726,
        94.1194327218192,
        93.10397338867188,
        92.36046273367745,
        91.70471954345703,
        91.18508039202008,
        90.74407849993024,
        90.38652692522321,
        90.09702954973493,
        89.8644529070173,
        89.68052782331195,
        89.53725978306362,
        89.42869676862445,
        89.34950147356305,
        89.29468100411552,
        89.25960431780133,
        89.23984636579242,
        89.23104313441685,
        89.22883714948382,
        88.88355255126953,
        88.56788308279855,
        88.27839769635882,
        88.0188228062221,
        87.78851209368024,
        87.58333696637835,
        87.39982060023716,
        87.2364741734096,
        87.09123992919922,
        86.96168954031808,
        86.84590584891183,
        86.74250902448382,
        86.65016828264508,
        86.56760733468192,
        86.49374607631138,
        86.42770494733539,
        86.36867959158761,
        86.31596374511719,
        86.26893506731305,
        86.22703988211495,
        86.18980298723493,
        86.1567873273577,
        86.12762124197823,
        86.10194614955357,
        86.0794677734375,
        86.05989401681083,
        86.04297528948102,
        86.02847943987165,
        86.01618412562779,
        86.0058844430106,
        85.99739292689732,
        85.99051993233817,
        85.98509107317243,
        85.9809341430664,
        85.97787257603237,
        85.97574833461216,
        85.97438485281808,
        85.97361646379743,
        85.97327423095703,
        85.97318921770368,
        85.91961996895927,
        85.87068285260882,
        85.82064928327289,
        85.77422223772321,
        85.73238808768136,
        85.6932874407087,
        85.65595245361328,
        85.621337890625,
        85.58939797537667,
        85.5594722202846,
        85.53136117117745,
        85.50517163957868,
        85.48076738630023,
        85.45791625976562,
        85.43650490897042,
        85.41648537772042,
        85.39776175362724,
        85.38021523611886,
        85.36377389090401,
        85.3483636038644,
        85.33392224993024,
        85.32037571498326,
        85.30766078404018,
        85.29573277064732,
        85.28453499930245,
        85.27402060372489,
        85.26414489746094,
        85.25486973353794,
        85.24615151541573,
        85.23795972551618
    ],