{
    "testproblem": "quadratic_deep",
    "batch_size": 128,
    "num_epochs": 100,
    "random_seed": 42,
    "l2_reg": null,
    "optimizer_name": "RAdamOptimizer",
    "optimizer_hyperparams": {
        "learning_rate": 0.18709365688887344,
        "beta1": 0.9072140999283024,
        "beta2": 0.8012548513110896,
        "epsilon": 1e-07
    },
    "training_params": {
        "lr_sched_epochs": [
            1,
            2,
            3,
            4,
            5,
            6,
            7,
            8,
            9,
            10,
            11,
            12,
            13,
            14,
            15,
            16,
            17,
            18,
            19,
            20,
            21,
            22,
            23,
            24,
            25,
            26,
            27,
            28,
            29,
            30,
            31,
            32,
            33,
            34,
            35,
            36,
            37,
            38,
            39,
            40,
            41,
            42,
            43,
            44,
            45,
            46,
            47,
            48,
            49,
            50,
            51,
            52,
            53,
            54,
            55,
            56,
            57,
            58,
            59,
            60,
            61,
            62,
            63,
            64,
            65,
            66,
            67,
            68,
            69,
            70,
            71,
            72,
            73,
            74,
            75,
            76,
            77,
            78,
            79,
            80,
            81,
            82,
            83,
            84,
            85,
            86,
            87,
            88,
            89,
            90,
            91,
            92,
            93,
            94,
            95,
            96,
            97,
            98,
            99,
            100
        ],
        "lr_sched_factors": [
            0.1,
            0.2,
            0.3,
            0.4,
            0.5,
            0.6,
            0.7,
            0.8,
            0.9,
            1.0,
            1.0,
            1.0,
            1.0,
            1.0,
            1.0,
            1.0,
            1.0,
            1.0,
            1.0,
            1.0,
            1.0,
            1.0,
            1.0,
            1.0,
            1.0,
            1.0,
            1.0,
            1.0,
            1.0,
            1.0,
            1.0,
            1.0,
            1.0,
            1.0,
            1.0,
            1.0,
            1.0,
            1.0,
            1.0,
            1.0,
            1.0,
            1.0,
            1.0,
            1.0,
            1.0,
            1.0,
            1.0,
            1.0,
            1.0,
            1.0,
            1.0,
            1.0,
            1.0,
            1.0,
            1.0,
            1.0,
            1.0,
            1.0,
            1.0,
            1.0,
            1.0,
            1.0,
            1.0,
            1.0,
            1.0,
            1.0,
            1.0,
            1.0,
            1.0,
            1.0,
            1.0,
            1.0,
            1.0,
            1.0,
            1.0,
            1.0,
            1.0,
            1.0,
            1.0,
            1.0,
            1.0,
            1.0,
            1.0,
            1.0,
            1.0,
            1.0,
            1.0,
            1.0,
            1.0,
            1.0,
            0.9090909090909091,
            0.8181818181818181,
            0.7272727272727273,
            0.6363636363636364,
            0.5454545454545454,
            0.4545454545454546,
            0.36363636363636365,
            0.2727272727272727,
            0.18181818181818177,
            0.09090909090909094
        ]
    },
    "train_losses": [
        496.58851841517856,
        943387.3482142857,
        939124.2678571428,
        922978.9821428572,
        894313.25,
        854177.8660714285,
        803803.9910714285,
        744425.1517857143,
        677350.6875,
        604036.5,
        526058.9285714285,
        445137.1964285714,
        370447.2589285714,
        302215.7098214286,
        240625.65401785713,
        185839.7544642857,
        137863.84598214287,
        96816.54017857143,
        62968.049107142855,
        36432.607700892855,
        17452.20926339286,
        6650.294154575893,
        4671.440080915178,
        7283.099609375,
        6415.682268415178,
        4007.060477120536,
        2891.244803292411,
        3278.4786551339284,
        2688.5130440848216,
        2228.5078125,
        2146.7248883928573,
        1763.1603480747767,
        1615.3467843191963,
        1342.4036342075892,
        1176.5057373046875,
        984.4604753766741,
        821.5364903041294,
        688.4986136300223,
        561.2533830915179,
        458.9882114955357,
        373.0035705566406,
        304.0599931989397,
        250.3519069126674,
        211.75140162876673,
        180.1099897112165,
        154.73310198102678,
        136.11792319161552,
        122.71265520368304,
        113.63030569893974,
        108.23556191580636,
        103.5431398664202,
        99.37709372384208,
        97.41833060128349,
        97.19142586844308,
        95.3105228969029,
        94.35832868303571,
        93.79231916155133,
        94.06775447300502,
        93.8857650756836,
        92.31092725481305,
        92.06872449602399,
        92.76202501569476,
        92.85753086635044,
        92.90165710449219,
        91.6657464163644,
        92.1476069859096,
        92.31143297467914,
        91.77095140729632,
        92.11106327601841,
        92.06595938546317,
        92.06526729038784,
        91.52127075195312,
        91.8115964617048,
        91.48626708984375,
        92.59636906215123,
        91.20260947091239,
        91.36314937046596,
        92.59447588239398,
        92.15826307024274,
        91.33340454101562,
        91.78803471156529,
        91.5109143938337,
        91.36808340890067,
        91.66798945835659,
        91.27711377825055,
        92.335939679827,
        91.62218802315849,
        91.33088793073382,
        90.90572466169085,
        91.7387455531529,
        91.961183820452,
        92.37696620396206,
        90.69765799386161,
        90.37952750069755,
        91.26696123395648,
        90.66083744594029,
        90.46945408412388,
        90.45996638706752,
        90.25899941580636,
        90.20585523332868,
        90.064943586077
    ],