{
    "testproblem": "quadratic_deep",
    "batch_size": 128,
    "num_epochs": 100,
    "random_seed": 42,
    "l2_reg": null,
    "optimizer_name": "RAdamOptimizer",
    "optimizer_hyperparams": {
        "learning_rate": 0.018608209792033124,
        "beta1": 0.8315466097325398,
        "beta2": 0.8315881719241014,
        "epsilon": 1e-07
    },
    "training_params": {
        "lr_sched_epochs": [
            1,
            2,
            3,
            4,
            5,
            6,
            7,
            8,
            9,
            10,
            11,
            12,
            13,
            14,
            15,
            16,
            17,
            18,
            19,
            20,
            21,
            22,
            23,
            24,
            25,
            26,
            27,
            28,
            29,
            30,
            31,
            32,
            33,
            34,
            35,
            36,
            37,
            38,
            39,
            40,
            41,
            42,
            43,
            44,
            45,
            46,
            47,
            48,
            49,
            50,
            51,
            52,
            53,
            54,
            55,
            56,
            57,
            58,
            59,
            60,
            61,
            62,
            63,
            64,
            65,
            66,
            67,
            68,
            69,
            70,
            71,
            72,
            73,
            74,
            75,
            76,
            77,
            78,
            79,
            80,
            81,
            82,
            83,
            84,
            85,
            86,
            87,
            88,
            89,
            90,
            91,
            92,
            93,
            94,
            95,
            96,
            97,
            98,
            99,
            100
        ],
        "lr_sched_factors": [
            0.9755282581475768,
            0.9045084971874737,
            0.7938926261462366,
            0.6545084971874737,
            0.5,
            0.34549150281252633,
            0.2061073738537635,
            0.09549150281252633,
            0.024471741852423234,
            1.0,
            0.9938441702975689,
            0.9755282581475768,
            0.9455032620941839,
            0.9045084971874737,
            0.8535533905932737,
            0.7938926261462366,
            0.7269952498697734,
            0.6545084971874737,
            0.5782172325201155,
            0.5,
            0.42178276747988447,
            0.34549150281252633,
            0.2730047501302266,
            0.2061073738537635,
            0.14644660940672627,
            0.09549150281252633,
            0.054496737905816106,
            0.024471741852423234,
            0.00615582970243117,
            1.0,
            0.998458666866564,
            0.9938441702975689,
            0.9861849601988383,
            0.9755282581475768,
            0.9619397662556434,
            0.9455032620941839,
            0.9263200821770461,
            0.9045084971874737,
            0.8802029828000155,
            0.8535533905932737,
            0.8247240241650917,
            0.7938926261462366,
            0.7612492823579744,
            0.7269952498697734,
            0.6913417161825449,
            0.6545084971874737,
            0.6167226819279528,
            0.5782172325201155,
            0.5392295478639225,
            0.5,
            0.4607704521360776,
            0.42178276747988447,
            0.38327731807204746,
            0.34549150281252633,
            0.30865828381745514,
            0.2730047501302266,
            0.2387507176420256,
            0.2061073738537635,
            0.17527597583490823,
            0.14644660940672627,
            0.11979701719998453,
            0.09549150281252633,
            0.07367991782295391,
            0.054496737905816106,
            0.03806023374435663,
            0.024471741852423234,
            0.013815039801161721,
            0.00615582970243117,
            0.001541333133436018,
            1.0,
            0.9996145181203615,
            0.998458666866564,
            0.9965342284774632,
            0.9938441702975689,
            0.9903926402016152,
            0.9861849601988383,
            0.9812276182268236,
            0.9755282581475768,
            0.9690956679612421,
            0.9619397662556434,
            0.9540715869125407,
            0.9455032620941839,
            0.9362480035363986,
            0.9263200821770461,
            0.9157348061512727,
            0.9045084971874737,
            0.8926584654403724,
            0.8802029828000155,
            0.8671612547178428,
            0.8535533905932737,
            0.839400372766471,
            0.8247240241650917,
            0.8095469746549171,
            0.7938926261462366,
            0.7777851165098011,
            0.7612492823579744,
            0.7443106207484775,
            0.7269952498697734,
            0.7093298687687141,
            0.6913417161825449
        ]
    },
    "train_losses": [
        355.276114327567,
        111.77459825788226,
        104.14515250069755,
        101.72144753592355,
        100.23226710728237,
        98.61086164202008,
        97.4971455165318,
        96.7249036516462,
        96.28099605015346,
        96.07758440290179,
        96.02576228550502,
        94.13740539550781,
        92.57452828543526,
        91.3187975202288,
        90.32218388148716,
        89.53141566685268,
        88.91569301060268,
        88.43182809012276,
        88.05433981759208,
        87.75877816336495,
        87.52738625662667,
        87.34699467250279,
        87.20721980503627,
        87.10032762799945,
        87.02029854910714,
        86.96227482386998,
        86.92222159249442,
        86.89659772600446,
        86.88213457380023,
        86.87566702706474,
        86.87404087611607,
        86.69810921805245,
        86.46523066929409,
        86.31854684012276,
        86.17567552839007,
        86.05692182268415,
        85.95569392613002,
        85.86429595947266,
        85.78748430524554,
        85.71776907784599,
        85.65790557861328,
        85.60421316964286,
        85.55713980538505,
        85.51526859828404,
        85.47815050397601,
        85.44519805908203,
        85.41589028494698,
        85.38985661097935,
        85.36671774727958,
        85.34616306849888,
        85.32793971470424,
        85.31180790492466,
        85.29755510602679,
        85.28500366210938,
        85.2739977155413,
        85.26439012799945,
        85.25604901994977,
        85.24886104038784,
        85.24271719796317,
        85.23752158028739,
        85.23317391531808,
        85.22960226876395,
        85.22671835763114,
        85.2244382585798,
        85.22269875662667,
        85.22141592843192,
        85.22052764892578,
        85.21995435442243,
        85.21963391985211,
        85.21948678152901,
        85.21945190429688,
        85.26526750837054,
        85.1936787196568,
        85.1968263898577,
        85.17381722586495,
        85.16205596923828,
        85.15053013392857,
        85.13751220703125,
        85.12851824079242,
        85.11754608154297,
        85.109372820173,
        85.10043334960938,
        85.09298597063336,
        85.08554077148438,
        85.07888684953961,
        85.07252393450055,
        85.06663513183594,
        85.06109728131976,
        85.05590711321149,
        85.05102866036552,
        85.04643794468471,
        85.04211316789899,
        85.03803471156529,
        85.03418295724052,
        85.03054591587612,
        85.027099609375,
        85.02383858816964,
        85.02074759347099,
        85.017820085798,
        85.01504189627511,
        85.01240866524833
    ],