{
    "testproblem": "quadratic_deep",
    "batch_size": 128,
    "num_epochs": 100,
    "random_seed": 42,
    "l2_reg": null,
    "optimizer_name": "NadamOptimizer",
    "optimizer_hyperparams": {
        "learning_rate": 0.006672367170464204,
        "beta1": 0.8609944236929847,
        "beta2": 0.8363008337692329,
        "epsilon": 1e-07
    },
    "training_params": {
        "lr_sched_epochs": [],
        "lr_sched_factors": []
    },
    "train_losses": [
        190.55392456054688,
        154.97997392926897,
        134.06297956194197,
        119.94612339564732,
        111.5676040649414,
        107.67447335379464,
        106.18165697370257,
        105.0599136352539,
        103.76478249686105,
        102.48084803989956,
        101.24093082972935,
        100.05276271275112,
        98.92445700509208,
        97.85909380231585,
        96.85506984165737,
        95.91019766671317,
        95.0224118913923,
        94.18935285295758,
        93.40866088867188,
        92.67804609026227,
        91.9951902117048,
        91.3577412196568,
        90.76333509172711,
        90.20962415422711,
        89.69430868966239,
        89.2151107788086,
        88.76981462751117,
        88.35625893729073,
        87.97235325404576,
        87.6160910470145,
        87.2855453491211,
        86.9788796561105,
        86.69435446602958,
        86.43031855991909,
        86.1852308000837,
        85.95763506208148,
        85.74617985316685,
        85.54960305350167,
        85.36673082624164,
        85.19647870744977,
        85.03786141531808,
        84.8899427141462,
        84.75188446044922,
        84.62291172572544,
        84.50231606619698,
        84.38944244384766,
        84.28369467599052,
        84.18453325544085,
        84.09145682198661,
        84.00401524135044,
        83.92178344726562,
        83.84438977922711,
        83.77147783551898,
        83.7027348109654,
        83.63786206926618,
        83.57659585135323,
        83.51868547712054,
        83.46390969412667,
        83.41204942975726,
        83.36292702811105,
        83.3163593837193,
        83.27217755998883,
        83.23023550851005,
        83.19039699009487,
        83.15252794538226,
        83.11650739397321,
        83.08223288399833,
        83.04959106445312,
        83.01849365234375,
        82.98885127476284,
        82.96057564871651,
        82.93359266008649,
        82.90783037458148,
        82.88322230747768,
        82.85970524379185,
        82.83721814836774,
        82.81570979527065,
        82.79512132917132,
        82.7754146030971,
        82.75653621128627,
        82.73844800676618,
        82.72110748291016,
        82.70447540283203,
        82.68852233886719,
        82.67321123395648,
        82.65851048060826,
        82.64438847133091,
        82.63082231794085,
        82.61778368268695,
        82.60524640764508,
        82.5931865147182,
        82.58158329554966,
        82.57041604178292,
        82.55966404506138,
        82.54930659702846,
        82.53932843889508,
        82.52971758161273,
        82.52044568743024,
        82.51150839669364,
        82.50288500104632,
        82.49456678118024
    ],
    "valid_losses": [
        192.92198399135046,
        157.75687517438615,
        137.12623814174108,
        123.22599792480469,
        114.9878681727818,
        111.16873495919364,
        109.68417685372489,
        108.52518027169364,
        107.20699855259487,
        105.92561667306083,
        104.69344656808036,
        103.5039781842913,
        102.3674087524414,
        101.29496220179966,
        100.28685542515346,
        99.33853040422711,
        98.44678061349052,
        97.60958644321987,
        96.82488359723773,
        96.0903810773577,
        95.40373120989118,
        94.76260375976562,
        94.16463361467633,
        93.60747310093471,
        93.0888170514788,
        92.60640498570034,
        92.15801674979073,
        91.74149213518415,
        91.35474177769252,
        90.99575478690011,
        90.66259656633649,
        90.35343497140067,
        90.06652178083148,
        89.80020468575614,
        89.55293273925781,
        89.32325635637555,
        89.10980442592076,
        88.91132463727679,
        88.72662789481026,
        88.55464172363281,
        88.3943590436663,
        88.24485451834542,
        88.10528237479073,
        87.97486223493304,
        87.85287911551339,
        87.73868887765067,
        87.63168225969586,
        87.53131757463727,
        87.43709673200335,
        87.3485576084682,
        87.2652827671596,
        87.1868918282645,
        87.11303383963448,
        87.04338073730469,
        86.97764260428292,
        86.91555568150112,
        86.85685729980469,
        86.80133492606026,
        86.74876185825893,
        86.69895935058594,
        86.65173666817802,
        86.60693795340401,
        86.5644062587193,
        86.52400534493583,
        86.48560115269252,
        86.44906943184989,
        86.414304460798,
        86.3812016078404,
        86.34966169084821,
        86.31959642682757,
        86.2909186226981,
        86.26355307442802,
        86.23742348807198,
        86.21246664864677,
        86.18861716134208,
        86.16581290108817,
        86.14400264195034,
        86.12312861851284,
        86.10314505440849,
        86.08400617327008,
        86.06566837855748,
        86.04809134347099,
        86.03123583112445,
        86.01506587437221,
        85.99954986572266,
        85.98465074811664,
        85.97034672328404,
        85.95659964425224,
        85.94339316231864,
        85.93069349016461,
        85.9184810093471,
        85.90673392159599,
        85.89542715890067,
        85.88454328264508,
        85.87406267438617,
        85.8639657156808,
        85.85423932756696,
        85.84486280168805,
        85.83582523890904,
        85.82710702078683,
        85.81869724818638
    ],