{"testproblem": "mnist_mlp", "batch_size": 128, "num_epochs": 100, "random_seed": 42, "weight_decay": null, "optimizer_name": "SGD", "optimizer_hyperparams": {"lr": 0.00015848931924611142}, "train_losses": [2.3034798334806394, 2.302976559369992, 2.302463329755343, 2.302261856886057, 2.3019031347372594, 2.3014082389000134, 2.3009284123396263, 2.3007469177246094, 2.3002991615197597, 2.2999806893177523, 2.2994243181668796, 2.299195717542599, 2.298921912144392, 2.298241975979927, 2.2981225007619615, 2.2976918465051894, 2.297014979215769, 2.2968522768754225, 2.296376891625233, 2.2960758820558205, 2.2954954581382947, 2.295292475284674, 2.2945391000845494, 2.294489771891863, 2.2938521122321105, 2.293416075217418, 2.2926861353409596, 2.292520128763639, 2.292146826401735, 2.2917126447726517, 2.2909370477382955, 2.2905952074588876, 2.290366652684334, 2.2893669177324343, 2.288880372658754, 2.2881279450196486, 2.2879539086268497, 2.287519986812885, 2.286481093137692, 2.285884875517625, 2.285162326617119, 2.285109764490372, 2.2843023508022995, 2.283519689853375, 2.2830790403561716, 2.2824054742470765, 2.2812470075411673, 2.2802612628692236, 2.2800064117480545, 2.279207232670906, 2.278843357012822, 2.2775893669862013, 2.276324064303667, 2.2754948414289036, 2.2747062628085795, 2.272685711200421, 2.272464550458468, 2.271217859708346, 2.2710692515740027, 2.2694010734558105, 2.268048353684254, 2.2670910480694895, 2.2657379309336343, 2.264967624957745, 2.2627632465118017, 2.261692117422055, 2.260603999480223, 2.258858491212894, 2.2567249811612644, 2.2556931850237723, 2.255410264699887, 2.2523455191881228, 2.250187195264376, 2.248617594058697, 2.247030019760132, 2.24389356527573, 2.2426905754284983, 2.2401395516517835, 2.2387750821235852, 2.2359634179335375, 2.2328123282163572, 2.231831587277926, 2.229990317271306, 2.226591978317652, 2.222191501886417, 2.220104679083213, 2.216925214498471, 2.2144066523282957, 2.2089774027848854, 2.2037953321750345, 2.201006067104829, 2.199526860163762, 2.194914982869075, 2.1925664987319555, 2.186762831149957, 2.184182659173623, 2.17939145442767, 2.172771154305874, 2.165337724563403, 2.1630898805765004, 2.157609468851334], "test_losses": [2.3034419279832106, 2.303051927150824, 2.3026627882933006, 2.3022740376301303, 2.3018853786664133, 2.3014966952495084, 2.3011075991850634, 2.3007178765076857, 2.3003265949395986, 2.299933733084263, 2.2995390525230994, 2.299141825773777, 2.298742514390212, 2.298340470362932, 2.2979357212017746, 2.2975274324417114, 2.2971159464273696, 2.2967002055583854, 2.296280115078657, 2.2958554885326286, 2.295425601494618, 2.2949899098812003, 2.294548138594016, 2.2941003487660336, 2.2936461369196572, 2.293184702212994, 2.2927153691267357, 2.292238174340664, 2.2917521550105167, 2.291256904602051, 2.2907520288076157, 2.290236705388778, 2.289710601170858, 2.2891729519917416, 2.2886232840709195, 2.2880610074752417, 2.2874859296358547, 2.28689684623327, 2.28629325903379, 2.2856735541270328, 2.285037798759265, 2.284385161522107, 2.2837144442093678, 2.2830250538312473, 2.2823163821147037, 2.2815869679817786, 2.2808363835016885, 2.2800641029309006, 2.279268591831892, 2.278448924040183, 2.2776033786626964, 2.2767315185987034, 2.27583193167662, 2.2749033096509104, 2.2739444848818655, 2.272954204143622, 2.271931150020697, 2.270874029550797, 2.269781910456144, 2.26865204786643, 2.267484059700599, 2.2662757635116577, 2.2650246834143615, 2.2637296456557054, 2.2623885442049074, 2.2609990682357397, 2.2595588243924656, 2.2580653642996764, 2.2565165696999965, 2.254910334562644, 2.25324298785283, 2.2515118091534347, 2.2497144906948776, 2.247847489821605, 2.245907704035441, 2.243892636054601, 2.2417969489708924, 2.239617647268833, 2.2373505433400473, 2.234992809784718, 2.2325386298008456, 2.2299832564133863, 2.2273227068094106, 2.2245539793601403, 2.2216691940258713, 2.2186634082060595, 2.2155320797211084, 2.212269220596705, 2.2088702061237435, 2.2053278440084214, 2.2016369043252406, 2.1977875568927865, 2.193776567776998, 2.1895944399711413, 2.1852370439431605, 2.1806972790987063, 2.1759668802603698, 2.171036708049285, 2.1659035804944162, 2.1605606996096096, 2.154997694186675], "train_accuracies": [0.08543669871794872, 0.08383413461538461, 0.08643830128205128, 0.08673878205128205, 0.08844150641025642, 0.09334935897435898, 0.09635416666666667, 0.10767227564102565, 0.12590144230769232, 0.1427283653846154, 0.16907051282051283, 0.19290865384615385, 0.20272435897435898, 0.21754807692307693, 0.23477564102564102, 0.24308894230769232, 0.258213141025641, 0.269931891025641, 0.27754407051282054, 0.2861578525641026, 0.296474358974359, 0.2993790064102564, 0.3141025641025641, 0.31039663461538464, 0.32111378205128205, 0.32892628205128205, 0.3359375, 0.3347355769230769, 0.33613782051282054, 0.3378405448717949, 0.3499599358974359, 0.35096153846153844, 0.3490584935897436, 0.35787259615384615, 0.3607772435897436, 0.36147836538461536, 0.36608573717948717, 0.3668870192307692, 0.3762019230769231, 0.37560096153846156, 0.3786057692307692, 0.37159455128205127, 0.37670272435897434, 0.37670272435897434, 0.37289663461538464, 0.37740384615384615, 0.3858173076923077, 0.3890224358974359, 0.3831129807692308, 0.38621794871794873, 0.3796073717948718, 0.3874198717948718, 0.39172676282051283, 0.3899238782051282, 0.3915264423076923, 0.40174278846153844, 0.3890224358974359, 0.3987379807692308, 0.3851161858974359, 0.39122596153846156, 0.3916266025641026, 0.38651842948717946, 0.38691907051282054, 0.3819110576923077, 0.3860176282051282, 0.38461538461538464, 0.38822115384615385, 0.38842147435897434, 0.38952323717948717, 0.38501602564102566, 0.3805088141025641, 0.37970753205128205, 0.3818108974358974, 0.3779046474358974, 0.3740985576923077, 0.378505608974359, 0.3730969551282051, 0.37329727564102566, 0.36768830128205127, 0.37059294871794873, 0.37089342948717946, 0.36408253205128205, 0.36157852564102566, 0.3542668269230769, 0.3646834935897436, 0.3573717948717949, 0.35997596153846156, 0.34975961538461536, 0.3525641025641026, 0.3618790064102564, 0.35166266025641024, 0.35136217948717946, 0.3462540064102564, 0.3515625, 0.34785657051282054, 0.3407451923076923, 0.3473557692307692, 0.34935897435897434, 0.3488581730769231, 0.34825721153846156, 0.34915865384615385],