{"testproblem": "mnist_mlp", "batch_size": 128, "num_epochs": 100, "random_seed": 43, "weight_decay": null, "optimizer_name": "SGD", "optimizer_hyperparams": {"lr": 0.01584893192461114}, "train_losses": [2.3020726503470006, 2.1125501210872946, 0.6730472155106373, 0.4487117651181343, 0.34415814528862637, 0.32761827665261734, 0.28891902474256664, 0.273883479145857, 0.23167557250230741, 0.23319790789332145, 0.18538820447447973, 0.18855560303498536, 0.16806948309143385, 0.15441536612044543, 0.1411229291309913, 0.1268367130213823, 0.12155248095782903, 0.11412463747920135, 0.10522417776668683, 0.09795315415622333, 0.0935183712400687, 0.08719559883077939, 0.08263998067913911, 0.0778227412643341, 0.0759713816910218, 0.07114170792584236, 0.07104320728626007, 0.06357218554386726, 0.059250229253218725, 0.05234006477090029, 0.05739351994811724, 0.05132860752443472, 0.047682453567783036, 0.04435718909670145, 0.04534343102325996, 0.04472270166167082, 0.045459796698429644, 0.03944305562151548, 0.033771828891566165, 0.035787301926085584, 0.035907646211294025, 0.03156667097638815, 0.030378431726533633, 0.027067023353316844, 0.029678964103834752, 0.0244968686109552, 0.021737936693124283, 0.021059031025148355, 0.022370280626301583, 0.02088390775502492, 0.018966976027840223, 0.02014499733176751, 0.01757886829093481, 0.015845697922393296, 0.016238071860220187, 0.016409290452989247, 0.016013368510473996, 0.014873491074794378, 0.01276448992295907, 0.010679787597977199, 0.01290523506796513, 0.010735137435870293, 0.01091565036525329, 0.012177746408642868, 0.011485747801951872, 0.00861125327169131, 0.00961202669602174, 0.009177741236411609, 0.009161849052478105, 0.0071365119746098155, 0.0074006342448485205, 0.008327016511406654, 0.007377739804677474, 0.007776657191033547, 0.006787755144521212, 0.005891955720308499, 0.006323586432979657, 0.005567627027630806, 0.005982446746948438, 0.005260169410552734, 0.005374426881854351, 0.004687781827763105, 0.004330703320029454, 0.004683620893420317, 0.004377859429671214, 0.004465461111603639, 0.003945137350223003, 0.003519747406244278, 0.004084961775403757, 0.003922283697204712, 0.0036099057358044842, 0.0037041642726996006, 0.0034165763511107517, 0.003194263634773401, 0.002821162916146792, 0.0032156587411195803, 0.0030140626506927684, 0.0028256789231911683, 0.0026235730411150516, 0.002446507175381367, 0.002510589810136037], "test_losses": [2.3019866729393983, 2.105836966098883, 0.6571712635266476, 0.4257176304474855, 0.35224489566798395, 0.3121555464533277, 0.28420011326670647, 0.26030183712450355, 0.2385997474193573, 0.21967560148391968, 0.19690157401447111, 0.186071256080117, 0.17001224992175898, 0.1583307465681663, 0.1474671576363154, 0.1423807045779167, 0.13217127724335745, 0.1284325200204666, 0.123687199006478, 0.11591065598604007, 0.11213233087880489, 0.10793244045896408, 0.10309760879056576, 0.1044946627643628, 0.10056517134683254, 0.09563876437739684, 0.09264101878477213, 0.09661517213456906, 0.08952595200389624, 0.08982723356726077, 0.08620322514802982, 0.08588176311399692, 0.08362950859830165, 0.08211793824552725, 0.08166664951027204, 0.07973611142295293, 0.07980445633905056, 0.08086648452071807, 0.0777148484515074, 0.07774513374823026, 0.0830296471189612, 0.07835979279703818, 0.07652696537283751, 0.07492530173980273, 0.0764362172772869, 0.07382657132947291, 0.07399572503681366, 0.07418146698425214, 0.07310372180281541, 0.07444274513862836, 0.0739662798646933, 0.07318341481284453, 0.07456575233775836, 0.07331995255289933, 0.07380417669908358, 0.07257881803581348, 0.07385931928188373, 0.07454974581606877, 0.07375158154620574, 0.07385264494671272, 0.07341395285076056, 0.07344691997441725, 0.07469135150313377, 0.07407755103821938, 0.07381705347544108, 0.07567745368354596, 0.07433005037884681, 0.07456941444140214, 0.07546855454357007, 0.07435309729323937, 0.07660140006397015, 0.07680834244745664, 0.07681891057067193, 0.07717333280314238, 0.07685921749529931, 0.07670703389419195, 0.07628368137356563, 0.07752072393225554, 0.07738621315608422, 0.07827065529254003, 0.07824878912801161, 0.07793816890663062, 0.07806624278712732, 0.07881516667130666, 0.07880204206762406, 0.08017605855965461, 0.07968282527648486, 0.07948036776043665, 0.0796649627483044, 0.08004423214170413, 0.07949674050681867, 0.0800618610989589, 0.0807075155660128, 0.08077522789916167, 0.08137711844383141, 0.08072921585960266, 0.08037387756391978, 0.0816227759545048, 0.08141669091314842, 0.08206643701459353, 0.08145954249761043], "train_accuracies": [0.07622195512820513, 0.43800080128205127, 0.8069911858974359, 0.8730969551282052, 0.9011418269230769, 0.905448717948718, 0.913261217948718, 0.9208733974358975, 0.9359975961538461, 0.9351963141025641, 0.9475160256410257, 0.9463141025641025, 0.9530248397435898, 0.9560296474358975, 0.9575320512820513, 0.9639423076923077, 0.9657451923076923, 0.9650440705128205, 0.9705528846153846, 0.9737580128205128, 0.9724559294871795, 0.9743589743589743, 0.9772636217948718, 0.9780649038461539, 0.9767628205128205, 0.9799679487179487, 0.9806690705128205, 0.9837740384615384, 0.9839743589743589, 0.9855769230769231, 0.9842748397435898, 0.9865785256410257, 0.9876802884615384, 0.9888822115384616, 0.9887820512820513, 0.9873798076923077, 0.9876802884615384, 0.9904847756410257, 0.9917868589743589, 0.9906850961538461, 0.9909855769230769, 0.9933894230769231, 0.9919871794871795, 0.9943910256410257, 0.9933894230769231, 0.9951923076923077, 0.9965945512820513, 0.9966947115384616, 0.9959935897435898, 0.9955929487179487, 0.9970953525641025, 0.9958934294871795, 0.9969951923076923, 0.9973958333333334, 0.9971955128205128, 0.9974959935897436, 0.9974959935897436, 0.9981971153846154, 0.9982972756410257, 0.9990985576923077, 0.9987980769230769, 0.9987980769230769, 0.9990985576923077, 0.9984975961538461, 0.9985977564102564, 0.9996995192307693, 0.9989983974358975, 0.999198717948718, 0.9993990384615384, 0.9993990384615384, 0.9992988782051282, 0.9992988782051282, 0.9990985576923077, 0.9993990384615384, 0.9997996794871795, 0.9995993589743589, 0.9996995192307693, 0.9998998397435898, 0.9995993589743589, 0.9995993589743589, 0.9994991987179487, 0.9996995192307693, 0.9997996794871795, 0.9998998397435898, 0.9997996794871795, 0.9998998397435898, 1.0, 0.9998998397435898, 0.9997996794871795, 1.0, 0.9998998397435898, 1.0, 1.0, 1.0, 0.9998998397435898, 0.9997996794871795, 0.9998998397435898, 1.0, 1.0, 1.0, 1.0],