{"testproblem": "mnist_mlp", "batch_size": 128, "num_epochs": 100, "random_seed": 46, "weight_decay": null, "optimizer_name": "SGD", "optimizer_hyperparams": {"lr": 0.01584893192461114}, "train_losses": [2.302543493417593, 2.180249953881288, 0.7493550257805066, 0.4582920892116351, 0.37510728950683886, 0.3412203309245599, 0.3029008137109952, 0.2607082848747571, 0.2498801844433332, 0.21606667769642976, 0.19334643668471238, 0.18177534143129984, 0.1641862432544048, 0.1516039191912382, 0.1385258795836797, 0.137104438426785, 0.12114748124701855, 0.11224145394487259, 0.11180913467437793, 0.10780791212350894, 0.10157961532091483, 0.09434873453126504, 0.0810914921741455, 0.08211681824655105, 0.07870749790125932, 0.06721286103129387, 0.06989655999514537, 0.0715209627762819, 0.06548998373536727, 0.06439490313044725, 0.05350398021535231, 0.05285292152219858, 0.05203806838163963, 0.047468326484354645, 0.04936997293948363, 0.044680297613526, 0.0455550028441044, 0.04123320165448464, 0.03527568791730282, 0.035092831207200505, 0.030080444967517488, 0.03269602941014828, 0.031073994839038603, 0.02866215913150555, 0.029809477285314828, 0.023283278044217672, 0.02672703244174138, 0.02520290946062559, 0.020960113773934353, 0.02172970117475742, 0.02324550023350196, 0.016293810011866767, 0.021120007317035627, 0.017325318705003995, 0.01614217424335388, 0.014074622104183221, 0.014467375496259103, 0.015348358437992059, 0.012354897263531502, 0.012590742574479336, 0.01110030261751933, 0.010055173522768876, 0.009711043765911689, 0.009996334711710611, 0.009834049842678584, 0.008367582534750303, 0.00909552314820198, 0.007993516870416127, 0.008616244109968344, 0.007742709933947294, 0.00782889543244472, 0.006174601709995515, 0.006815108398978527, 0.007159056141972542, 0.007344120468657751, 0.005930797602885809, 0.006743174810440113, 0.0050192690955904815, 0.004855192529085355, 0.005458306377896896, 0.005340975207778124, 0.004338127202712572, 0.0048477552258051355, 0.004571843605775099, 0.004538287002688799, 0.003902731511073235, 0.004631958878002105, 0.00386367251093571, 0.003908348819002127, 0.003899895800993993, 0.003436987550976949, 0.0033164968570837607, 0.0032465589734224174, 0.0034122335223051217, 0.0026675607913579694, 0.003086099687677163, 0.002948927000547067, 0.0031911497696852074, 0.0027295370610096515, 0.0027684328647760246, 0.0027276523506794222], "test_losses": [2.3024891890012302, 2.1767705648373337, 0.7243552643519181, 0.4381542513385797, 0.3606311654528746, 0.3224398146550625, 0.2942602119098107, 0.26297686143945426, 0.24182030057104734, 0.21584806056358877, 0.19714263988993105, 0.18342451832424372, 0.16938977530942514, 0.15622475198828256, 0.1480580418346784, 0.1410959304238741, 0.13382464919525844, 0.1319610268737261, 0.12205523730088504, 0.11787846646247765, 0.11544747058397685, 0.11031882197428973, 0.10466858009115243, 0.1021480695463908, 0.10334391528979325, 0.09776917568001992, 0.09549597545694082, 0.09457270777187286, 0.09286535777247105, 0.09045379002315876, 0.08674386721581985, 0.08709184187822618, 0.08810845452050368, 0.08547745208041026, 0.08226131521260892, 0.08169187146883744, 0.08039665828721645, 0.0800120757940488, 0.07940382548631766, 0.0770699069238244, 0.0768073862657333, 0.07708170276899369, 0.07561977403477216, 0.07497125443739769, 0.07489530219194981, 0.07405712744459891, 0.0745989833600246, 0.07496752322484286, 0.07387757215362328, 0.0748289182352332, 0.07379859067404117, 0.07355011641406096, 0.07513374486603798, 0.07269548223568843, 0.07245100717036387, 0.07239617884923251, 0.07238137239638047, 0.07259004844877964, 0.07245886841645607, 0.07216387941764715, 0.07267502802782334, 0.07244642107532574, 0.07310667751022638, 0.07315689373092774, 0.0733037545130803, 0.07381905030268125, 0.07464895385484664, 0.07391299388538568, 0.07336739020851943, 0.07407102733850479, 0.07414868278190112, 0.07511585934135394, 0.07554321511624715, 0.07525435118721081, 0.07571910097239873, 0.07469628555461383, 0.07557456935636508, 0.07566959506426102, 0.0765691394559466, 0.07638382701537548, 0.0764468856728994, 0.0769086509751968, 0.07718917918510926, 0.07747662396958241, 0.077873000731835, 0.07692199391432297, 0.07795610966590735, 0.07791476233456379, 0.07865332105220893, 0.07827318741534, 0.07953339700515454, 0.07894453888711257, 0.07903749132767701, 0.07933196492302112, 0.07989640032442716, 0.08013032214381756, 0.07992351489762466, 0.07967624307060853, 0.08007485142503029, 0.0801437865369595, 0.0813014101332579], "train_accuracies": [0.10977564102564102, 0.4619391025641026, 0.7945713141025641, 0.8680889423076923, 0.8965344551282052, 0.9076522435897436, 0.9126602564102564, 0.9271834935897436, 0.92578125, 0.9396033653846154, 0.9449118589743589, 0.9499198717948718, 0.9536258012820513, 0.9587339743589743, 0.9586338141025641, 0.9609375, 0.9637419871794872, 0.9663461538461539, 0.9670472756410257, 0.9700520833333334, 0.9724559294871795, 0.9721554487179487, 0.9765625, 0.9754607371794872, 0.9759615384615384, 0.9815705128205128, 0.9788661858974359, 0.981270032051282, 0.9846754807692307, 0.9819711538461539, 0.9845753205128205, 0.9845753205128205, 0.9861778846153846, 0.9878806089743589, 0.9893830128205128, 0.9887820512820513, 0.9888822115384616, 0.9904847756410257, 0.9920873397435898, 0.9923878205128205, 0.9931891025641025, 0.9922876602564102, 0.9940905448717948, 0.9934895833333334, 0.9940905448717948, 0.995292467948718, 0.9937900641025641, 0.9953926282051282, 0.9965945512820513, 0.9959935897435898, 0.9953926282051282, 0.9971955128205128, 0.9955929487179487, 0.9969951923076923, 0.9977964743589743, 0.9974959935897436, 0.9981971153846154, 0.9980969551282052, 0.9980969551282052, 0.9986979166666666, 0.9987980769230769, 0.9989983974358975, 0.9990985576923077, 0.9992988782051282, 0.9988982371794872, 0.9993990384615384, 0.9988982371794872, 0.9995993589743589, 0.9993990384615384, 0.9996995192307693, 0.999198717948718, 0.9996995192307693, 0.9995993589743589, 0.9993990384615384, 0.999198717948718, 0.9996995192307693, 0.9993990384615384, 0.9998998397435898, 0.9998998397435898, 0.9995993589743589, 0.9996995192307693, 0.9998998397435898, 0.9998998397435898, 0.9997996794871795, 0.9998998397435898, 0.9998998397435898, 0.9996995192307693, 0.9998998397435898, 1.0, 0.9997996794871795, 1.0, 0.9998998397435898, 1.0, 0.9997996794871795, 1.0, 0.9998998397435898, 1.0, 1.0, 1.0, 1.0, 1.0],