{
    "testproblem": "quadratic_deep",
    "batch_size": 128,
    "num_epochs": 100,
    "random_seed": 42,
    "l2_reg": null,
    "optimizer_name": "AdagradOptimizer",
    "optimizer_hyperparams": {
        "learning_rate": 0.00030771802712506853,
        "initial_accumulator_value": 0.1,
        "use_locking": false
    },
    "training_params": {
        "lr_sched_epochs": [],
        "lr_sched_factors": []
    },
    "train_losses": [
        356.6972961425781,
        355.21741158621654,
        354.4350019182478,
        353.8296377999442,
        353.31802804129467,
        352.866934640067,
        352.45910208565846,
        352.0841282435826,
        351.73526872907365,
        351.4077627999442,
        351.0981706891741,
        350.80389404296875,
        350.5228794642857,
        350.2535313197545,
        349.9945155552455,
        349.74475533621654,
        349.50333077566967,
        349.26951381138394,
        349.0426112583705,
        348.8220432826451,
        348.6073434012277,
        348.39805385044644,
        348.193838936942,
        347.99427577427457,
        347.7991725376674,
        347.6081804547991,
        347.4210859026228,
        347.2376491001674,
        347.05770002092635,
        346.88102068219865,
        346.7074410574777,
        346.5367911202567,
        346.3690098353795,
        346.2038879394531,
        346.04132080078125,
        345.88120814732144,
        345.72344970703125,
        345.56795392717635,
        345.4146292550223,
        345.2633274623326,
        345.1140572684152,
        344.96671404157365,
        344.82120186941967,
        344.677481515067,
        344.5355137416295,
        344.3951982770647,
        344.25648280552457,
        344.1193324497768,
        343.9837123325893,
        343.8495614188058,
        343.71680995396207,
        343.58543613978793,
        343.45538330078125,
        343.32664271763394,
        343.19915771484375,
        343.0729021344866,
        342.94785853794644,
        342.8239484514509,
        342.70118931361606,
        342.57950265066967,
        342.4589059012277,
        342.339364188058,
        342.22084263392856,
        342.10330636160717,
        341.98675537109375,
        341.8711504255022,
        341.75648280552457,
        341.6427263532366,
        341.5298418317522,
        341.4178379603795,
        341.3066667829241,
        341.19632829938615,
        341.0868137904576,
        340.9781014578683,
        340.8701695033482,
        340.7630048479353,
        340.6565464564732,
        340.5508771623884,
        340.4459010532924,
        340.3416268484933,
        340.2380632672991,
        340.13517107282365,
        340.03295462472096,
        339.93138340541293,
        339.83046177455356,
        339.7301592145647,
        339.63047572544644,
        339.5314156668527,
        339.43294416155135,
        339.3350917271205,
        339.23779732840404,
        339.14110020228793,
        339.04493495396207,
        338.9493495396205,
        338.8542785644531,
        338.7597220284598,
        338.6657278878348,
        338.57223074776783,
        338.479248046875,
        338.3867841448103,
        338.29479544503346
    ],
    "valid_losses": [
        359.7167445591518,
        358.2335902622768,
        357.4493190220424,
        356.8425074986049,
        356.32967703683033,
        355.8775416782924,
        355.46875,
        355.09289986746654,
        354.7431945800781,
        354.41492135184154,
        354.1045924595424,
        353.8096226283482,
        353.52794974190846,
        353.2579563685826,
        352.99832589285717,
        352.74798583984375,
        352.5059814453125,
        352.2716064453125,
        352.0441458565848,
        351.8230678013393,
        351.60784912109375,
        351.3980800083705,
        351.193359375,
        350.9933515276228,
        350.79776436941967,
        350.6063145228795,
        350.4187534877232,
        350.23490251813615,
        350.0545000348772,
        349.8773890904018,
        349.7033909388951,
        349.5323399135045,
        349.3641575404576,
        349.1986345563616,
        349.0356750488281,
        348.8751874651228,
        348.71703665597096,
        348.5611877441406,
        348.40745762416293,
        348.2558332170759,
        348.1061793736049,
        347.9584742954799,
        347.81260899135043,
        347.66854422433033,
        347.5262233189174,
        347.3855765206473,
        347.2465166364397,
        347.10902622767856,
        346.9730922154018,
        346.8386012486049,
        346.70553152901783,
        346.57383946010043,
        346.4434596470424,
        346.3144008091518,
        346.1866237095424,
        346.06007603236606,
        345.9347011021205,
        345.8104989188058,
        345.6874302455357,
        345.5654558454241,
        345.444571358817,
        345.32472446986606,
        345.2059064592634,
        345.0880824497768,
        344.9712480817522,
        344.85535975864957,
        344.7404131208147,
        344.62637765066967,
        344.5132141113281,
        344.40091814313615,
        344.2894853864397,
        344.1788766043527,
        344.069091796875,
        343.9601091657366,
        343.8519025530134,
        343.74446759905135,
        343.6377607073103,
        343.5318167550223,
        343.42660086495533,
        343.32205636160717,
        343.21824863978793,
        343.1151035853795,
        343.0126255580357,
        342.91080147879467,
        342.8096226283482,
        342.7090846470424,
        342.60914829799106,
        342.5098397391183,
        342.4111328125,
        342.3130362374442,
        342.2155020577567,
        342.11854335239957,
        342.0221470424107,
        341.9263174874442,
        341.8310023716518,
        341.7362278529576,
        341.64198085239957,
        341.5482657296317,
        341.45506068638394,
        341.3623570033482,
        341.2701328822545
    ],