{
    "testproblem": "quadratic_deep",
    "batch_size": 128,
    "num_epochs": 100,
    "random_seed": 42,
    "l2_reg": null,
    "optimizer_name": "AMSGrad",
    "optimizer_hyperparams": {
        "learning_rate": 0.011805751063505818,
        "beta1": 0.9193528228680418,
        "beta2": 0.8562644600889898,
        "epsilon": 1e-08,
        "use_locking": false
    },
    "training_params": {
        "lr_sched_epochs": null,
        "lr_sched_factors": null
    },
    "train_losses": [
        355.276114327567,
        266.17921665736606,
        198.36404854910714,
        153.92563956124442,
        128.27078356061662,
        114.82699040004185,
        108.45759037562779,
        105.73335266113281,
        104.6206556047712,
        104.07796478271484,
        103.6651382446289,
        103.24379403250558,
        102.79825374058315,
        102.34783390590123,
        101.91167449951172,
        101.49953242710659,
        101.11307198660714,
        100.74986703055245,
        100.40642438616071,
        100.0796628679548,
        99.76725551060268,
        99.46759469168526,
        99.17955235072544,
        98.90235246930804,
        98.63536507742745,
        98.37805829729352,
        98.12992531912667,
        97.89049203055245,
        97.65931701660156,
        97.43597957066127,
        97.22008187430245,
        97.0112555367606,
        96.80914960588727,
        96.61343492780414,
        96.42381286621094,
        96.23999350411552,
        96.06171199253627,
        95.88870239257812,
        95.72073582240513,
        95.55757904052734,
        95.39902605329242,
        95.244875226702,
        95.09493800571987,
        94.94903455461774,
        94.80699593680245,
        94.66866629464286,
        94.53389195033482,
        94.40253339494977,
        94.27444784981864,
        94.14951869419643,
        94.02761404854911,
        93.90862819126674,
        93.79244777134487,
        93.67896924700055,
        93.56809452601841,
        93.45972987583706,
        93.35378592354911,
        93.25017874581474,
        93.14883095877511,
        93.04965645926339,
        92.95259203229632,
        92.85755811418805,
        92.76449911934989,
        92.67334420340401,
        92.5840334211077,
        92.4965079171317,
        92.41071428571429,
        92.32660130092076,
        92.24411119733539,
        92.16320037841797,
        92.08382197788784,
        92.00592694963727,
        91.92947932652065,
        91.85443006243024,
        91.78074537004743,
        91.70838710239956,
        91.63731711251395,
        91.56749834333148,
        91.49889591761998,
        91.43148476736886,
        91.36522347586495,
        91.30009133475167,
        91.23605128696987,
        91.17308589390346,
        91.11116027832031,
        91.0502428327288,
        90.99031502859933,
        90.93135397774833,
        90.8733378819057,
        90.81624058314732,
        90.76003810337612,
        90.70471300397601,
        90.6502434866769,
        90.59661320277623,
        90.54379272460938,
        90.4917744227818,
        90.44053431919643,
        90.39006042480469,
        90.34033203125,
        90.29132625034877,
        90.2430398123605
    ],
    "valid_losses": [
        353.8127659388951,
        265.41055079868863,
        198.1728057861328,
        154.12714494977678,
        128.68922969273157,
        115.34560721261161,
        109.01664624895368,
        106.31255776541573,
        105.21893528529576,
        104.6985092163086,
        104.30760955810547,
        103.90322440011161,
        103.46731458391461,
        103.01947348458427,
        102.58072008405414,
        102.1631338936942,
        101.77044568743024,
        101.4016342163086,
        101.05393763950893,
        100.7244142804827,
        100.4105246407645,
        100.11027090890067,
        99.82217952183315,
        99.54517691476005,
        99.27847834995815,
        99.02147456577846,
        98.77365330287388,
        98.5345480782645,
        98.30370984758649,
        98.08070809500558,
        97.8651362827846,
        97.65661076136998,
        97.4547838483538,
        97.25933837890625,
        97.0699702671596,
        96.88640812465123,
        96.70838383265904,
        96.53563908168248,
        96.36793954031808,
        96.2050530569894,
        96.04676709856305,
        95.89288439069476,
        95.74321746826172,
        95.5975843157087,
        95.45582253592355,
        95.31776864188058,
        95.1832765851702,
        95.0521981375558,
        94.92440032958984,
        94.79975346156529,
        94.67814309256417,
        94.55944388253349,
        94.4435566493443,
        94.33036695207868,
        94.21978432791573,
        94.11171395438058,
        94.00606427873883,
        93.90274919782367,
        93.80169677734375,
        93.70281982421875,
        93.6060551234654,
        93.51132093157086,
        93.41855948311942,
        93.32770211356026,
        93.23868996756417,
        93.15146854945591,
        93.06597573416573,
        92.98215811593192,
        92.89997318812779,
        92.81936318533761,
        92.74028778076172,
        92.66269247872489,
        92.5865456717355,
        92.51180267333984,
        92.43841988699776,
        92.36636461530414,
        92.29559544154576,
        92.22607748849052,
        92.15778023856026,
        92.09066990443638,
        92.02470942905971,
        91.95987810407367,
        91.89614432198661,
        91.83347429547992,
        91.77184513636998,
        91.7112317766462,
        91.65160587855748,
        91.59295000348773,
        91.5352314540318,
        91.47843170166016,
        91.42252676827567,
        91.36750139508929,
        91.3133294241769,
        91.25999341692243,
        91.20747375488281,
        91.15574863978794,
        91.1048082624163,
        91.05462428501674,
        91.00518907819476,
        90.95647866385323,
        90.90848650251117
    ],