{
    "testproblem": "quadratic_deep",
    "batch_size": 128,
    "num_epochs": 100,
    "random_seed": 49,
    "l2_reg": null,
    "optimizer_name": "LookaheadOptimizerMBGDMomentum",
    "optimizer_hyperparams": {
        "learning_rate": 0.002023778954048507,
        "momentum": 0.9808673160454735,
        "use_nesterov": false,
        "k": 8,
        "alpha": 0.2388555817868857,
        "use_locking": false
    },
    "training_params": {
        "lr_sched_epochs": [
            1,
            2,
            3,
            4,
            5,
            6,
            7,
            8,
            9,
            10,
            11,
            12,
            13,
            14,
            15,
            16,
            17,
            18,
            19,
            20,
            21,
            22,
            23,
            24,
            25,
            26,
            27,
            28,
            29,
            30,
            31,
            32,
            33,
            34,
            35,
            36,
            37,
            38,
            39,
            40,
            41,
            42,
            43,
            44,
            45,
            46,
            47,
            48,
            49,
            50,
            51,
            52,
            53,
            54,
            55,
            56,
            57,
            58,
            59,
            60,
            61,
            62,
            63,
            64,
            65,
            66,
            67,
            68,
            69,
            70,
            71,
            72,
            73,
            74,
            75,
            76,
            77,
            78,
            79,
            80,
            81,
            82,
            83,
            84,
            85,
            86,
            87,
            88,
            89,
            90,
            91,
            92,
            93,
            94,
            95,
            96,
            97,
            98,
            99,
            100
        ],
        "lr_sched_factors": [
            0.1,
            0.2,
            0.3,
            0.4,
            0.5,
            0.6,
            0.7,
            0.8,
            0.9,
            1.0,
            1.0,
            1.0,
            1.0,
            1.0,
            1.0,
            1.0,
            1.0,
            1.0,
            1.0,
            1.0,
            1.0,
            1.0,
            1.0,
            1.0,
            1.0,
            1.0,
            1.0,
            1.0,
            1.0,
            1.0,
            1.0,
            1.0,
            1.0,
            1.0,
            1.0,
            1.0,
            1.0,
            1.0,
            1.0,
            1.0,
            1.0,
            1.0,
            1.0,
            1.0,
            1.0,
            1.0,
            1.0,
            1.0,
            1.0,
            1.0,
            1.0,
            1.0,
            1.0,
            1.0,
            1.0,
            1.0,
            1.0,
            1.0,
            1.0,
            1.0,
            1.0,
            1.0,
            1.0,
            1.0,
            1.0,
            1.0,
            1.0,
            1.0,
            1.0,
            1.0,
            1.0,
            1.0,
            1.0,
            1.0,
            1.0,
            1.0,
            1.0,
            1.0,
            1.0,
            1.0,
            1.0,
            1.0,
            1.0,
            1.0,
            1.0,
            1.0,
            1.0,
            1.0,
            1.0,
            1.0,
            0.9090909090909091,
            0.8181818181818181,
            0.7272727272727273,
            0.6363636363636364,
            0.5454545454545454,
            0.4545454545454546,
            0.36363636363636365,
            0.2727272727272727,
            0.18181818181818177,
            0.09090909090909094
        ]
    },
    "train_losses": [
        353.03431919642856,
        142.03278459821428,
        161.0894492013114,
        107.35144914899554,
        114.9385986328125,
        117.84940992082868,
        111.53248923165458,
        108.75769369942802,
        104.15965924944196,
        99.92507607596261,
        94.61489977155414,
        92.66817583356585,
        92.08709062848773,
        91.52842167445591,
        91.01545715332031,
        90.56032126290458,
        87.56825147356305,
        87.44449506487165,
        87.24993787493024,
        87.1334228515625,
        87.05037035260882,
        86.9241191319057,
        86.80457305908203,
        86.72406768798828,
        86.36162676130023,
        86.30492074148995,
        86.17323521205357,
        86.11672537667411,
        86.09193529401507,
        86.02269199916294,
        85.95741707938058,
        85.92756870814732,
        85.77858189174107,
        85.7491945539202,
        85.6420669555664,
        85.60746220179966,
        85.6019766671317,
        85.54970441545758,
        85.49941689627511,
        85.48297228131976,
        85.44965144566127,
        85.44633265904018,
        85.3608867100307,
        85.34481593540737,
        85.355470929827,
        85.31751360212054,
        85.2804445539202,
        85.27649797712054,
        85.34625462123326,
        85.34955487932477,
        85.26990073067802,
        85.25912039620536,
        85.27469090053013,
        85.24126870291573,
        85.20855276925224,
        85.2087871006557,
        85.30710819789341,
        85.3113534109933,
        85.23269762311664,
        85.22295270647321,
        85.23954119001117,
        85.20709773472377,
        85.17532457624164,
        85.17646244594029,
        85.28118351527623,
        85.28615134102958,
        85.20816584995815,
        85.19904327392578,
        85.21620287214007,
        85.18430982317243,
        85.15305437360492,
        85.15468488420758,
        85.26384735107422,
        85.26927185058594,
        85.19170270647321,
        85.18295615059989,
        85.20046125139508,
        85.16891152518136,
        85.1379863194057,
        85.13993726457868,
        85.25198582240513,
        85.25763593401227,
        85.18026842389789,
        85.17171696254185,
        85.18940843854632,
        85.15805053710938,
        85.12730952671596,
        85.12944575718471,
        85.24319675990513,
        85.24897984095982,
        85.17174421037946,
        85.16331590924945,
        85.1714848109654,
        85.13667951311383,
        85.11891719273159,
        85.12046160016742,
        85.18140411376953,
        85.17813764299665,
        85.14064679827008,
        85.12486921037946,
        85.11547415597099
    ],