{
    "testproblem": "quadratic_deep",
    "batch_size": 128,
    "num_epochs": 100,
    "random_seed": 42,
    "l2_reg": null,
    "optimizer_name": "NadamOptimizer",
    "optimizer_hyperparams": {
        "learning_rate": 0.0002701255772543907,
        "beta1": 0.511030322666091,
        "beta2": 0.9214982448635333,
        "epsilon": 1e-07
    },
    "training_params": {
        "lr_sched_epochs": [],
        "lr_sched_factors": []
    },
    "train_losses": [
        190.55392456054688,
        189.1020246233259,
        187.81703622000558,
        186.54711260114397,
        185.29059055873327,
        184.04676600864954,
        182.8150896344866,
        181.5951429094587,
        180.38660975864954,
        179.18929835728235,
        178.00304521833147,
        176.82776968819755,
        175.6634020124163,
        174.5098658970424,
        173.3671373639788,
        172.23521423339844,
        171.1140398297991,
        170.00360761369978,
        168.90392194475447,
        167.81494358607702,
        166.73665291922433,
        165.66906084333147,
        164.61213030133928,
        163.5658460344587,
        162.53020586286272,
        161.50519016810827,
        160.4907706124442,
        159.4869341169085,
        158.49366978236608,
        157.5109645298549,
        156.53877694266183,
        155.57711356026786,
        154.6259264264788,
        153.6852264404297,
        152.7549569266183,
        151.8351287841797,
        150.9257071358817,
        150.02666582380022,
        149.13799394880022,
        148.2596718924386,
        147.39165823800224,
        146.53395298549108,
        145.68654305594308,
        144.8493935721261,
        144.02247619628906,
        143.2057887486049,
        142.39930943080358,
        141.6030055454799,
        140.81688363211495,
        140.04090009416853,
        139.2750527518136,
        138.51932852608817,
        137.77369689941406,
        137.03813825334822,
        136.31263950892858,
        135.59717668805803,
        134.89173017229353,
        134.196284702846,
        133.5108130318778,
        132.8352999005999,
        132.1697049822126,
        131.51403154645647,
        130.86824471609933,
        130.23231288364954,
        129.60621752057756,
        128.98993137904577,
        128.38343484061105,
        127.78668648856026,
        127.19966997419085,
        126.6223634992327,
        126.05472128731864,
        125.49671282087054,
        124.9483152117048,
        124.40948268345424,
        123.88018144880023,
        123.36037227085659,
        122.8500235421317,
        122.34908948625836,
        121.85751778738839,
        121.37527247837612,
        120.90230342320034,
        120.43855503627232,
        119.98397282191685,
        119.5385011945452,
        119.10208347865513,
        118.67465318952289,
        118.2561525617327,
        117.8465085710798,
        117.44566563197544,
        117.05354745047433,
        116.67008318219867,
        116.29520416259766,
        115.9288351876395,
        115.57090650285993,
        115.22133091517857,
        114.88004738943917,
        114.5469502040318,
        114.22197832380023,
        113.90504673549107,
        113.59605516706195,
        113.29492514474052
    ],
    "valid_losses": [
        192.92198399135046,
        191.48512268066406,
        190.21357073102678,
        188.95703996930803,
        187.71384756905692,
        186.48328944614954,
        185.26480974469865,
        184.0580073765346,
        182.86256626674108,
        181.67828587123327,
        180.50502450125558,
        179.34268842424666,
        178.19120570591517,
        177.05049569266183,
        175.9205562046596,
        174.80135454450334,
        173.6928492954799,
        172.5950426374163,
        171.50789969308036,
        170.43141174316406,
        169.3655504499163,
        168.31030491420202,
        167.2656707763672,
        166.23160661969865,
        165.20811680385046,
        164.1951664515904,
        163.19274248395647,
        162.2008296421596,
        161.21939086914062,
        160.2484370640346,
        159.2879159109933,
        158.33783176967077,
        157.3981432233538,
        156.46883719308036,
        155.54988752092635,
        154.64127240862166,
        153.74297441755022,
        152.85496303013392,
        151.9772208077567,
        151.10973249162947,
        150.25248064313615,
        149.4054194859096,
        148.56854901994978,
        147.74185398646765,
        146.92529950823103,
        146.1188703264509,
        145.3225577218192,
        144.53632463727678,
        143.76017543247767,
        142.9940643310547,
        142.2379869733538,
        141.49193028041296,
        140.75587899344308,
        140.02979605538505,
        139.31366838727678,
        138.60748073032923,
        137.91120256696428,
        137.2248251778739,
        136.54830932617188,
        135.88164520263672,
        135.2248055594308,
        134.57776096888952,
        133.94049835205078,
        133.312983921596,
        132.69520241873605,
        132.08711460658483,
        131.48870413643974,
        130.89994158063615,
        130.32078770228796,
        129.75123596191406,
        129.19124276297433,
        128.64077758789062,
        128.0998033796038,
        127.56830269949776,
        127.04622759137835,
        126.53353881835938,
        126.03021240234375,
        125.53620038713727,
        125.0514635358538,
        124.57594735281808,
        124.109619140625,
        123.65242549351284,
        123.20431627546039,
        122.7652348109654,
        122.33512006487165,
        121.91391863141742,
        121.50157492501395,
        121.09801919119698,
        120.70318821498326,
        120.31701769147601,
        119.93943132672992,
        119.57037353515625,
        119.20975821358817,
        118.85752432686942,
        118.51358577183315,
        118.17787824358258,
        117.85030255998883,
        117.53079877580915,
        117.21927424839565,
        116.9156472342355,
        116.61981855119977
    ],