{
    "testproblem": "quadratic_deep",
    "batch_size": 128,
    "num_epochs": 100,
    "random_seed": 42,
    "l2_reg": null,
    "optimizer_name": "LookaheadOptimizerMBGDMomentum",
    "optimizer_hyperparams": {
        "learning_rate": 0.0007477591721434687,
        "momentum": 0.01776355330710272,
        "use_nesterov": false,
        "k": 11,
        "alpha": 0.001983261969386812,
        "use_locking": false
    },
    "training_params": {
        "lr_sched_epochs": [],
        "lr_sched_factors": []
    },
    "train_losses": [
        329.5888192313058,
        257.6097499302455,
        301.76735142299106,
        231.24847630092077,
        267.1751011439732,
        314.68927001953125,
        239.09538051060267,
        277.48307146344865,
        328.35953194754467,
        247.44378444126673,
        288.7575465611049,
        327.8702697753906,
        247.1470227922712,
        288.3626273018973,
        327.3821759905134,
        246.85027204241072,
        287.96864536830356,
        326.8952418736049,
        246.55421229771204,
        287.57559640066967,
        326.40948486328125,
        246.25885009765625,
        287.18348475864957,
        325.9248526436942,
        245.96419198172433,
        286.79229736328125,
        325.4413844517299,
        245.67020743233817,
        286.40201677594865,
        324.9590584891183,
        245.3769269670759,
        286.0126691545759,
        324.4778747558594,
        245.0843244280134,
        285.62423270089283,
        323.99781581333707,
        244.79241071428572,
        285.2367030552455,
        323.51892525809154,
        244.50118800571985,
        284.85009765625,
        323.04114205496654,
        244.21062360491072,
        284.46441650390625,
        322.5645228794643,
        243.9207763671875,
        284.0796334402902,
        322.0890197753906,
        243.63160269601005,
        283.6957746233259,
        321.61464146205356,
        243.34310477120536,
        283.3128226143973,
        321.14139665876115,
        243.0552738734654,
        282.9307599748884,
        320.66929408482144,
        242.76813616071428,
        282.5496128627232,
        320.1982945033482,
        242.4816676548549,
        282.1693594796317,
        319.72840663364957,
        242.19586835588728,
        281.7900085449219,
        319.2596217564174,
        241.9107404436384,
        281.41153826032365,
        318.7919660295759,
        241.62627737862724,
        281.03397042410717,
        318.32542201450894,
        241.34248788016183,
        280.6573006766183,
        317.8599853515625,
        241.05935886928015,
        280.28152901785717,
        317.39564732142856,
        240.77688598632812,
        279.9066162109375,
        316.93241228376115,
        240.49507795061385,
        279.53259713309154,
        316.47027587890625,
        240.21394566127233,
        279.15946306501115,
        316.0092293875558,
        239.93348475864954,
        278.7872227260045,
        315.5492902483259,
        239.65365600585938,
        278.4158455984933,
        315.09041922433033,
        239.3744855608259,
        278.0453404017857,
        314.63267299107144,
        239.09598868233817,
        277.6757332938058,
        314.1759817940848,
        238.81813049316406,
        277.30698939732144
    ],
    "valid_losses": [
        332.54834420340404,
        259.2257864815848,
        304.24005126953125,
        232.2984401157924,
        268.9796404157366,
        317.39115251813615,
        240.31957135881697,
        279.4933820452009,
        331.29845755440846,
        248.84927368164062,
        290.9906267438616,
        330.8009948730469,
        248.54624502999442,
        290.58841378348217,
        330.30472237723217,
        248.24327305385046,
        290.1871425083705,
        329.80960954938615,
        247.94098336356026,
        289.7868390764509,
        329.31566946847096,
        247.63941955566406,
        289.387459891183,
        328.82289341517856,
        247.33854457310267,
        288.989022391183,
        328.33128138950894,
        247.03836277553015,
        288.5915004185268,
        327.84081595284596,
        246.73890032087053,
        288.1949201311384,
        327.3515058244978,
        246.44011579241072,
        287.7992597307478,
        326.8633466448103,
        246.14202008928572,
        287.40452793666293,
        326.37633841378346,
        245.8446306501116,
        287.0107116699219,
        325.8904724121094,
        245.54791695731026,
        286.61783708844865,
        325.40575735909596,
        245.25192042759485,
        286.22586931501115,
        324.9221888950893,
        244.95659746442522,
        285.83485194614957,
        324.43975830078125,
        244.66195242745536,
        285.4447108677455,
        323.95845685686385,
        244.36800711495536,
        285.0555114746094,
        323.4782976422991,
        244.07474626813615,
        284.66719709123885,
        322.99927193777904,
        243.78216552734375,
        284.27980259486606,
        322.52136666434154,
        243.4902627127511,
        283.89332362583707,
        322.0445818219866,
        243.19904000418526,
        283.5077383858817,
        321.5689174107143,
        242.90848868233817,
        283.12306431361606,
        321.0943821498326,
        242.61861964634485,
        282.7393014090402,
        320.62095860072543,
        242.3294176374163,
        282.35641043526783,
        320.1486554827009,
        242.04088265555245,
        281.9744219098772,
        319.6774640764509,
        241.7530234200614,
        281.5933314732143,
        319.20738002232144,
        241.46583993094308,
        281.213126046317,
        318.7383946010045,
        241.1793256487165,
        280.8338187081473,
        318.270516531808,
        240.8934609549386,
        280.45540509905135,
        317.80374581473217,
        240.60826764787947,
        280.07786778041293,
        317.3380650111607,
        240.3237566266741,
        279.7012241908482,
        316.87347412109375,
        240.0398908342634,
        279.325448172433
    ],