{
    "testproblem": "quadratic_deep",
    "batch_size": 128,
    "num_epochs": 100,
    "random_seed": 51,
    "l2_reg": null,
    "optimizer_name": "AdaBeliefOptimizer",
    "optimizer_hyperparams": {
        "learning_rate": 0.001,
        "beta1": 0.9,
        "beta2": 0.999,
        "epsilon": 1e-14
    },
    "training_params": {
        "lr_sched_epochs": [
            1,
            2,
            3,
            4,
            5,
            6,
            7,
            8,
            9,
            10,
            11,
            12,
            13,
            14,
            15,
            16,
            17,
            18,
            19,
            20,
            21,
            22,
            23,
            24,
            25,
            26,
            27,
            28,
            29,
            30,
            31,
            32,
            33,
            34,
            35,
            36,
            37,
            38,
            39,
            40,
            41,
            42,
            43,
            44,
            45,
            46,
            47,
            48,
            49,
            50,
            51,
            52,
            53,
            54,
            55,
            56,
            57,
            58,
            59,
            60,
            61,
            62,
            63,
            64,
            65,
            66,
            67,
            68,
            69,
            70,
            71,
            72,
            73,
            74,
            75,
            76,
            77,
            78,
            79,
            80,
            81,
            82,
            83,
            84,
            85,
            86,
            87,
            88,
            89,
            90,
            91,
            92,
            93,
            94,
            95,
            96,
            97,
            98,
            99,
            100
        ],
        "lr_sched_factors": [
            0.9755282581475768,
            0.9045084971874737,
            0.7938926261462366,
            0.6545084971874737,
            0.5,
            0.34549150281252633,
            0.2061073738537635,
            0.09549150281252633,
            0.024471741852423234,
            1.0,
            0.9938441702975689,
            0.9755282581475768,
            0.9455032620941839,
            0.9045084971874737,
            0.8535533905932737,
            0.7938926261462366,
            0.7269952498697734,
            0.6545084971874737,
            0.5782172325201155,
            0.5,
            0.42178276747988447,
            0.34549150281252633,
            0.2730047501302266,
            0.2061073738537635,
            0.14644660940672627,
            0.09549150281252633,
            0.054496737905816106,
            0.024471741852423234,
            0.00615582970243117,
            1.0,
            0.998458666866564,
            0.9938441702975689,
            0.9861849601988383,
            0.9755282581475768,
            0.9619397662556434,
            0.9455032620941839,
            0.9263200821770461,
            0.9045084971874737,
            0.8802029828000155,
            0.8535533905932737,
            0.8247240241650917,
            0.7938926261462366,
            0.7612492823579744,
            0.7269952498697734,
            0.6913417161825449,
            0.6545084971874737,
            0.6167226819279528,
            0.5782172325201155,
            0.5392295478639225,
            0.5,
            0.4607704521360776,
            0.42178276747988447,
            0.38327731807204746,
            0.34549150281252633,
            0.30865828381745514,
            0.2730047501302266,
            0.2387507176420256,
            0.2061073738537635,
            0.17527597583490823,
            0.14644660940672627,
            0.11979701719998453,
            0.09549150281252633,
            0.07367991782295391,
            0.054496737905816106,
            0.03806023374435663,
            0.024471741852423234,
            0.013815039801161721,
            0.00615582970243117,
            0.001541333133436018,
            1.0,
            0.9996145181203615,
            0.998458666866564,
            0.9965342284774632,
            0.9938441702975689,
            0.9903926402016152,
            0.9861849601988383,
            0.9812276182268236,
            0.9755282581475768,
            0.9690956679612421,
            0.9619397662556434,
            0.9540715869125407,
            0.9455032620941839,
            0.9362480035363986,
            0.9263200821770461,
            0.9157348061512727,
            0.9045084971874737,
            0.8926584654403724,
            0.8802029828000155,
            0.8671612547178428,
            0.8535533905932737,
            0.839400372766471,
            0.8247240241650917,
            0.8095469746549171,
            0.7938926261462366,
            0.7777851165098011,
            0.7612492823579744,
            0.7443106207484775,
            0.7269952498697734,
            0.7093298687687141,
            0.6913417161825449
        ]
    },
    "train_losses": [
        354.7630615234375,
        257.3160095214844,
        256.76830400739397,
        255.86583382742745,
        254.7302028111049,
        253.5135781424386,
        252.37315150669642,
        251.44125148228235,
        250.8001491001674,
        250.46363394601005,
        250.36722455705916,
        246.04933166503906,
        241.45861162458147,
        236.70518929617745,
        231.89671107700892,
        227.13518851143974,
        222.5138157435826,
        218.11434282575334,
        214.00521632603235,
        210.24058750697546,
        206.86012486049108,
        203.88954598563058,
        201.34148297991072,
        199.21644374302454,
        197.50371660505022,
        196.1820547921317,
        195.21997724260603,
        194.5758514404297,
        194.19764491489954,
        194.0226048060826,
        193.9771772112165,
        186.56024387904577,
        179.4221932547433,
        172.67930603027344,
        166.38841247558594,
        160.5720672607422,
        155.23248073032923,
        150.35936192103796,
        145.93446350097656,
        141.9344242640904,
        138.3327898297991,
        135.10135323660714,
        132.2112099783761,
        129.63363102504186,
        127.34060232979911,
        125.30533272879464,
        123.50252859933036,
        121.90864998953683,
        120.50198364257812,
        119.262697492327,
        118.1728264944894,
        117.21618761335101,
        116.3782958984375,
        115.64623369489398,
        115.00855473109654,
        114.45509229387555,
        113.97687094552177,
        113.56594412667411,
        113.2152568272182,
        112.91853332519531,
        112.670168195452,
        112.46507154192243,
        112.29860578264508,
        112.16647011893136,
        112.06459045410156,
        111.98905617850167,
        111.93603842599052,
        111.90169307163784,
        111.88211495535714,
        111.87329210553851,
        111.87105669294085,
        110.47770472935268,
        109.24759020124164,
        108.19298226492745,
        107.30281175885882,
        106.55710710797992,
        105.93399919782367,
        105.4128189086914,
        104.97527967180524,
        104.60580335344586,
        104.29137311662946,
        104.02129473005023,
        103.78682817731585,
        103.5809326171875,
        103.39793287004743,
        103.23330797467914,
        103.0834492274693,
        102.9455065046038,
        102.8172367640904,
        102.6968765258789,
        102.5830579485212,
        102.47469765799386,
        102.37097494942802,
        102.27125876290458,
        102.17505209786552,
        102.08198874337333,
        101.99178750174386,
        101.90424128941127,
        101.8191909790039,
        101.73652866908482,
        101.65616498674665
    ],