{
    "testproblem": "quadratic_deep",
    "batch_size": 128,
    "num_epochs": 100,
    "random_seed": 42,
    "l2_reg": null,
    "optimizer_name": "AdaBoundOptimizer",
    "optimizer_hyperparams": {
        "learning_rate": 0.0016925824034983103,
        "final_lr": 0.004629157434606568,
        "beta1": 0.9205888338683065,
        "beta2": 0.9404391562469065,
        "gamma": 0.008135521947845526,
        "epsilon": 1e-08,
        "amsbound": false,
        "use_locking": false
    },
    "training_params": {
        "lr_sched_epochs": null,
        "lr_sched_factors": null
    },
    "train_losses": [
        355.276114327567,
        340.0208740234375,
        306.0065394810268,
        249.74449811662947,
        188.9278520856585,
        141.63208661760603,
        115.55555943080357,
        106.96666826520648,
        106.83769117082868,
        107.8332279750279,
        107.24068341936383,
        105.63682992117745,
        104.2419204711914,
        103.48164912632534,
        103.09502628871373,
        102.75367082868304,
        102.3565652029855,
        101.94755336216518,
        101.56538827078683,
        101.20403507777623,
        100.84595925467355,
        100.48592376708984,
        100.12723541259766,
        99.77254922049386,
        99.42188698904855,
        99.07482038225446,
        98.73172106061664,
        98.39329746791294,
        98.06005859375,
        97.73227800641742,
        97.41017259870257,
        97.09394073486328,
        96.78376225062779,
        96.4797864641462,
        96.18212018694196,
        95.89083971296039,
        95.60599190848214,
        95.32760838099888,
        95.05569675990513,
        94.79024614606585,
        94.53123256138393,
        94.27860695975167,
        94.0323246547154,
        93.79232025146484,
        93.5585218157087,
        93.33084106445312,
        93.10919407435826,
        92.89347730364118,
        92.68359701974052,
        92.47943006243024,
        92.28087942940849,
        92.08782196044922,
        91.90015520368304,
        91.71774183000836,
        91.54047393798828,
        91.36822727748326,
        91.20088522774833,
        91.03832135881696,
        90.88042231968471,
        90.72705841064453,
        90.57811410086495,
        90.43347821916852,
        90.29302651541573,
        90.15664563860211,
        90.02422441755023,
        89.89564841134208,
        89.77080862862724,
        89.64960152762276,
        89.53192138671875,
        89.41766139439174,
        89.30672672816685,
        89.19901602608817,
        89.0944355555943,
        88.99288286481585,
        88.89427839006696,
        88.79852948869977,
        88.7055435180664,
        88.61524200439453,
        88.52753339494977,
        88.44234575544085,
        88.35960061209542,
        88.27921840122768,
        88.20112936837333,
        88.12526048932757,
        88.05154636928013,
        87.97991725376674,
        87.91030556815011,
        87.84264373779297,
        87.7768794468471,
        87.71294839041573,
        87.65079280308315,
        87.5903570992606,
        87.53158678327289,
        87.47442844935826,
        87.41883087158203,
        87.36475263323102,
        87.31213269914899,
        87.2609394618443,
        87.21111188616071,
        87.16262381417411,
        87.11541966029576
    ],
    "valid_losses": [
        353.8127659388951,
        338.66524832589283,
        304.8422633579799,
        248.9054434640067,
        188.5148162841797,
        141.67131914411272,
        115.99655478341239,
        107.7030279976981,
        107.73625183105469,
        108.76922716413226,
        108.12402670724052,
        106.42333657400948,
        104.93028695242745,
        104.09982408796039,
        103.68194144112724,
        103.34346989222935,
        102.96935163225446,
        102.58787536621094,
        102.22640555245536,
        101.87439727783203,
        101.51579175676618,
        101.1498543875558,
        100.78466469900948,
        100.42596871512276,
        100.07467324393136,
        99.72959463936942,
        99.38960920061383,
        99.05409022739956,
        98.72287968226841,
        98.39620208740234,
        98.07463073730469,
        97.7588119506836,
        97.44922637939453,
        97.14610944475446,
        96.84950365339007,
        96.55934252057757,
        96.27557918003627,
        95.9981940133231,
        95.72720227922711,
        95.46263776506696,
        95.2044928414481,
        94.95274244035993,
        94.70733533586774,
        94.46821049281529,
        94.2352796282087,
        94.00845881870815,
        93.78765324183873,
        93.57276807512555,
        93.36370522635323,
        93.16034807477679,
        92.96260506766183,
        92.77035086495536,
        92.58346557617188,
        92.40183803013393,
        92.22534288678851,
        92.05386570521763,
        91.88727787562779,
        91.7254616873605,
        91.56829616001674,
        91.41566685267857,
        91.26744624546596,
        91.12352425711495,
        90.98377445765904,
        90.84809221540179,
        90.71636199951172,
        90.58846609933036,
        90.46429443359375,
        90.34374673025948,
        90.22671617780414,
        90.11309814453125,
        90.00279671805245,
        89.8957050868443,
        89.79173496791294,
        89.69078935895648,
        89.59277997698102,
        89.49760981968471,
        89.4051993233817,
        89.31545693533761,
        89.22830854143415,
        89.14366367885044,
        89.06145695277623,
        88.98159681047711,
        88.9040276663644,
        88.82866668701172,
        88.75544956752232,
        88.68430873325893,
        88.61517333984375,
        88.54798889160156,
        88.48268345424107,
        88.41920144217355,
        88.35749053955078,
        88.29749189104352,
        88.23914446149554,
        88.18240574428013,
        88.1272223336356,
        88.07354954310826,
        88.02132415771484,
        87.97051239013672,
        87.92107282366071,
        87.87295859200614,
        87.8261228288923
    ],