{
    "testproblem": "quadratic_deep",
    "batch_size": 128,
    "num_epochs": 100,
    "random_seed": 44,
    "l2_reg": null,
    "optimizer_name": "NDAdamOptimizer",
    "optimizer_hyperparams": {
        "learning_rate": 0.001,
        "beta1": 0.9,
        "beta2": 0.999,
        "epsilon": 1e-08
    },
    "training_params": {
        "lr_sched_epochs": [
            1,
            2,
            3,
            4,
            5,
            6,
            7,
            8,
            9,
            10,
            11,
            12,
            13,
            14,
            15,
            16,
            17,
            18,
            19,
            20,
            21,
            22,
            23,
            24,
            25,
            26,
            27,
            28,
            29,
            30,
            31,
            32,
            33,
            34,
            35,
            36,
            37,
            38,
            39,
            40,
            41,
            42,
            43,
            44,
            45,
            46,
            47,
            48,
            49,
            50,
            51,
            52,
            53,
            54,
            55,
            56,
            57,
            58,
            59,
            60,
            61,
            62,
            63,
            64,
            65,
            66,
            67,
            68,
            69,
            70,
            71,
            72,
            73,
            74,
            75,
            76,
            77,
            78,
            79,
            80,
            81,
            82,
            83,
            84,
            85,
            86,
            87,
            88,
            89,
            90,
            91,
            92,
            93,
            94,
            95,
            96,
            97,
            98,
            99,
            100
        ],
        "lr_sched_factors": [
            0.9755282581475768,
            0.9045084971874737,
            0.7938926261462366,
            0.6545084971874737,
            0.5,
            0.34549150281252633,
            0.2061073738537635,
            0.09549150281252633,
            0.024471741852423234,
            1,
            0.9938441702975689,
            0.9755282581475768,
            0.9455032620941839,
            0.9045084971874737,
            0.8535533905932737,
            0.7938926261462366,
            0.7269952498697734,
            0.6545084971874737,
            0.5782172325201155,
            0.5,
            0.42178276747988447,
            0.34549150281252633,
            0.2730047501302266,
            0.2061073738537635,
            0.14644660940672627,
            0.09549150281252633,
            0.054496737905816106,
            0.024471741852423234,
            0.00615582970243117,
            1,
            0.998458666866564,
            0.9938441702975689,
            0.9861849601988383,
            0.9755282581475768,
            0.9619397662556434,
            0.9455032620941839,
            0.9263200821770461,
            0.9045084971874737,
            0.8802029828000155,
            0.8535533905932737,
            0.8247240241650917,
            0.7938926261462366,
            0.7612492823579744,
            0.7269952498697734,
            0.6913417161825449,
            0.6545084971874737,
            0.6167226819279528,
            0.5782172325201155,
            0.5392295478639225,
            0.5,
            0.4607704521360776,
            0.42178276747988447,
            0.38327731807204746,
            0.34549150281252633,
            0.30865828381745514,
            0.2730047501302266,
            0.2387507176420256,
            0.2061073738537635,
            0.17527597583490823,
            0.14644660940672627,
            0.11979701719998453,
            0.09549150281252633,
            0.07367991782295391,
            0.054496737905816106,
            0.03806023374435663,
            0.024471741852423234,
            0.013815039801161721,
            0.00615582970243117,
            0.001541333133436018,
            1,
            0.9996145181203615,
            0.998458666866564,
            0.9965342284774632,
            0.9938441702975689,
            0.9903926402016152,
            0.9861849601988383,
            0.9812276182268236,
            0.9755282581475768,
            0.9690956679612421,
            0.9619397662556434,
            0.9540715869125407,
            0.9455032620941839,
            0.9362480035363986,
            0.9263200821770461,
            0.9157348061512727,
            0.9045084971874737,
            0.8926584654403724,
            0.8802029828000155,
            0.8671612547178428,
            0.8535533905932737,
            0.839400372766471,
            0.8247240241650917,
            0.8095469746549171,
            0.7938926261462366,
            0.7777851165098011,
            0.7612492823579744,
            0.7443106207484775,
            0.7269952498697734,
            0.7093298687687141,
            0.6913417161825449
        ]
    },
    "train_losses": [
        277.1556134905134,
        270.49084908621654,
        264.18541172572543,
        258.3764866420201,
        253.33677455357142,
        249.2442583356585,
        246.16539001464844,
        244.06507001604353,
        242.82313973563058,
        242.25033133370536,
        242.10365295410156,
        236.19098772321428,
        230.514399937221,
        225.15911647251673,
        220.17855834960938,
        215.60513305664062,
        211.4563729422433,
        207.7385515485491,
        204.4491228376116,
        201.5785849434989,
        199.11179896763392,
        197.02913992745536,
        195.3072052001953,
        193.919437953404,
        192.83643668038505,
        192.02604021344865,
        191.4534170968192,
        191.08101763044084,
        190.86851065499442,
        190.77289690290178,
        190.74878801618303,
        186.8793683733259,
        183.1603262765067,
        179.6229466029576,
        176.2801797049386,
        173.13558523995536,
        170.1877201625279,
        167.43241228376115,
        164.86380440848214,
        162.47509983607702,
        160.25882829938615,
        158.2071990966797,
        156.31218610491072,
        154.56571088518416,
        152.95970807756697,
        151.48624529157365,
        150.13758196149553,
        148.90619550432478,
        147.78489467075892,
        146.76673671177454,
        145.8451429094587,
        145.0138440813337,
        144.26691545758928,
        143.59874180385046,
        143.0040043422154,
        142.4776851109096,
        142.01499938964844,
        141.6114262172154,
        141.26260593959265,
        140.9643772670201,
        140.71270098005022,
        140.50362723214286,
        140.3332781110491,
        140.19780622209822,
        140.0933554513114,
        140.01606096540178,
        139.96197509765625,
        139.92709350585938,
        139.90734209333147,
        139.89850507463728,
        139.89628383091517,
        138.47616577148438,
        137.1238272530692,
        135.84977068219865,
        134.65636989048548,
        133.54213387625558,
        132.5038343157087,
        131.5374995640346,
        130.638920375279,
        129.8038569859096,
        129.02818952287947,
        128.30796922956193,
        127.63939993722099,
        127.01889256068638,
        126.44306073869977,
        125.90870884486607,
        125.41283743722099,
        124.95262254987445,
        124.52544294084821,
        124.12882559640067,
        123.76048714773995,
        123.41829790387835,
        123.10027313232422,
        122.80458286830357,
        122.52952902657645,
        122.27353886195591,
        122.03516387939453,
        121.81306893484933,
        121.60602133614677,
        121.41290283203125,
        121.23265947614398
    ],