{
    "testproblem": "quadratic_deep",
    "batch_size": 128,
    "num_epochs": 100,
    "random_seed": 42,
    "l2_reg": null,
    "optimizer_name": "MomentumOptimizer",
    "optimizer_hyperparams": {
        "learning_rate": 0.00012087541473056955,
        "momentum": 0.8123245085588686,
        "use_locking": false,
        "use_nesterov": true
    },
    "training_params": {
        "lr_sched_epochs": [],
        "lr_sched_factors": []
    },
    "train_losses": [
        237.61207798549108,
        212.1342991420201,
        182.46822248186385,
        159.56743730817522,
        143.46890258789062,
        132.41727774483817,
        124.84954616001674,
        119.64375523158482,
        116.03659929547992,
        113.5152097429548,
        111.73490142822266,
        110.46302141462054,
        109.54169137137276,
        108.86319514683315,
        108.35364750453404,
        107.96212659563336,
        107.6533922467913,
        107.40294865199498,
        107.19371141706195,
        107.01373617989677,
        106.85462079729352,
        106.7104731968471,
        106.57712990897042,
        106.45164816720145,
        106.33195059640067,
        106.21655600411552,
        106.1044169834682,
        105.99478367396763,
        105.88712201799665,
        105.78106035505023,
        105.6763163975307,
        105.57270159040179,
        105.47007315499442,
        105.36832645961216,
        105.26739283970424,
        105.16721452985492,
        105.06775774274554,
        104.96897779192243,
        104.87086922781808,
        104.77340807233539,
        104.67657906668526,
        104.58037567138672,
        104.48478371756417,
        104.38980102539062,
        104.29541887555804,
        104.20162854875836,
        104.10842459542411,
        104.01581246512276,
        103.9237779889788,
        103.83231898716518,
        103.7414300101144,
        103.65111214773995,
        103.56135014125279,
        103.47215488978794,
        103.38351331438336,
        103.29542323521206,
        103.20788029261998,
        103.12087903703961,
        103.03441837855748,
        102.94850049700055,
        102.86311449323382,
        102.77825600760323,
        102.6939206804548,
        102.61011505126953,
        102.52682495117188,
        102.44405147007534,
        102.3617913382394,
        102.28003801618304,
        102.19879041399274,
        102.11804526192802,
        102.0377938406808,
        101.95804486955915,
        101.87878853934151,
        101.80001395089286,
        101.7217298235212,
        101.64392525809151,
        101.5666002546038,
        101.48975263323102,
        101.41337585449219,
        101.33747100830078,
        101.26202937534877,
        101.18705204554966,
        101.11253465924945,
        101.0384761265346,
        100.9648666381836,
        100.89171491350446,
        100.81901114327567,
        100.74674660818917,
        100.6749289376395,
        100.60354505266461,
        100.53260803222656,
        100.46209389822823,
        100.39201354980469,
        100.32235826764789,
        100.25312914167132,
        100.18432290213448,
        100.11593736921039,
        100.04797036307198,
        99.98041207449776,
        99.91326468331474,
        99.84652491978237
    ],
    "valid_losses": [
        241.61658368791853,
        215.46328953334265,
        184.90141078404017,
        161.1820068359375,
        144.39779009137834,
        132.78684452601843,
        124.76663316999164,
        119.19559260777065,
        115.29361615862165,
        112.53410884312221,
        110.5613021850586,
        109.13367026192802,
        108.08619035993304,
        107.30543300083706,
        106.7129156930106,
        106.25402505057198,
        105.8905519757952,
        105.5956061226981,
        105.3501717703683,
        105.14073726109096,
        104.95765141078404,
        104.7939943586077,
        104.644775390625,
        104.50638580322266,
        104.3761978149414,
        104.25228990827289,
        104.13325718470982,
        104.01805659702846,
        103.90591321672711,
        103.79625374930245,
        103.68865639822823,
        103.58277675083706,
        103.47837938581195,
        103.37527574811664,
        103.2733132498605,
        103.17238071986607,
        103.07239096505302,
        102.97327968052456,
        102.87498147147042,
        102.77746255057198,
        102.68067823137555,
        102.58460562569755,
        102.48921748570034,
        102.39449528285435,
        102.30042484828404,
        102.2069843837193,
        102.11416843959263,
        102.02196175711495,
        101.93035888671875,
        101.83934565952846,
        101.7489242553711,
        101.65907614571708,
        101.56980460030692,
        101.48109545026507,
        101.39295741489956,
        101.30536542619977,
        101.21833256312779,
        101.13184138706752,
        101.045896257673,
        100.96048627580915,
        100.8756103515625,
        100.79126957484654,
        100.70745195661273,
        100.62415204729352,
        100.54137638636998,
        100.45911298479352,
        100.37736402239118,
        100.29612295968192,
        100.21538434709821,
        100.13514818464007,
        100.05540575299945,
        99.97615814208984,
        99.89740099225726,
        99.81913539341518,
        99.74135044642857,
        99.66404615129743,
        99.58721596854073,
        99.51086316789899,
        99.43498229980469,
        99.35956682477679,
        99.28461565290179,
        99.21012769426618,
        99.13609967912946,
        99.0625250680106,
        98.98940168108258,
        98.91672951834542,
        98.84450422014508,
        98.77272251674107,
        98.70138222830636,
        98.63048008510044,
        98.56000736781529,
        98.48997061593192,
        98.4203600202288,
        98.35117667061942,
        98.28241620744977,
        98.21407645089286,
        98.14615304129464,
        98.07864270891461,
        98.01155308314732,
        97.94486563546317,
        97.87858363560268
    ],