{
    "testproblem": "quadratic_deep",
    "batch_size": 128,
    "num_epochs": 100,
    "random_seed": 42,
    "l2_reg": null,
    "optimizer_name": "AMSGrad",
    "optimizer_hyperparams": {
        "learning_rate": 0.20174449005784306,
        "beta1": 0.6571254657565788,
        "beta2": 0.9010664501558653,
        "epsilon": 1e-08,
        "use_locking": false
    },
    "training_params": {
        "lr_sched_epochs": [
            1,
            2,
            3,
            4,
            5,
            6,
            7,
            8,
            9,
            10,
            11,
            12,
            13,
            14,
            15,
            16,
            17,
            18,
            19,
            20,
            21,
            22,
            23,
            24,
            25,
            26,
            27,
            28,
            29,
            30,
            31,
            32,
            33,
            34,
            35,
            36,
            37,
            38,
            39,
            40,
            41,
            42,
            43,
            44,
            45,
            46,
            47,
            48,
            49,
            50,
            51,
            52,
            53,
            54,
            55,
            56,
            57,
            58,
            59,
            60,
            61,
            62,
            63,
            64,
            65,
            66,
            67,
            68,
            69,
            70,
            71,
            72,
            73,
            74,
            75,
            76,
            77,
            78,
            79,
            80,
            81,
            82,
            83,
            84,
            85,
            86,
            87,
            88,
            89,
            90,
            91,
            92,
            93,
            94,
            95,
            96,
            97,
            98,
            99,
            100
        ],
        "lr_sched_factors": [
            0.1,
            0.2,
            0.3,
            0.4,
            0.5,
            0.6,
            0.7,
            0.8,
            0.9,
            1.0,
            1.0,
            1.0,
            1.0,
            1.0,
            1.0,
            1.0,
            1.0,
            1.0,
            1.0,
            1.0,
            1.0,
            1.0,
            1.0,
            1.0,
            1.0,
            1.0,
            1.0,
            1.0,
            1.0,
            1.0,
            1.0,
            1.0,
            1.0,
            1.0,
            1.0,
            1.0,
            1.0,
            1.0,
            1.0,
            1.0,
            1.0,
            1.0,
            1.0,
            1.0,
            1.0,
            1.0,
            1.0,
            1.0,
            1.0,
            1.0,
            1.0,
            1.0,
            1.0,
            1.0,
            1.0,
            1.0,
            1.0,
            1.0,
            1.0,
            1.0,
            1.0,
            1.0,
            1.0,
            1.0,
            1.0,
            1.0,
            1.0,
            1.0,
            1.0,
            1.0,
            1.0,
            1.0,
            1.0,
            1.0,
            1.0,
            1.0,
            1.0,
            1.0,
            1.0,
            1.0,
            1.0,
            1.0,
            1.0,
            1.0,
            1.0,
            1.0,
            1.0,
            1.0,
            1.0,
            1.0,
            0.9090909090909091,
            0.8181818181818181,
            0.7272727272727273,
            0.6363636363636364,
            0.5454545454545454,
            0.4545454545454546,
            0.36363636363636365,
            0.2727272727272727,
            0.18181818181818177,
            0.09090909090909094
        ]
    },
    "train_losses": [
        355.276114327567,
        101.64552198137555,
        99.42483520507812,
        98.01855359758649,
        96.29652186802456,
        94.66268266950335,
        93.02405221121651,
        91.36705780029297,
        90.06847054617745,
        89.05502646309989,
        88.26947784423828,
        87.73255593436105,
        87.26859719412667,
        86.94446454729352,
        86.70318385532924,
        86.51322392054966,
        86.36190904889789,
        86.24004146030971,
        86.14068712506976,
        86.05890437534877,
        85.99101039341518,
        85.93419647216797,
        85.88631221226284,
        85.84568241664341,
        85.81098393031529,
        85.78118242536273,
        85.75543648856026,
        85.73307146344867,
        85.7135511125837,
        85.69642748151507,
        85.68133544921875,
        85.66797855922154,
        85.65610940115792,
        85.64552089146206,
        85.63603210449219,
        85.62750898088727,
        85.6198229108538,
        85.61286272321429,
        85.60655212402344,
        85.60080827985492,
        85.59556034633091,
        85.59076254708427,
        85.5863538469587,
        85.58230154854911,
        85.5785631452288,
        85.57511356898716,
        85.57191358293805,
        85.56894247872489,
        85.56617736816406,
        85.56360626220703,
        85.56119973318917,
        85.55895342145648,
        85.55684225899833,
        85.55486079624721,
        85.5530014038086,
        85.55124773297992,
        85.54959760393415,
        85.54803139822823,
        85.54655347551618,
        85.54515511648995,
        85.54382433210101,
        85.54256003243583,
        85.54136003766742,
        85.54021671840123,
        85.53912462506976,
        85.53808484758649,
        85.53708757672992,
        85.53613390241351,
        85.53522382463727,
        85.5343518938337,
        85.53351048060826,
        85.53270503452846,
        85.53192901611328,
        85.53118787493024,
        85.53046635219029,
        85.52977425711495,
        85.52910831996373,
        85.52846309116909,
        85.52784075055804,
        85.52724020821708,
        85.5266603742327,
        85.52609470912388,
        85.52555302211216,
        85.5250244140625,
        85.5245110648019,
        85.52401624407086,
        85.5235345023019,
        85.52306256975446,
        85.52261025565011,
        85.5221699305943,
        85.52173941476005,
        85.52132088797433,
        85.44616154261998,
        85.47738211495536,
        85.54808916364398,
        85.63928549630302,
        85.7649666922433,
        85.88457815987724,
        85.69559151785714,
        85.18966783796039,
        84.98665836879185
    ],