{
    "testproblem": "quadratic_deep",
    "batch_size": 128,
    "num_epochs": 100,
    "random_seed": 42,
    "l2_reg": null,
    "optimizer_name": "AdaBeliefOptimizer",
    "optimizer_hyperparams": {
        "learning_rate": 0.03205384345383214,
        "beta1": 0.6007526739638229,
        "beta2": 0.958722108831155,
        "epsilon": 1e-14
    },
    "training_params": {
        "lr_sched_epochs": [
            1,
            2,
            3,
            4,
            5,
            6,
            7,
            8,
            9,
            10,
            11,
            12,
            13,
            14,
            15,
            16,
            17,
            18,
            19,
            20,
            21,
            22,
            23,
            24,
            25,
            26,
            27,
            28,
            29,
            30,
            31,
            32,
            33,
            34,
            35,
            36,
            37,
            38,
            39,
            40,
            41,
            42,
            43,
            44,
            45,
            46,
            47,
            48,
            49,
            50,
            51,
            52,
            53,
            54,
            55,
            56,
            57,
            58,
            59,
            60,
            61,
            62,
            63,
            64,
            65,
            66,
            67,
            68,
            69,
            70,
            71,
            72,
            73,
            74,
            75,
            76,
            77,
            78,
            79,
            80,
            81,
            82,
            83,
            84,
            85,
            86,
            87,
            88,
            89,
            90,
            91,
            92,
            93,
            94,
            95,
            96,
            97,
            98,
            99,
            100
        ],
        "lr_sched_factors": [
            0.9755282581475768,
            0.9045084971874737,
            0.7938926261462366,
            0.6545084971874737,
            0.5,
            0.34549150281252633,
            0.2061073738537635,
            0.09549150281252633,
            0.024471741852423234,
            1.0,
            0.9938441702975689,
            0.9755282581475768,
            0.9455032620941839,
            0.9045084971874737,
            0.8535533905932737,
            0.7938926261462366,
            0.7269952498697734,
            0.6545084971874737,
            0.5782172325201155,
            0.5,
            0.42178276747988447,
            0.34549150281252633,
            0.2730047501302266,
            0.2061073738537635,
            0.14644660940672627,
            0.09549150281252633,
            0.054496737905816106,
            0.024471741852423234,
            0.00615582970243117,
            1.0,
            0.998458666866564,
            0.9938441702975689,
            0.9861849601988383,
            0.9755282581475768,
            0.9619397662556434,
            0.9455032620941839,
            0.9263200821770461,
            0.9045084971874737,
            0.8802029828000155,
            0.8535533905932737,
            0.8247240241650917,
            0.7938926261462366,
            0.7612492823579744,
            0.7269952498697734,
            0.6913417161825449,
            0.6545084971874737,
            0.6167226819279528,
            0.5782172325201155,
            0.5392295478639225,
            0.5,
            0.4607704521360776,
            0.42178276747988447,
            0.38327731807204746,
            0.34549150281252633,
            0.30865828381745514,
            0.2730047501302266,
            0.2387507176420256,
            0.2061073738537635,
            0.17527597583490823,
            0.14644660940672627,
            0.11979701719998453,
            0.09549150281252633,
            0.07367991782295391,
            0.054496737905816106,
            0.03806023374435663,
            0.024471741852423234,
            0.013815039801161721,
            0.00615582970243117,
            0.001541333133436018,
            1.0,
            0.9996145181203615,
            0.998458666866564,
            0.9965342284774632,
            0.9938441702975689,
            0.9903926402016152,
            0.9861849601988383,
            0.9812276182268236,
            0.9755282581475768,
            0.9690956679612421,
            0.9619397662556434,
            0.9540715869125407,
            0.9455032620941839,
            0.9362480035363986,
            0.9263200821770461,
            0.9157348061512727,
            0.9045084971874737,
            0.8926584654403724,
            0.8802029828000155,
            0.8671612547178428,
            0.8535533905932737,
            0.839400372766471,
            0.8247240241650917,
            0.8095469746549171,
            0.7938926261462366,
            0.7777851165098011,
            0.7612492823579744,
            0.7443106207484775,
            0.7269952498697734,
            0.7093298687687141,
            0.6913417161825449
        ]
    },
    "train_losses": [
        355.276114327567,
        126.68994685581752,
        124.36967468261719,
        119.5746318272182,
        114.25762394496373,
        109.9588372366769,
        107.12020111083984,
        105.47825840541294,
        104.62956128801618,
        104.26514652797154,
        104.17239379882812,
        101.38871329171317,
        100.37160927908761,
        99.93951198032924,
        99.43484279087612,
        98.85911233084542,
        98.32828739711216,
        97.86413683210101,
        97.44984218052456,
        97.07733590262276,
        96.74694279261998,
        96.45989445277623,
        96.21622140066964,
        96.01486097063336,
        95.85387311662946,
        95.73051343645368,
        95.64127676827567,
        95.58186994280133,
        95.54717036655971,
        95.53118787493024,
        95.52706037248883,
        94.85658809116909,
        94.2154050554548,
        93.61061750139508,
        93.0461654663086,
        92.52405984061105,
        92.0432870047433,
        91.60166713169643,
        91.197021484375,
        90.82724979945591,
        90.48998042515346,
        90.18272726876395,
        89.90316336495536,
        89.6491197858538,
        89.41854422433036,
        89.20947810581752,
        89.02015686035156,
        88.84893689836774,
        88.6943119594029,
        88.55492292131696,
        88.42952401297433,
        88.31698063441685,
        88.21626390729632,
        88.12644413539341,
        88.04667009626117,
        87.97615378243583,
        87.91419764927456,
        87.86013684953961,
        87.81335776192802,
        87.77328818184989,
        87.73939078194755,
        87.71114240373883,
        87.68803950718471,
        87.66958945138114,
        87.6552974155971,
        87.64466203962054,
        87.63717651367188,
        87.632326398577,
        87.62955910818917,
        87.62831115722656,
        87.62799399239677,
        87.42968423025948,
        87.24605015345982,
        87.06923021589007,
        86.91187613351005,
        86.76960754394531,
        86.63772691999164,
        86.51816667829242,
        86.40962982177734,
        86.30991581508091,
        86.21871512276786,
        86.13532148088727,
        86.05871691022601,
        85.98833901541573,
        85.92365482875279,
        85.86410413469586,
        85.80922263009208,
        85.7586168561663,
        85.711916242327,
        85.6687731061663,
        85.62889317103794,
        85.59200940813336,
        85.55787004743304,
        85.52625056675502,
        85.49695587158203,
        85.46979195731026,
        85.44459424700055,
        85.42120906284877,
        85.39949689592633,
        85.37932804652623,
        85.36058589390346
    ],