{
    "testproblem": "quadratic_deep",
    "batch_size": 128,
    "num_epochs": 100,
    "random_seed": 42,
    "l2_reg": null,
    "optimizer_name": "NAGOptimizer",
    "optimizer_hyperparams": {
        "learning_rate": 0.0011168421752116681,
        "momentum": 0.972799092895366,
        "use_locking": false,
        "use_nesterov": true
    },
    "training_params": {
        "lr_sched_epochs": [
            1,
            2,
            3,
            4,
            5,
            6,
            7,
            8,
            9,
            10,
            11,
            12,
            13,
            14,
            15,
            16,
            17,
            18,
            19,
            20,
            21,
            22,
            23,
            24,
            25,
            26,
            27,
            28,
            29,
            30,
            31,
            32,
            33,
            34,
            35,
            36,
            37,
            38,
            39,
            40,
            41,
            42,
            43,
            44,
            45,
            46,
            47,
            48,
            49,
            50,
            51,
            52,
            53,
            54,
            55,
            56,
            57,
            58,
            59,
            60,
            61,
            62,
            63,
            64,
            65,
            66,
            67,
            68,
            69,
            70,
            71,
            72,
            73,
            74,
            75,
            76,
            77,
            78,
            79,
            80,
            81,
            82,
            83,
            84,
            85,
            86,
            87,
            88,
            89,
            90,
            91,
            92,
            93,
            94,
            95,
            96,
            97,
            98,
            99,
            100
        ],
        "lr_sched_factors": [
            0.1,
            0.2,
            0.3,
            0.4,
            0.5,
            0.6,
            0.7,
            0.8,
            0.9,
            1.0,
            1.0,
            1.0,
            1.0,
            1.0,
            1.0,
            1.0,
            1.0,
            1.0,
            1.0,
            1.0,
            1.0,
            1.0,
            1.0,
            1.0,
            1.0,
            1.0,
            1.0,
            1.0,
            1.0,
            1.0,
            1.0,
            1.0,
            1.0,
            1.0,
            1.0,
            1.0,
            1.0,
            1.0,
            1.0,
            1.0,
            1.0,
            1.0,
            1.0,
            1.0,
            1.0,
            1.0,
            1.0,
            1.0,
            1.0,
            1.0,
            1.0,
            1.0,
            1.0,
            1.0,
            1.0,
            1.0,
            1.0,
            1.0,
            1.0,
            1.0,
            1.0,
            1.0,
            1.0,
            1.0,
            1.0,
            1.0,
            1.0,
            1.0,
            1.0,
            1.0,
            1.0,
            1.0,
            1.0,
            1.0,
            1.0,
            1.0,
            1.0,
            1.0,
            1.0,
            1.0,
            1.0,
            1.0,
            1.0,
            1.0,
            1.0,
            1.0,
            1.0,
            1.0,
            1.0,
            1.0,
            0.9090909090909091,
            0.8181818181818181,
            0.7272727272727273,
            0.6363636363636364,
            0.5454545454545454,
            0.4545454545454546,
            0.36363636363636365,
            0.2727272727272727,
            0.18181818181818177,
            0.09090909090909094
        ]
    },
    "train_losses": [
        355.276114327567,
        113.0173100062779,
        119.1724373953683,
        118.16414206368583,
        107.33917999267578,
        107.65572575160435,
        105.86396244594029,
        98.87348284040179,
        98.19518171037946,
        93.0313480922154,
        91.63590567452567,
        88.88581085205078,
        88.01866694859096,
        87.18386513846261,
        86.79464830671039,
        86.61199624197823,
        86.4996577671596,
        86.43780735560826,
        86.2969000680106,
        86.16441563197544,
        86.00549207414899,
        85.83664267403739,
        85.66397421700614,
        85.51058632986886,
        85.38648114885602,
        85.28699711390904,
        85.21349225725446,
        85.1635513305664,
        85.13290841238839,
        85.11421639578683,
        85.10277339390346,
        85.09524972098214,
        85.08876691545758,
        85.08153424944196,
        85.07305690220424,
        85.06357901436942,
        85.0534428187779,
        85.04316057477679,
        85.03336334228516,
        85.0245121547154,
        85.01679229736328,
        85.01020921979632,
        85.00472586495536,
        85.00021253313336,
        84.99645669119698,
        84.99324253627232,
        84.99040004185268,
        84.98783547537667,
        84.9854496547154,
        84.98318699428013,
        84.9810300554548,
        84.97898646763393,
        84.97705623081752,
        84.97524915422711,
        84.97356741768974,
        84.97201320103237,
        84.9705810546875,
        84.96925462995257,
        84.96802411760602,
        84.96688188825335,
        84.96580287388393,
        84.96478380475726,
        84.9638170514788,
        84.962892804827,
        84.96200125558036,
        84.96114785330636,
        84.96032823835101,
        84.95954023088727,
        84.95878383091518,
        84.95805358886719,
        84.95735495431083,
        84.95668356759208,
        84.95603724888393,
        84.95541272844586,
        84.95481436593192,
        84.95423453194755,
        84.95367976597377,
        84.95314025878906,
        84.95261928013393,
        84.95211465018136,
        84.95162745884487,
        84.95115552629743,
        84.95069558279855,
        84.95025089808873,
        84.94982147216797,
        84.94940076555524,
        84.94899204799107,
        84.94860294886998,
        84.9482192993164,
        84.94784763881138,
        84.94748360770089,
        84.94713047572544,
        84.94576699393136,
        84.94411904471261,
        84.94306182861328,
        84.94237845284599,
        84.94174630301339,
        84.94113377162388,
        84.94063459123883,
        84.94028145926339,
        84.94006674630302
    ],