{
    "testproblem": "quadratic_deep",
    "batch_size": 128,
    "num_epochs": 100,
    "random_seed": 46,
    "l2_reg": null,
    "optimizer_name": "NAGOptimizer",
    "optimizer_hyperparams": {
        "learning_rate": 0.0013296521457299509,
        "momentum": 0.9851821793939609,
        "use_locking": false,
        "use_nesterov": true
    },
    "training_params": {
        "lr_sched_epochs": [
            1,
            2,
            3,
            4,
            5,
            6,
            7,
            8,
            9,
            10,
            11,
            12,
            13,
            14,
            15,
            16,
            17,
            18,
            19,
            20,
            21,
            22,
            23,
            24,
            25,
            26,
            27,
            28,
            29,
            30,
            31,
            32,
            33,
            34,
            35,
            36,
            37,
            38,
            39,
            40,
            41,
            42,
            43,
            44,
            45,
            46,
            47,
            48,
            49,
            50,
            51,
            52,
            53,
            54,
            55,
            56,
            57,
            58,
            59,
            60,
            61,
            62,
            63,
            64,
            65,
            66,
            67,
            68,
            69,
            70,
            71,
            72,
            73,
            74,
            75,
            76,
            77,
            78,
            79,
            80,
            81,
            82,
            83,
            84,
            85,
            86,
            87,
            88,
            89,
            90,
            91,
            92,
            93,
            94,
            95,
            96,
            97,
            98,
            99,
            100
        ],
        "lr_sched_factors": [
            0.9755282581475768,
            0.9045084971874737,
            0.7938926261462366,
            0.6545084971874737,
            0.5,
            0.34549150281252633,
            0.2061073738537635,
            0.09549150281252633,
            0.024471741852423234,
            1.0,
            0.9938441702975689,
            0.9755282581475768,
            0.9455032620941839,
            0.9045084971874737,
            0.8535533905932737,
            0.7938926261462366,
            0.7269952498697734,
            0.6545084971874737,
            0.5782172325201155,
            0.5,
            0.42178276747988447,
            0.34549150281252633,
            0.2730047501302266,
            0.2061073738537635,
            0.14644660940672627,
            0.09549150281252633,
            0.054496737905816106,
            0.024471741852423234,
            0.00615582970243117,
            1.0,
            0.998458666866564,
            0.9938441702975689,
            0.9861849601988383,
            0.9755282581475768,
            0.9619397662556434,
            0.9455032620941839,
            0.9263200821770461,
            0.9045084971874737,
            0.8802029828000155,
            0.8535533905932737,
            0.8247240241650917,
            0.7938926261462366,
            0.7612492823579744,
            0.7269952498697734,
            0.6913417161825449,
            0.6545084971874737,
            0.6167226819279528,
            0.5782172325201155,
            0.5392295478639225,
            0.5,
            0.4607704521360776,
            0.42178276747988447,
            0.38327731807204746,
            0.34549150281252633,
            0.30865828381745514,
            0.2730047501302266,
            0.2387507176420256,
            0.2061073738537635,
            0.17527597583490823,
            0.14644660940672627,
            0.11979701719998453,
            0.09549150281252633,
            0.07367991782295391,
            0.054496737905816106,
            0.03806023374435663,
            0.024471741852423234,
            0.013815039801161721,
            0.00615582970243117,
            0.001541333133436018,
            1.0,
            0.9996145181203615,
            0.998458666866564,
            0.9965342284774632,
            0.9938441702975689,
            0.9903926402016152,
            0.9861849601988383,
            0.9812276182268236,
            0.9755282581475768,
            0.9690956679612421,
            0.9619397662556434,
            0.9540715869125407,
            0.9455032620941839,
            0.9362480035363986,
            0.9263200821770461,
            0.9157348061512727,
            0.9045084971874737,
            0.8926584654403724,
            0.8802029828000155,
            0.8671612547178428,
            0.8535533905932737,
            0.839400372766471,
            0.8247240241650917,
            0.8095469746549171,
            0.7938926261462366,
            0.7777851165098011,
            0.7612492823579744,
            0.7443106207484775,
            0.7269952498697734,
            0.7093298687687141,
            0.6913417161825449
        ]
    },
    "train_losses": [
        354.0567539760045,
        128.57194628034318,
        161.92804391043526,
        117.91375841413226,
        112.77903965541294,
        100.66751534598214,
        98.56967599051339,
        93.18951525006976,
        92.2781491960798,
        91.79454803466797,
        91.48721422467914,
        98.13022940499442,
        87.63628387451172,
        89.2286616734096,
        87.41995130266461,
        87.55731964111328,
        88.09117453438895,
        87.61178152901786,
        88.05360848563058,
        87.55920301164899,
        87.40734209333148,
        87.17071751185826,
        86.76623426164899,
        86.50853293282645,
        86.32410321916852,
        86.1505857195173,
        86.01222555977958,
        85.92296164376395,
        85.87403651646206,
        85.85235813685826,
        85.84680829729352,
        85.28255353655133,
        84.82466561453683,
        84.82361602783203,
        84.97266823904855,
        85.27144295828683,
        85.53059496198382,
        85.70633152553013,
        85.77005004882812,
        85.72052110944476,
        85.58183833530971,
        85.38295418875558,
        85.17119598388672,
        84.97389766148159,
        84.81257847377232,
        84.69278717041016,
        84.61375100272042,
        84.56971086774554,
        84.5510722569057,
        84.54865482875279,
        84.55401502336774,
        84.56113542829242,
        84.56666564941406,
        84.56900678362165,
        84.56786673409599,
        84.56375558035714,
        84.55747876848493,
        84.54991367885044,
        84.54186466761998,
        84.53397805350167,
        84.52669089181083,
        84.52026694161552,
        84.51481192452567,
        84.51035853794643,
        84.5068610055106,
        84.50423322405133,
        84.50237601143974,
        84.50116184779576,
        84.50046757289341,
        84.50015040806362,
        84.5000752040318,
        84.46500505719867,
        84.45547158377511,
        84.45281655447823,
        84.46724046979632,
        84.49052320207868,
        84.50995526994977,
        84.52065713065011,
        84.52242933000836,
        84.51598358154297,
        84.50327845982143,
        84.4872578212193,
        84.47052982875279,
        84.45604596819196,
        84.44583565848214,
        84.44014522007534,
        84.43807765415737,
        84.43869890485492,
        84.44098663330078,
        84.4437005179269,
        84.44574628557477,
        84.44652448381696,
        84.44595227922711,
        84.44424329485211,
        84.4417234148298,
        84.43877628871373,
        84.43581063406808,
        84.43316868373326,
        84.43105752127511,
        84.4295425415039,
        84.42857796805245
    ],