{
    "testproblem": "quadratic_deep",
    "batch_size": 128,
    "num_epochs": 100,
    "random_seed": 42,
    "l2_reg": null,
    "optimizer_name": "NAG",
    "optimizer_hyperparams": {
        "learning_rate": 0.0013296521457299509,
        "momentum": 0.9851821793939609,
        "use_locking": false,
        "use_nesterov": true
    },
    "training_params": {
        "lr_sched_epochs": [
            1,
            2,
            3,
            4,
            5,
            6,
            7,
            8,
            9,
            10,
            11,
            12,
            13,
            14,
            15,
            16,
            17,
            18,
            19,
            20,
            21,
            22,
            23,
            24,
            25,
            26,
            27,
            28,
            29,
            30,
            31,
            32,
            33,
            34,
            35,
            36,
            37,
            38,
            39,
            40,
            41,
            42,
            43,
            44,
            45,
            46,
            47,
            48,
            49,
            50,
            51,
            52,
            53,
            54,
            55,
            56,
            57,
            58,
            59,
            60,
            61,
            62,
            63,
            64,
            65,
            66,
            67,
            68,
            69,
            70,
            71,
            72,
            73,
            74,
            75,
            76,
            77,
            78,
            79,
            80,
            81,
            82,
            83,
            84,
            85,
            86,
            87,
            88,
            89,
            90,
            91,
            92,
            93,
            94,
            95,
            96,
            97,
            98,
            99,
            100
        ],
        "lr_sched_factors": [
            0.9755282581475768,
            0.9045084971874737,
            0.7938926261462366,
            0.6545084971874737,
            0.5,
            0.34549150281252633,
            0.2061073738537635,
            0.09549150281252633,
            0.024471741852423234,
            1.0,
            0.9938441702975689,
            0.9755282581475768,
            0.9455032620941839,
            0.9045084971874737,
            0.8535533905932737,
            0.7938926261462366,
            0.7269952498697734,
            0.6545084971874737,
            0.5782172325201155,
            0.5,
            0.42178276747988447,
            0.34549150281252633,
            0.2730047501302266,
            0.2061073738537635,
            0.14644660940672627,
            0.09549150281252633,
            0.054496737905816106,
            0.024471741852423234,
            0.00615582970243117,
            1.0,
            0.998458666866564,
            0.9938441702975689,
            0.9861849601988383,
            0.9755282581475768,
            0.9619397662556434,
            0.9455032620941839,
            0.9263200821770461,
            0.9045084971874737,
            0.8802029828000155,
            0.8535533905932737,
            0.8247240241650917,
            0.7938926261462366,
            0.7612492823579744,
            0.7269952498697734,
            0.6913417161825449,
            0.6545084971874737,
            0.6167226819279528,
            0.5782172325201155,
            0.5392295478639225,
            0.5,
            0.4607704521360776,
            0.42178276747988447,
            0.38327731807204746,
            0.34549150281252633,
            0.30865828381745514,
            0.2730047501302266,
            0.2387507176420256,
            0.2061073738537635,
            0.17527597583490823,
            0.14644660940672627,
            0.11979701719998453,
            0.09549150281252633,
            0.07367991782295391,
            0.054496737905816106,
            0.03806023374435663,
            0.024471741852423234,
            0.013815039801161721,
            0.00615582970243117,
            0.001541333133436018,
            1.0,
            0.9996145181203615,
            0.998458666866564,
            0.9965342284774632,
            0.9938441702975689,
            0.9903926402016152,
            0.9861849601988383,
            0.9812276182268236,
            0.9755282581475768,
            0.9690956679612421,
            0.9619397662556434,
            0.9540715869125407,
            0.9455032620941839,
            0.9362480035363986,
            0.9263200821770461,
            0.9157348061512727,
            0.9045084971874737,
            0.8926584654403724,
            0.8802029828000155,
            0.8671612547178428,
            0.8535533905932737,
            0.839400372766471,
            0.8247240241650917,
            0.8095469746549171,
            0.7938926261462366,
            0.7777851165098011,
            0.7612492823579744,
            0.7443106207484775,
            0.7269952498697734,
            0.7093298687687141,
            0.6913417161825449
        ]
    },
    "train_losses": [
        355.276114327567,
        129.6465584891183,
        162.95189775739397,
        118.54446193150112,
        113.24683053152901,
        101.14781079973493,
        99.1916035243443,
        93.74258531842914,
        92.77819933210101,
        92.29153333391461,
        91.98599788120815,
        98.56664385114398,
        88.1793681553432,
        89.80400739397321,
        87.92297254289899,
        88.03477260044643,
        88.59864589146206,
        88.11729540143695,
        88.55022212437221,
        88.05550929478237,
        87.9090597970145,
        87.6707523890904,
        87.26429203578404,
        87.00750623430524,
        86.82442801339286,
        86.6520244053432,
        86.51441955566406,
        86.42551967075893,
        86.37671225411552,
        86.35505131312779,
        86.34950038364956,
        85.78331756591797,
        85.33352552141461,
        85.33868190220424,
        85.48270525251117,
        85.77917371477399,
        86.03507995605469,
        86.21190425327846,
        86.27760750906808,
        86.22755650111607,
        86.08650425502232,
        85.88751983642578,
        85.6780014038086,
        85.48169272286552,
        85.31966073172433,
        85.19918169294085,
        85.12039293561664,
        85.07692064557757,
        85.058351789202,
        85.05556815011161,
        85.06056322370257,
        85.06752014160156,
        85.07304055350167,
        85.07539585658482,
        85.07421875,
        85.07002694266183,
        85.06366947719029,
        85.05604444231305,
        85.04796818324498,
        85.04006958007812,
        85.03278350830078,
        85.02635192871094,
        85.02090236118862,
        85.01644897460938,
        85.01294708251953,
        85.01032148088727,
        85.00845881870815,
        85.0072490147182,
        85.00655147007534,
        85.00623757498605,
        85.00615692138672,
        84.97417449951172,
        84.97091783796039,
        84.96071188790458,
        84.97498103550502,
        85.00250244140625,
        85.02050345284599,
        85.0281491960798,
        85.03147452218192,
        85.02677045549665,
        85.01270294189453,
        84.99566214425224,
        84.97981371198382,
        84.96584647042411,
        84.95504760742188,
        84.94898659842355,
        84.94710649762835,
        84.94778551374164,
        84.94985089983258,
        84.95238821847099,
        84.95437404087612,
        84.955075945173,
        84.95440237862724,
        84.95259857177734,
        84.94998822893415,
        84.94693865094867,
        84.94387817382812,
        84.94115230015346,
        84.93895067487445,
        84.93733215332031,
        84.9362553187779
    ],