{
    "testproblem": "quadratic_deep",
    "batch_size": 128,
    "num_epochs": 100,
    "random_seed": 48,
    "l2_reg": null,
    "optimizer_name": "AdadeltaOptimizer",
    "optimizer_hyperparams": {
        "learning_rate": 0.7556810141274423,
        "rho": 0.2115429079726122,
        "epsilon": 1e-08,
        "use_locking": false
    },
    "training_params": {
        "lr_sched_epochs": [
            1,
            2,
            3,
            4,
            5,
            6,
            7,
            8,
            9,
            10,
            11,
            12,
            13,
            14,
            15,
            16,
            17,
            18,
            19,
            20,
            21,
            22,
            23,
            24,
            25,
            26,
            27,
            28,
            29,
            30,
            31,
            32,
            33,
            34,
            35,
            36,
            37,
            38,
            39,
            40,
            41,
            42,
            43,
            44,
            45,
            46,
            47,
            48,
            49,
            50,
            51,
            52,
            53,
            54,
            55,
            56,
            57,
            58,
            59,
            60,
            61,
            62,
            63,
            64,
            65,
            66,
            67,
            68,
            69,
            70,
            71,
            72,
            73,
            74,
            75,
            76,
            77,
            78,
            79,
            80,
            81,
            82,
            83,
            84,
            85,
            86,
            87,
            88,
            89,
            90,
            91,
            92,
            93,
            94,
            95,
            96,
            97,
            98,
            99,
            100
        ],
        "lr_sched_factors": [
            0.1,
            0.2,
            0.3,
            0.4,
            0.5,
            0.6,
            0.7,
            0.8,
            0.9,
            1.0,
            1.0,
            1.0,
            1.0,
            1.0,
            1.0,
            1.0,
            1.0,
            1.0,
            1.0,
            1.0,
            1.0,
            1.0,
            1.0,
            1.0,
            1.0,
            1.0,
            1.0,
            1.0,
            1.0,
            1.0,
            1.0,
            1.0,
            1.0,
            1.0,
            1.0,
            1.0,
            1.0,
            1.0,
            1.0,
            1.0,
            1.0,
            1.0,
            1.0,
            1.0,
            1.0,
            1.0,
            1.0,
            1.0,
            1.0,
            1.0,
            1.0,
            1.0,
            1.0,
            1.0,
            1.0,
            1.0,
            1.0,
            1.0,
            1.0,
            1.0,
            1.0,
            1.0,
            1.0,
            1.0,
            1.0,
            1.0,
            1.0,
            1.0,
            1.0,
            1.0,
            1.0,
            1.0,
            1.0,
            1.0,
            1.0,
            1.0,
            1.0,
            1.0,
            1.0,
            1.0,
            1.0,
            1.0,
            1.0,
            1.0,
            1.0,
            1.0,
            1.0,
            1.0,
            1.0,
            1.0,
            0.9090909090909091,
            0.8181818181818181,
            0.7272727272727273,
            0.6363636363636364,
            0.5454545454545454,
            0.4545454545454546,
            0.36363636363636365,
            0.2727272727272727,
            0.18181818181818177,
            0.09090909090909094
        ]
    },
    "train_losses": [
        350.11546107700894,
        348.8980407714844,
        348.7023620605469,
        348.20880126953125,
        347.34496634347096,
        346.05345371791293,
        344.2872750418527,
        342.0077819824219,
        339.18377685546875,
        335.791024344308,
        331.8120422363281,
        327.2361145019531,
        322.52669416155135,
        317.7007315499442,
        312.77379063197543,
        307.7603846958705,
        302.674072265625,
        297.52754865373885,
        292.3328377859933,
        287.10118321010043,
        281.8434404645647,
        276.5697501046317,
        271.28982979910717,
        266.01290457589283,
        260.74773951939176,
        255.5027073451451,
        250.28575134277344,
        245.10441371372767,
        239.96588570731026,
        234.8769247872489,
        229.843998500279,
        224.8731972830636,
        219.9702606201172,
        215.14061628069197,
        210.3893301827567,
        205.72120230538505,
        201.14068603515625,
        196.6518838065011,
        192.25864737374442,
        187.96448843819755,
        183.77261570521765,
        179.68608965192522,
        175.7076459612165,
        171.83978489467077,
        168.08473423549108,
        164.44440133231026,
        160.92046683175224,
        157.5143759591239,
        154.22738429478235,
        151.06050981794084,
        148.01451982770647,
        145.08995710100447,
        142.28709193638392,
        139.60598754882812,
        137.04634530203683,
        134.60757446289062,
        132.2887943812779,
        130.0888726370675,
        128.00643702915735,
        126.03986576625279,
        124.18716757638114,
        122.44600459507534,
        120.81375231061664,
        119.2875235421317,
        117.86415645054409,
        116.54022434779576,
        115.31214141845703,
        114.17616489955357,
        113.12845066615513,
        112.16500309535435,
        111.28163691929409,
        110.47413199288505,
        109.73828669956752,
        109.06982312883649,
        108.46436309814453,
        107.91746520996094,
        107.42470986502511,
        106.98165348597935,
        106.5839113507952,
        106.22726767403739,
        105.90765380859375,
        105.6211656842913,
        105.36407470703125,
        105.13294982910156,
        104.92467716761998,
        104.73646327427456,
        104.56588309151786,
        104.41081782749721,
        104.26942661830357,
        104.14005715506417,
        104.02124459402901,
        103.91173226492745,
        103.81944383893695,
        103.74178314208984,
        103.6766847882952,
        103.62252589634487,
        103.57803562709263,
        103.54224395751953,
        103.51441628592355,
        103.49400438581195,
        103.48061915806362
    ],