{
    "testproblem": "quadratic_deep",
    "batch_size": 128,
    "num_epochs": 100,
    "random_seed": 48,
    "l2_reg": null,
    "optimizer_name": "MomentumOptimizer",
    "optimizer_hyperparams": {
        "learning_rate": 0.02801635158716258,
        "momentum": 0.002621087878265439,
        "use_locking": false,
        "use_nesterov": true
    },
    "training_params": {
        "lr_sched_epochs": [
            1,
            2,
            3,
            4,
            5,
            6,
            7,
            8,
            9,
            10,
            11,
            12,
            13,
            14,
            15,
            16,
            17,
            18,
            19,
            20,
            21,
            22,
            23,
            24,
            25,
            26,
            27,
            28,
            29,
            30,
            31,
            32,
            33,
            34,
            35,
            36,
            37,
            38,
            39,
            40,
            41,
            42,
            43,
            44,
            45,
            46,
            47,
            48,
            49,
            50,
            51,
            52,
            53,
            54,
            55,
            56,
            57,
            58,
            59,
            60,
            61,
            62,
            63,
            64,
            65,
            66,
            67,
            68,
            69,
            70,
            71,
            72,
            73,
            74,
            75,
            76,
            77,
            78,
            79,
            80,
            81,
            82,
            83,
            84,
            85,
            86,
            87,
            88,
            89,
            90,
            91,
            92,
            93,
            94,
            95,
            96,
            97,
            98,
            99,
            100
        ],
        "lr_sched_factors": [
            0.9755282581475768,
            0.9045084971874737,
            0.7938926261462366,
            0.6545084971874737,
            0.5,
            0.34549150281252633,
            0.2061073738537635,
            0.09549150281252633,
            0.024471741852423234,
            1,
            0.9938441702975689,
            0.9755282581475768,
            0.9455032620941839,
            0.9045084971874737,
            0.8535533905932737,
            0.7938926261462366,
            0.7269952498697734,
            0.6545084971874737,
            0.5782172325201155,
            0.5,
            0.42178276747988447,
            0.34549150281252633,
            0.2730047501302266,
            0.2061073738537635,
            0.14644660940672627,
            0.09549150281252633,
            0.054496737905816106,
            0.024471741852423234,
            0.00615582970243117,
            1,
            0.998458666866564,
            0.9938441702975689,
            0.9861849601988383,
            0.9755282581475768,
            0.9619397662556434,
            0.9455032620941839,
            0.9263200821770461,
            0.9045084971874737,
            0.8802029828000155,
            0.8535533905932737,
            0.8247240241650917,
            0.7938926261462366,
            0.7612492823579744,
            0.7269952498697734,
            0.6913417161825449,
            0.6545084971874737,
            0.6167226819279528,
            0.5782172325201155,
            0.5392295478639225,
            0.5,
            0.4607704521360776,
            0.42178276747988447,
            0.38327731807204746,
            0.34549150281252633,
            0.30865828381745514,
            0.2730047501302266,
            0.2387507176420256,
            0.2061073738537635,
            0.17527597583490823,
            0.14644660940672627,
            0.11979701719998453,
            0.09549150281252633,
            0.07367991782295391,
            0.054496737905816106,
            0.03806023374435663,
            0.024471741852423234,
            0.013815039801161721,
            0.00615582970243117,
            0.001541333133436018,
            1,
            0.9996145181203615,
            0.998458666866564,
            0.9965342284774632,
            0.9938441702975689,
            0.9903926402016152,
            0.9861849601988383,
            0.9812276182268236,
            0.9755282581475768,
            0.9690956679612421,
            0.9619397662556434,
            0.9540715869125407,
            0.9455032620941839,
            0.9362480035363986,
            0.9263200821770461,
            0.9157348061512727,
            0.9045084971874737,
            0.8926584654403724,
            0.8802029828000155,
            0.8671612547178428,
            0.8535533905932737,
            0.839400372766471,
            0.8247240241650917,
            0.8095469746549171,
            0.7938926261462366,
            0.7777851165098011,
            0.7612492823579744,
            0.7443106207484775,
            0.7269952498697734,
            0.7093298687687141,
            0.6913417161825449
        ]
    },
    "train_losses": [
        317.5721130371094,
        91.11038970947266,
        87.20157623291016,
        84.40279279436383,
        82.44344329833984,
        81.11239297049386,
        80.25027356828961,
        79.73038373674665,
        79.44841003417969,
        79.32451738630023,
        79.29343632289341,
        78.76742553710938,
        77.95399475097656,
        77.31653921944755,
        76.80993216378349,
        76.40225546700614,
        76.07141222272601,
        75.80213383265904,
        75.58371407645089,
        75.40841565813336,
        75.27017647879464,
        75.16361890520368,
        75.08344268798828,
        75.0243900844029,
        74.98173522949219,
        74.9517320905413,
        74.93155997140067,
        74.91896493094308,
        74.91199602399554,
        74.9089126586914,
        74.90813664027623,
        75.35116795131138,
        75.2694593157087,
        75.19494955880302,
        75.12543596540179,
        75.0594733101981,
        74.99613625662667,
        74.93489292689732,
        74.87550354003906,
        74.8179462977818,
        74.76233673095703,
        74.70887102399554,
        74.65779658726284,
        74.60936192103794,
        74.5638187953404,
        74.52139282226562,
        74.48227037702289,
        74.44659968784877,
        74.41445704868862,
        74.38585335867745,
        74.36071450369698,
        74.33889334542411,
        74.3201653616769,
        74.30424172537667,
        74.29080745152065,
        74.27953338623047,
        74.27011435372489,
        74.26227242606026,
        74.2557852608817,
        74.25045667375836,
        74.24613843645368,
        74.24269321986607,
        74.23999786376953,
        74.23794337681362,
        74.2364273071289,
        74.23534284319196,
        74.23461369105748,
        74.23415265764508,
        74.23389434814453,
        74.23377881731305,
        74.23374829973493,
        74.76258632114956,
        74.75302450997489,
        74.74281311035156,
        74.7317646571568,
        74.7198715209961,
        74.70713261195591,
        74.69355773925781,
        74.67916761125836,
        74.6640134538923,
        74.64812469482422,
        74.63156563895089,
        74.61439841134208,
        74.59668513706752,
        74.57850319998605,
        74.55992671421596,
        74.54103306361607,
        74.5218985421317,
        74.50260380336216,
        74.48322514125279,
        74.46384102957589,
        74.44451686314174,
        74.42532893589565,
        74.40634482247489,
        74.38762882777623,
        74.3692387172154,
        74.35123334612165,
        74.33366394042969,
        74.31658608572823,
        74.30003465924945,
        74.28405870710101
    ],