{
    "testproblem": "quadratic_deep",
    "batch_size": 128,
    "num_epochs": 100,
    "random_seed": 42,
    "l2_reg": null,
    "optimizer_name": "AdaBeliefOptimizer",
    "optimizer_hyperparams": {
        "learning_rate": 0.04433642482321798,
        "beta1": 0.5590525512253394,
        "beta2": 0.8372804845265519,
        "epsilon": 1e-14
    },
    "training_params": {
        "lr_sched_epochs": [
            1,
            2,
            3,
            4,
            5,
            6,
            7,
            8,
            9,
            10,
            11,
            12,
            13,
            14,
            15,
            16,
            17,
            18,
            19,
            20,
            21,
            22,
            23,
            24,
            25,
            26,
            27,
            28,
            29,
            30,
            31,
            32,
            33,
            34,
            35,
            36,
            37,
            38,
            39,
            40,
            41,
            42,
            43,
            44,
            45,
            46,
            47,
            48,
            49,
            50,
            51,
            52,
            53,
            54,
            55,
            56,
            57,
            58,
            59,
            60,
            61,
            62,
            63,
            64,
            65,
            66,
            67,
            68,
            69,
            70,
            71,
            72,
            73,
            74,
            75,
            76,
            77,
            78,
            79,
            80,
            81,
            82,
            83,
            84,
            85,
            86,
            87,
            88,
            89,
            90,
            91,
            92,
            93,
            94,
            95,
            96,
            97,
            98,
            99,
            100
        ],
        "lr_sched_factors": [
            0.1,
            0.2,
            0.3,
            0.4,
            0.5,
            0.6,
            0.7,
            0.8,
            0.9,
            1.0,
            1.0,
            1.0,
            1.0,
            1.0,
            1.0,
            1.0,
            1.0,
            1.0,
            1.0,
            1.0,
            1.0,
            1.0,
            1.0,
            1.0,
            1.0,
            1.0,
            1.0,
            1.0,
            1.0,
            1.0,
            1.0,
            1.0,
            1.0,
            1.0,
            1.0,
            1.0,
            1.0,
            1.0,
            1.0,
            1.0,
            1.0,
            1.0,
            1.0,
            1.0,
            1.0,
            1.0,
            1.0,
            1.0,
            1.0,
            1.0,
            1.0,
            1.0,
            1.0,
            1.0,
            1.0,
            1.0,
            1.0,
            1.0,
            1.0,
            1.0,
            1.0,
            1.0,
            1.0,
            1.0,
            1.0,
            1.0,
            1.0,
            1.0,
            1.0,
            1.0,
            1.0,
            1.0,
            1.0,
            1.0,
            1.0,
            1.0,
            1.0,
            1.0,
            1.0,
            1.0,
            1.0,
            1.0,
            1.0,
            1.0,
            1.0,
            1.0,
            1.0,
            1.0,
            1.0,
            1.0,
            0.9090909090909091,
            0.8181818181818181,
            0.7272727272727273,
            0.6363636363636364,
            0.5454545454545454,
            0.4545454545454546,
            0.36363636363636365,
            0.2727272727272727,
            0.18181818181818177,
            0.09090909090909094
        ]
    },
    "train_losses": [
        355.276114327567,
        207.88566153390067,
        206.96009390694755,
        202.70682634626115,
        193.1731458391462,
        177.68436540876115,
        157.5931113106864,
        136.31944492885046,
        118.14825221470424,
        106.14368547712054,
        100.59802137102399,
        99.26251002720424,
        99.1704831804548,
        98.72544533865792,
        97.92318725585938,
        97.1533955165318,
        96.55870165143695,
        96.05463191441127,
        95.55416652134487,
        95.04942866734096,
        94.5612040928432,
        94.0949227469308,
        93.64565713065011,
        93.21206774030414,
        92.79591260637555,
        92.39781188964844,
        92.0173830304827,
        91.65438515799386,
        91.30861990792411,
        90.97965567452567,
        90.66695186070034,
        90.36996568952289,
        90.08810642787388,
        89.82074519566127,
        89.56724221365792,
        89.3269511631557,
        89.0992431640625,
        88.88349914550781,
        88.67911093575614,
        88.48549543108258,
        88.30209241594586,
        88.1283678327288,
        87.96380397251674,
        87.80791255405971,
        87.66022600446429,
        87.52030835832868,
        87.38773127964565,
        87.26210566929409,
        87.14305659702846,
        87.0302243913923,
        86.92327117919922,
        86.82188851492745,
        86.72577013288226,
        86.63463592529297,
        86.54822322300502,
        86.46627262660435,
        86.38855416434151,
        86.31484113420758,
        86.24492427280971,
        86.17860957554409,
        86.11570194789341,
        86.0560302734375,
        85.99942997523716,
        85.94574192592076,
        85.89481898716518,
        85.84651838030133,
        85.80071149553571,
        85.7572740827288,
        85.71608080182757,
        85.67702157156808,
        85.6399906703404,
        85.60488673618862,
        85.57161385672433,
        85.54008265904018,
        85.51020268031529,
        85.48188890729632,
        85.45507049560547,
        85.4296624319894,
        85.40560150146484,
        85.382814679827,
        85.36123657226562,
        85.34081050327846,
        85.32146998814174,
        85.30316598074776,
        85.2858396257673,
        85.26943969726562,
        85.25392586844308,
        85.23923710414341,
        85.225341796875,
        85.21219308035714,
        85.19974844796317,
        85.18797629220145,
        85.17624882289341,
        85.16623360770089,
        85.1581551688058,
        85.15105765206474,
        85.1451394217355,
        85.14039502825055,
        85.1366707938058,
        85.13389805385044,
        85.13206481933594
    ],