{
    "testproblem": "quadratic_deep",
    "batch_size": 128,
    "num_epochs": 100,
    "random_seed": 45,
    "l2_reg": null,
    "optimizer_name": "MomentumOptimizer",
    "optimizer_hyperparams": {
        "learning_rate": 0.0017654048052495065,
        "momentum": 0.036324869566766047,
        "use_locking": false,
        "use_nesterov": false
    },
    "training_params": {
        "lr_sched_epochs": [],
        "lr_sched_factors": []
    },
    "train_losses": [
        287.3593270438058,
        168.8028106689453,
        132.5107639857701,
        120.47216360909599,
        116.00981794084821,
        114.09296526227679,
        113.09034511021206,
        112.4362313406808,
        111.92296273367745,
        111.4708502633231,
        111.04824393136161,
        110.64227621895927,
        110.24756840297154,
        109.86183602469308,
        109.48404475620815,
        109.1136965070452,
        108.75050680977958,
        108.39428165980748,
        108.0448728288923,
        107.70213426862445,
        107.36593409946987,
        107.03614262172154,
        106.71263994489398,
        106.39528329031808,
        106.08396911621094,
        105.778566632952,
        105.47895268031529,
        105.18502698625836,
        104.89666312081474,
        104.61374991280692,
        104.33618491036552,
        104.06386130196708,
        103.79666028703961,
        103.5344957624163,
        103.27726091657367,
        103.0248543875558,
        102.77718244280133,
        102.53414808000836,
        102.29566628592355,
        102.06163896833148,
        101.8319832938058,
        101.60660552978516,
        101.3854261125837,
        101.1683589390346,
        100.955324445452,
        100.74624306815011,
        100.54103524344308,
        100.33962031773159,
        100.14193943568638,
        99.94789668491909,
        99.75743430001395,
        99.57047816685268,
        99.386960710798,
        99.20681653703961,
        99.02997153145927,
        98.85636574881417,
        98.6859370640346,
        98.51862335205078,
        98.35435812813895,
        98.1930901663644,
        98.03475625174386,
        97.87929970877511,
        97.7266595023019,
        97.57678985595703,
        97.42963300432477,
        97.28513554164341,
        97.14324842180524,
        97.00391278948102,
        96.86709267752511,
        96.73272923060826,
        96.6007799421038,
        96.47119031633649,
        96.34392656598773,
        96.21893419538226,
        96.09617614746094,
        95.97560119628906,
        95.857179914202,
        95.74085671561105,
        95.62660544259208,
        95.51437704903739,
        95.40413447788784,
        95.29583631243024,
        95.18945421491351,
        95.08494349888393,
        94.9822758265904,
        94.88141305106026,
        94.78231375558036,
        94.68495723179409,
        94.5893053327288,
        94.49531882149833,
        94.4029780796596,
        94.31223733084542,
        94.22308131626674,
        94.13546970912388,
        94.04937962123326,
        93.96477944510323,
        93.8816397530692,
        93.79993874686105,
        93.71964045933315,
        93.64072963169643,
        93.56317247663226
    ],
    "valid_losses": [
        285.4458487374442,
        167.50255693708147,
        131.63898468017578,
        119.88727460588727,
        115.61359405517578,
        113.81983511788505,
        112.8973388671875,
        112.29544721330915,
        111.81631033761161,
        111.3865716116769,
        110.97867911202567,
        110.58238983154297,
        110.19406236921039,
        109.81251089913505,
        109.43744877406529,
        109.06885528564453,
        108.70676967075893,
        108.3512191772461,
        108.00219072614398,
        107.65963091169085,
        107.32348741803851,
        106.99365997314453,
        106.67005702427456,
        106.35257175990513,
        106.04109736851284,
        105.7355215890067,
        105.43572671072823,
        105.14161355154855,
        104.85305459158761,
        104.56995064871651,
        104.29219055175781,
        104.01967184884208,
        103.75228009905133,
        103.48992592947823,
        103.23250470842633,
        102.97991289411273,
        102.73205675397601,
        102.4888447352818,
        102.25018092564174,
        102.01597595214844,
        101.78614698137555,
        101.56059810093471,
        101.33924538748605,
        101.12201472691127,
        100.90881238664899,
        100.69956970214844,
        100.49419839041573,
        100.2926276070731,
        100.09478323800224,
        99.90058898925781,
        99.70997401646206,
        99.52286420549665,
        99.33919852120536,
        99.15890393938336,
        98.98191724504743,
        98.80817304338727,
        98.6375983101981,
        98.47014508928571,
        98.30574580601284,
        98.14433833530971,
        97.98587254115513,
        97.83028302873883,
        97.6775153023856,
        97.5275159563337,
        97.38023158482143,
        97.23561205182757,
        97.09360177176339,
        96.95414624895368,
        96.81720188685826,
        96.68271854945591,
        96.55065264020648,
        96.42095184326172,
        96.29357365199498,
        96.16847120012555,
        96.04560089111328,
        95.92491912841797,
        95.80639321463448,
        95.68996211460659,
        95.57560729980469,
        95.46327645438058,
        95.3529303414481,
        95.24453626360211,
        95.13805716378349,
        95.03345271519252,
        94.9306891305106,
        94.82973153250558,
        94.7305439540318,
        94.63309587751117,
        94.537351335798,
        94.44327763148716,
        94.35084642682757,
        94.26002284458706,
        94.17078508649554,
        94.08308955601284,
        93.99691772460938,
        93.91223580496651,
        93.82902090890067,
        93.7472414289202,
        93.66686684744698,
        93.58787863595145,
        93.51025063650948
    ],