{
    "testproblem": "quadratic_deep",
    "batch_size": 128,
    "num_epochs": 100,
    "random_seed": 42,
    "l2_reg": null,
    "optimizer_name": "AdaBeliefOptimizer",
    "optimizer_hyperparams": {
        "learning_rate": 0.8862326508576248,
        "beta1": 0.8533233119824721,
        "beta2": 0.8361228684381321,
        "epsilon": 1e-14
    },
    "training_params": {
        "lr_sched_epochs": [
            1,
            2,
            3,
            4,
            5,
            6,
            7,
            8,
            9,
            10,
            11,
            12,
            13,
            14,
            15,
            16,
            17,
            18,
            19,
            20,
            21,
            22,
            23,
            24,
            25,
            26,
            27,
            28,
            29,
            30,
            31,
            32,
            33,
            34,
            35,
            36,
            37,
            38,
            39,
            40,
            41,
            42,
            43,
            44,
            45,
            46,
            47,
            48,
            49,
            50,
            51,
            52,
            53,
            54,
            55,
            56,
            57,
            58,
            59,
            60,
            61,
            62,
            63,
            64,
            65,
            66,
            67,
            68,
            69,
            70,
            71,
            72,
            73,
            74,
            75,
            76,
            77,
            78,
            79,
            80,
            81,
            82,
            83,
            84,
            85,
            86,
            87,
            88,
            89,
            90,
            91,
            92,
            93,
            94,
            95,
            96,
            97,
            98,
            99,
            100
        ],
        "lr_sched_factors": [
            0.9755282581475768,
            0.9045084971874737,
            0.7938926261462366,
            0.6545084971874737,
            0.5,
            0.34549150281252633,
            0.2061073738537635,
            0.09549150281252633,
            0.024471741852423234,
            1.0,
            0.9938441702975689,
            0.9755282581475768,
            0.9455032620941839,
            0.9045084971874737,
            0.8535533905932737,
            0.7938926261462366,
            0.7269952498697734,
            0.6545084971874737,
            0.5782172325201155,
            0.5,
            0.42178276747988447,
            0.34549150281252633,
            0.2730047501302266,
            0.2061073738537635,
            0.14644660940672627,
            0.09549150281252633,
            0.054496737905816106,
            0.024471741852423234,
            0.00615582970243117,
            1.0,
            0.998458666866564,
            0.9938441702975689,
            0.9861849601988383,
            0.9755282581475768,
            0.9619397662556434,
            0.9455032620941839,
            0.9263200821770461,
            0.9045084971874737,
            0.8802029828000155,
            0.8535533905932737,
            0.8247240241650917,
            0.7938926261462366,
            0.7612492823579744,
            0.7269952498697734,
            0.6913417161825449,
            0.6545084971874737,
            0.6167226819279528,
            0.5782172325201155,
            0.5392295478639225,
            0.5,
            0.4607704521360776,
            0.42178276747988447,
            0.38327731807204746,
            0.34549150281252633,
            0.30865828381745514,
            0.2730047501302266,
            0.2387507176420256,
            0.2061073738537635,
            0.17527597583490823,
            0.14644660940672627,
            0.11979701719998453,
            0.09549150281252633,
            0.07367991782295391,
            0.054496737905816106,
            0.03806023374435663,
            0.024471741852423234,
            0.013815039801161721,
            0.00615582970243117,
            0.001541333133436018,
            1.0,
            0.9996145181203615,
            0.998458666866564,
            0.9965342284774632,
            0.9938441702975689,
            0.9903926402016152,
            0.9861849601988383,
            0.9812276182268236,
            0.9755282581475768,
            0.9690956679612421,
            0.9619397662556434,
            0.9540715869125407,
            0.9455032620941839,
            0.9362480035363986,
            0.9263200821770461,
            0.9157348061512727,
            0.9045084971874737,
            0.8926584654403724,
            0.8802029828000155,
            0.8671612547178428,
            0.8535533905932737,
            0.839400372766471,
            0.8247240241650917,
            0.8095469746549171,
            0.7938926261462366,
            0.7777851165098011,
            0.7612492823579744,
            0.7443106207484775,
            0.7269952498697734,
            0.7093298687687141,
            0.6913417161825449
        ]
    },
    "train_losses": [
        355.276114327567,
        424101627522486.9,
        424100980401298.3,
        424099686158921.1,
        424097840665161.1,
        424095851366692.56,
        424093847687753.1,
        424092294596900.56,
        424091091430838.9,
        424090453896630.9,
        424090434722669.7,
        424082674061897.1,
        424074160823149.7,
        424065048398116.56,
        424055533319899.44,
        424045653936420.56,
        424035712237568.0,
        424025818473618.3,
        424016173971163.44,
        424006970469814.9,
        423998380535222.9,
        423990600700489.1,
        423983674107026.3,
        423977787700955.44,
        423972836025490.3,
        423968919743926.9,
        423966072410697.1,
        423964135840621.7,
        423962870359186.3,
        423962261585920.0,
        423962208857526.9,
        423938644059282.3,
        423914158910902.9,
        423889060195766.9,
        423863343120384.0,
        423837127522011.44,
        423810360672256.0,
        423783426050340.56,
        423756179851556.56,
        423728847369947.44,
        423701586790692.56,
        423674369352850.3,
        423647405969993.1,
        423620782924946.3,
        423594572120064.0,
        423569051577782.9,
        423544111047826.3,
        423519884747922.3,
        423496679461449.1,
        423474346590208.0,
        423453111428242.3,
        423433031497435.44,
        423414140352219.44,
        423396366090240.0,
        423379881277147.44,
        423364882446043.44,
        423351168270336.0,
        423338786684928.0,
        423327766450761.1,
        423317954176146.3,
        423309560774656.0,
        423302399300169.1,
        423296560829001.1,
        423291503696749.7,
        423287740806875.44,
        423284859919213.7,
        423282813098861.7,
        423281408606208.0,
        423280684789174.9,
        423280493049563.44,
        423280493049563.44,
        423222784220013.7,
        423164188594761.1,
        423104758902198.9,
        423044614979584.0,
        422983617815698.3,
        422922055019958.9,
        422859869070482.3,
        422797035999817.1,
        422733728373613.7,
        422669950985362.3,
        422605794911378.3,
        422541336847506.3,
        422476557619785.1,
        422411514750098.3,
        422346414358528.0,
        422281165368758.9,
        422215830096164.56,
        422150686563181.7,
        422085418399451.44,
        422020399497216.0,
        421955601095533.7,
        421891224520996.56,
        421827068447012.56,
        421763386928566.9,
        421700213520091.44,
        421637572189037.7,
        421575539631250.3,
        421514149401161.1,
        421453674727716.56,
        421393804034048.0
    ],