{
    "testproblem": "quadratic_deep",
    "batch_size": 128,
    "num_epochs": 100,
    "random_seed": 42,
    "l2_reg": null,
    "optimizer_name": "RMSPropOptimizer",
    "optimizer_hyperparams": {
        "learning_rate": 0.002715581955282939,
        "decay": 0.999709279110934,
        "momentum": 0.0,
        "epsilon": 1e-10,
        "use_locking": false,
        "centered": false
    },
    "training_params": {
        "lr_sched_epochs": [
            1,
            2,
            3,
            4,
            5,
            6,
            7,
            8,
            9,
            10,
            11,
            12,
            13,
            14,
            15,
            16,
            17,
            18,
            19,
            20,
            21,
            22,
            23,
            24,
            25,
            26,
            27,
            28,
            29,
            30,
            31,
            32,
            33,
            34,
            35,
            36,
            37,
            38,
            39,
            40,
            41,
            42,
            43,
            44,
            45,
            46,
            47,
            48,
            49,
            50,
            51,
            52,
            53,
            54,
            55,
            56,
            57,
            58,
            59,
            60,
            61,
            62,
            63,
            64,
            65,
            66,
            67,
            68,
            69,
            70,
            71,
            72,
            73,
            74,
            75,
            76,
            77,
            78,
            79,
            80,
            81,
            82,
            83,
            84,
            85,
            86,
            87,
            88,
            89,
            90,
            91,
            92,
            93,
            94,
            95,
            96,
            97,
            98,
            99,
            100
        ],
        "lr_sched_factors": [
            0.9755282581475768,
            0.9045084971874737,
            0.7938926261462366,
            0.6545084971874737,
            0.5,
            0.34549150281252633,
            0.2061073738537635,
            0.09549150281252633,
            0.024471741852423234,
            1.0,
            0.9938441702975689,
            0.9755282581475768,
            0.9455032620941839,
            0.9045084971874737,
            0.8535533905932737,
            0.7938926261462366,
            0.7269952498697734,
            0.6545084971874737,
            0.5782172325201155,
            0.5,
            0.42178276747988447,
            0.34549150281252633,
            0.2730047501302266,
            0.2061073738537635,
            0.14644660940672627,
            0.09549150281252633,
            0.054496737905816106,
            0.024471741852423234,
            0.00615582970243117,
            1.0,
            0.998458666866564,
            0.9938441702975689,
            0.9861849601988383,
            0.9755282581475768,
            0.9619397662556434,
            0.9455032620941839,
            0.9263200821770461,
            0.9045084971874737,
            0.8802029828000155,
            0.8535533905932737,
            0.8247240241650917,
            0.7938926261462366,
            0.7612492823579744,
            0.7269952498697734,
            0.6913417161825449,
            0.6545084971874737,
            0.6167226819279528,
            0.5782172325201155,
            0.5392295478639225,
            0.5,
            0.4607704521360776,
            0.42178276747988447,
            0.38327731807204746,
            0.34549150281252633,
            0.30865828381745514,
            0.2730047501302266,
            0.2387507176420256,
            0.2061073738537635,
            0.17527597583490823,
            0.14644660940672627,
            0.11979701719998453,
            0.09549150281252633,
            0.07367991782295391,
            0.054496737905816106,
            0.03806023374435663,
            0.024471741852423234,
            0.013815039801161721,
            0.00615582970243117,
            0.001541333133436018,
            1.0,
            0.9996145181203615,
            0.998458666866564,
            0.9965342284774632,
            0.9938441702975689,
            0.9903926402016152,
            0.9861849601988383,
            0.9812276182268236,
            0.9755282581475768,
            0.9690956679612421,
            0.9619397662556434,
            0.9540715869125407,
            0.9455032620941839,
            0.9362480035363986,
            0.9263200821770461,
            0.9157348061512727,
            0.9045084971874737,
            0.8926584654403724,
            0.8802029828000155,
            0.8671612547178428,
            0.8535533905932737,
            0.839400372766471,
            0.8247240241650917,
            0.8095469746549171,
            0.7938926261462366,
            0.7777851165098011,
            0.7612492823579744,
            0.7443106207484775,
            0.7269952498697734,
            0.7093298687687141,
            0.6913417161825449
        ]
    },
    "train_losses": [
        355.276114327567,
        159.90213884626115,
        119.74815695626395,
        109.2870101928711,
        106.05675288609096,
        104.83557673863002,
        104.27511814662388,
        103.98677607945034,
        103.83952985491071,
        103.77612413678851,
        103.7603018624442,
        103.21617017473493,
        102.77698952811105,
        102.3814937046596,
        102.01453835623605,
        101.67371150425502,
        101.35977717808315,
        101.07398659842355,
        100.81730215890067,
        100.5902121407645,
        100.39267403738839,
        100.22415488106864,
        100.08363124302456,
        99.96961757114956,
        99.88021959577289,
        99.81312125069755,
        99.7656500680106,
        99.73478044782367,
        99.71719360351562,
        99.70929718017578,
        99.70731353759766,
        99.39367784772601,
        99.08711787632534,
        98.78844015938895,
        98.49877820696149,
        98.21895272391183,
        97.94950539725167,
        97.69082423618862,
        97.4431871686663,
        97.20677512032645,
        96.98172106061664,
        96.76807839529855,
        96.56585039411273,
        96.37499237060547,
        96.19541713169643,
        96.02699061802456,
        95.86955806187221,
        95.72291237967355,
        95.58683558872768,
        95.46106937953404,
        95.34534672328404,
        95.23936898367745,
        95.14281245640346,
        95.05535016741071,
        94.97662571498326,
        94.9062728881836,
        94.8438971383231,
        94.78910064697266,
        94.74146597726005,
        94.70054626464844,
        94.66590227399554,
        94.6370598929269,
        94.61353519984654,
        94.5948235648019,
        94.58040727887835,
        94.56975773402623,
        94.5623299734933,
        94.55755288260323,
        94.55485207693917,
        94.55365208217076,
        94.55334799630302,
        94.36454772949219,
        94.17931474958148,
        93.99742344447544,
        93.81952231270927,
        93.6459732055664,
        93.47693961007255,
        93.31248474121094,
        93.15259660993304,
        92.99725777762276,
        92.84643118722099,
        92.7000732421875,
        92.55812399727958,
        92.4205300467355,
        92.28722599574498,
        92.1581562587193,
        92.03324018205915,
        91.91242000034877,
        91.79561070033482,
        91.68274252755302,
        91.57373918805804,
        91.46852329799107,
        91.36702183314732,
        91.26914433070591,
        91.17482321602958,
        91.08397565569196,
        90.99651663643974,
        90.9123774937221,
        90.83147757393974,
        90.7537351335798,
        90.6790771484375
    ],