{
    "testproblem": "quadratic_deep",
    "batch_size": 128,
    "num_epochs": 100,
    "random_seed": 42,
    "l2_reg": null,
    "optimizer_name": "AdagradOptimizer",
    "optimizer_hyperparams": {
        "learning_rate": 0.0006290644294586146,
        "initial_accumulator_value": 0.1,
        "use_locking": false
    },
    "training_params": {
        "lr_sched_epochs": [],
        "lr_sched_factors": []
    },
    "train_losses": [
        347.13721139090404,
        344.27933611188615,
        342.7691083635603,
        341.6027352469308,
        340.61854771205356,
        339.7519749232701,
        338.96939522879467,
        338.2507585797991,
        337.5828552246094,
        336.9564950125558,
        336.3649684361049,
        335.80320957728793,
        335.26722499302457,
        334.75390625,
        334.26070731026783,
        333.7854745047433,
        333.32650320870533,
        332.8822283063616,
        332.451416015625,
        332.03295462472096,
        331.6258850097656,
        331.2293483189174,
        330.8426252092634,
        330.4650573730469,
        330.09605625697543,
        329.7350812639509,
        329.38165283203125,
        329.03533935546875,
        328.69576154436385,
        328.362557547433,
        328.0354221888951,
        327.7140197753906,
        327.3980974469866,
        327.0873718261719,
        326.78162928989957,
        326.4806823730469,
        326.1842782156808,
        325.89224679129467,
        325.60440935407365,
        325.32059587751115,
        325.0406930106027,
        324.7644958496094,
        324.49190412248885,
        324.2227870396205,
        323.95702689034596,
        323.6945103236607,
        323.4351065499442,
        323.17872837611606,
        322.925284249442,
        322.6746738978795,
        322.4268362862723,
        322.1816711425781,
        321.93909127371654,
        321.6990400041853,
        321.4614475795201,
        321.2262224469866,
        320.99329921177457,
        320.7626517159598,
        320.53419276646207,
        320.30786568777904,
        320.08363560267856,
        319.86141531808033,
        319.6412091936384,
        319.42293439592635,
        319.20654732840404,
        318.9920000348772,
        318.7792489188058,
        318.56824166434154,
        318.3589826311384,
        318.15140206473217,
        317.9454650878906,
        317.7411455426897,
        317.5384085518973,
        317.33719308035717,
        317.1375165666853,
        316.9393092564174,
        316.74254935128346,
        316.54722377232144,
        316.35328456333707,
        316.16073172433033,
        315.9695347377232,
        315.77965872628346,
        315.59106881277904,
        315.40374755859375,
        315.21768624441967,
        315.0328369140625,
        314.8491908482143,
        314.66674368722096,
        314.48543439592635,
        314.3052891322545,
        314.1262773786272,
        313.94836861746654,
        313.77151925223217,
        313.59576416015625,
        313.42105538504467,
        313.24737548828125,
        313.07472446986606,
        312.90307181222096,
        312.732413155692,
        312.5627136230469,
        312.3939950125558
    ],
    "valid_losses": [
        349.22410365513394,
        346.3556474958147,
        344.83987862723217,
        343.6692330496652,
        342.681396484375,
        341.8115801130022,
        341.02610560825894,
        340.3047790527344,
        339.63436017717635,
        339.0056413922991,
        338.4118870326451,
        337.84800502232144,
        337.3099931989397,
        336.7947213309152,
        336.2996390206473,
        335.82261439732144,
        335.36185564313615,
        334.9158848353795,
        334.4834202357701,
        334.0633457728795,
        333.6547154017857,
        333.25665283203125,
        332.8684387207031,
        332.48941476004467,
        332.1189749581473,
        331.756583077567,
        331.4017813546317,
        331.0541207449777,
        330.71321759905135,
        330.3787275041853,
        330.050284249442,
        329.72764369419644,
        329.4104745047433,
        329.0985325404576,
        328.79158673967635,
        328.48944091796875,
        328.1918727329799,
        327.89867728097096,
        327.6096932547433,
        327.3247767857143,
        327.0437534877232,
        326.7664707728795,
        326.49278041294644,
        326.2225864955357,
        325.9557669503348,
        325.69219970703125,
        325.4317539760045,
        325.17435128348217,
        324.9198957170759,
        324.6682782854353,
        324.419442313058,
        324.17330060686385,
        323.92972673688615,
        323.68871634347096,
        323.4501517159598,
        323.2139805385045,
        322.98011997767856,
        322.74852207728793,
        322.5191563197545,
        322.29190499441967,
        322.06675938197543,
        321.84363228934154,
        321.6225324358259,
        321.4033639090402,
        321.1860918317522,
        320.97066824776783,
        320.7570364815848,
        320.54517909458707,
        320.3350524902344,
        320.12662179129467,
        319.9198303222656,
        319.7146693638393,
        319.51110403878346,
        319.3090558733259,
        319.10855538504467,
        318.9095241001674,
        318.71194893973217,
        318.5158168247768,
        318.3210885184152,
        318.1277160644531,
        317.9357343401228,
        317.7450648716518,
        317.5556858607701,
        317.3675842285156,
        317.18075125558033,
        316.995125906808,
        316.81072998046875,
        316.6275068010603,
        316.4454432896205,
        316.26453944614957,
        316.08477783203125,
        315.9061192103795,
        315.7285374232701,
        315.5520281110491,
        315.37659127371654,
        315.20216151646207,
        315.028799874442,
        314.8564235142299,
        314.6850280761719,
        314.5146266392299,
        314.34517560686385
    ],