{
    "testproblem": "fmnist_vae",
    "batch_size": 64,
    "num_epochs": 100,
    "random_seed": 42,
    "l2_reg": null,
    "optimizer_name": "NAG",
    "optimizer_hyperparams": {
        "learning_rate": 0.35387588647792384,
        "momentum": 0.9922578835260037,
        "use_locking": false,
        "use_nesterov": true
    },
    "training_params": {
        "lr_sched_epochs": null,
        "lr_sched_factors": null
    },
    "train_losses": [
        133.51027963100336,
        133.51027963100336,
        133.51027963100336,
        133.51027963100336,
        133.51027963100336,
        133.51027963100336,
        133.51027963100336,
        133.51027963100336,
        133.51027963100336,
        133.51027963100336,
        133.51027963100336,
        133.51027963100336,
        133.51027963100336,
        133.51027963100336,
        133.51027963100336,
        133.51027963100336,
        133.51027963100336,
        133.51027963100336,
        133.51027963100336,
        133.51027963100336,
        133.51027963100336,
        133.51027963100336,
        133.51027963100336,
        133.51027963100336,
        133.51027963100336,
        133.51027963100336,
        133.51027963100336,
        133.51027963100336,
        133.51027963100336,
        133.51027963100336,
        133.51027963100336,
        133.51027963100336,
        133.51027963100336,
        133.51027963100336,
        133.51027963100336,
        133.51027963100336,
        133.51027963100336,
        133.51027963100336,
        133.51027963100336,
        133.51027963100336,
        133.51027963100336,
        133.51027963100336,
        133.51027963100336,
        133.51027963100336,
        133.51027963100336,
        133.51027963100336,
        133.51027963100336,
        133.51027963100336,
        133.51027963100336,
        133.51027963100336,
        133.51027963100336,
        133.51027963100336,
        133.51027963100336,
        133.51027963100336,
        133.51027963100336,
        133.51027963100336,
        133.51027963100336,
        133.51027963100336,
        133.51027963100336,
        133.51027963100336,
        133.51027963100336,
        133.51027963100336,
        133.51027963100336,
        133.51027963100336,
        133.51027963100336,
        133.51027963100336,
        133.51027963100336,
        133.51027963100336,
        133.51027963100336,
        133.51027963100336,
        133.51027963100336,
        133.51027963100336,
        133.51027963100336,
        133.51027963100336,
        133.51027963100336,
        133.51027963100336,
        133.51027963100336,
        133.51027963100336,
        133.51027963100336,
        133.51027963100336,
        133.51027963100336,
        133.51027963100336,
        133.51027963100336,
        133.51027963100336,
        133.51027963100336,
        133.51027963100336,
        133.51027963100336,
        133.51027963100336,
        133.51027963100336,
        133.51027963100336,
        133.51027963100336,
        133.51027963100336,
        133.51027963100336,
        133.51027963100336,
        133.51027963100336,
        133.51027963100336,
        133.51027963100336,
        133.51027963100336,
        133.51027963100336,
        133.51027963100336,
        133.51027963100336
    ],
    "valid_losses": [
        134.02608362833658,
        134.02608362833658,
        134.02608362833658,
        134.02608362833658,
        134.02608362833658,
        134.02608362833658,
        134.02608362833658,
        134.02608362833658,
        134.02608362833658,
        134.02608362833658,
        134.02608362833658,
        134.02608362833658,
        134.02608362833658,
        134.02608362833658,
        134.02608362833658,
        134.02608362833658,
        134.02608362833658,
        134.02608362833658,
        134.02608362833658,
        134.02608362833658,
        134.02608362833658,
        134.02608362833658,
        134.02608362833658,
        134.02608362833658,
        134.02608362833658,
        134.02608362833658,
        134.02608362833658,
        134.02608362833658,
        134.02608362833658,
        134.02608362833658,
        134.02608362833658,
        134.02608362833658,
        134.02608362833658,
        134.02608362833658,
        134.02608362833658,
        134.02608362833658,
        134.02608362833658,
        134.02608362833658,
        134.02608362833658,
        134.02608362833658,
        134.02608362833658,
        134.02608362833658,
        134.02608362833658,
        134.02608362833658,
        134.02608362833658,
        134.02608362833658,
        134.02608362833658,
        134.02608362833658,
        134.02608362833658,
        134.02608362833658,
        134.02608362833658,
        134.02608362833658,
        134.02608362833658,
        134.02608362833658,
        134.02608362833658,
        134.02608362833658,
        134.02608362833658,
        134.02608362833658,
        134.02608362833658,
        134.02608362833658,
        134.02608362833658,
        134.02608362833658,
        134.02608362833658,
        134.02608362833658,
        134.02608362833658,
        134.02608362833658,
        134.02608362833658,
        134.02608362833658,
        134.02608362833658,
        134.02608362833658,
        134.02608362833658,
        134.02608362833658,
        134.02608362833658,
        134.02608362833658,
        134.02608362833658,
        134.02608362833658,
        134.02608362833658,
        134.02608362833658,
        134.02608362833658,
        134.02608362833658,
        134.02608362833658,
        134.02608362833658,
        134.02608362833658,
        134.02608362833658,
        134.02608362833658,
        134.02608362833658,
        134.02608362833658,
        134.02608362833658,
        134.02608362833658,
        134.02608362833658,
        134.02608362833658,
        134.02608362833658,
        134.02608362833658,
        134.02608362833658,
        134.02608362833658,
        134.02608362833658,
        134.02608362833658,
        134.02608362833658,
        134.02608362833658,
        134.02608362833658,
        134.02608362833658
    ],