{
    "testproblem": "quadratic_deep",
    "batch_size": 128,
    "num_epochs": 100,
    "random_seed": 44,
    "l2_reg": null,
    "optimizer_name": "MomentumOptimizer",
    "optimizer_hyperparams": {
        "learning_rate": 0.01,
        "momentum": 0.99,
        "use_locking": false,
        "use_nesterov": false
    },
    "training_params": {
        "lr_sched_epochs": [],
        "lr_sched_factors": []
    },
    "train_losses": [
        345.13403756277904,
        127.49594334193638,
        229.89390999930245,
        209.61141749790735,
        178.42887660435267,
        181.0208500453404,
        168.57601928710938,
        205.66415187290735,
        118.89861951555524,
        182.24546813964844,
        162.91829790387834,
        121.58418927873883,
        168.74972316196985,
        119.78401402064732,
        146.23568071637834,
        133.80191258021765,
        127.69564165387835,
        126.95067923409599,
        111.03880310058594,
        134.79052080426897,
        109.11822618756976,
        113.96826280866351,
        120.75492095947266,
        107.2093996320452,
        106.63498905726841,
        104.4800774710519,
        111.3423843383789,
        100.26842062813895,
        102.41639927455357,
        103.89960152762276,
        97.33312661307198,
        97.70611790248326,
        97.93543243408203,
        96.7941665649414,
        93.83474731445312,
        97.79222106933594,
        91.59358869280133,
        91.85761478969029,
        95.42627934047154,
        88.67827933175224,
        91.09502955845424,
        90.77506147112165,
        90.51285552978516,
        87.89190128871373,
        89.87331826346261,
        89.54760197230748,
        83.73776027134487,
        90.62324741908482,
        87.21282958984375,
        85.23801095145089,
        88.41262817382812,
        86.00850241524833,
        85.6881343296596,
        83.71930585588727,
        87.3192160470145,
        85.84668077741351,
        83.61737496512276,
        86.68861280168805,
        83.64605603899274,
        83.8914794921875,
        84.58879743303571,
        84.9265387398856,
        84.06444440569196,
        83.37246813092914,
        85.33615984235492,
        82.30045645577567,
        83.0874492100307,
        85.11398315429688,
        83.01992470877511,
        82.98682294573102,
        83.58642687116351,
        83.80803789411273,
        82.39061955043248,
        82.92506844656808,
        83.89548710414341,
        82.57227216448102,
        82.8618894304548,
        83.17259761265346,
        82.88053458077567,
        82.71291133335659,
        82.74175589425224,
        82.87174224853516,
        82.45726122174945,
        82.880861554827,
        82.95355115618024,
        82.4790529523577,
        82.45011247907367,
        82.63775634765625,
        82.58441816057477,
        82.40542275565011,
        82.71406664167132,
        82.77683367047992,
        82.3487309047154,
        82.2007805960519,
        82.50691659109933,
        82.61399732317243,
        82.39363861083984,
        82.53736550467355,
        82.50587136404855,
        82.26437813895089,
        82.28435952322823
    ],
    "valid_losses": [
        349.22410365513394,
        126.98362404959542,
        226.1330348423549,
        213.9400394984654,
        182.25769696916853,
        177.19584437779017,
        167.14935956682478,
        208.98472595214844,
        118.83609989711216,
        181.14249311174666,
        166.12169102260046,
        122.2010029384068,
        164.99174063546317,
        120.78285108293805,
        149.7403281075614,
        133.09710693359375,
        127.6063232421875,
        128.72735050746374,
        109.86830466134208,
        133.510981968471,
        111.28854152134487,
        115.97016906738281,
        119.94201769147601,
        106.64257267543248,
        107.86629813058036,
        104.47121102469308,
        111.02255575997489,
        102.43661934988839,
        103.23318263462612,
        102.19690922328404,
        97.76548440115792,
        99.17908259800502,
        97.75198146275112,
        97.31341552734375,
        95.05823407854352,
        97.40332358224052,
        91.04946790422711,
        92.98600115094867,
        96.52833666120257,
        88.54869951520648,
        91.33243124825614,
        91.45893205915179,
        90.36969212123326,
        88.21829550606864,
        91.15436553955078,
        89.88993181501117,
        83.47147260393415,
        90.97393471854073,
        87.61001477922711,
        85.6118894304548,
        89.15509578159877,
        86.55364881243024,
        85.72384316580636,
        83.8340083530971,
        87.85773359026227,
        86.40235355922154,
        84.09428078787667,
        87.20862688337054,
        83.78911372593471,
        83.92168317522321,
        85.13081904820034,
        85.51764787946429,
        84.45791299002511,
        83.81165858677456,
        85.58348192487445,
        82.48143332345145,
        83.54844120570591,
        85.68016270228794,
        83.49203382219586,
        83.29878888811383,
        83.86675589425224,
        84.17196219308036,
        82.72482081821987,
        83.40714481898716,
        84.43620191301618,
        82.7581045968192,
        83.09828622000558,
        83.71217564174107,
        83.25349644252232,
        83.07770756312779,
        83.30150822230748,
        83.18881116594586,
        82.6209716796875,
        83.33285631452289,
        83.49297986711774,
        82.80013929094586,
        82.78135572160993,
        83.09463065011161,
        82.87285505022321,
        82.68090384347099,
        83.29921613420758,
        83.25858960832868,
        82.54213605608258,
        82.56434195382255,
        82.96280234200614,
        82.89344024658203,
        82.7900891985212,
        83.08829498291016,
        82.84724753243583,
        82.49004473005023,
        82.7148938860212
    ],