{"testproblem": "fmnist_2c2d", "batch_size": 128, "num_epochs": 100, "random_seed": 46, "weight_decay": null, "optimizer_name": "SGD", "optimizer_hyperparams": {"lr": 0.00039810717055349735}, "train_losses": [2.360566557982029, 2.0725288819044065, 1.7062385235077295, 1.2570768701724517, 0.994838113968189, 0.8602458162185473, 0.7971819631564312, 0.740474318082516, 0.710114489763211, 0.6999360147194985, 0.6678983683769519, 0.6515233952265519, 0.6520252388257247, 0.632870498758096, 0.6120579036382529, 0.6123615789871949, 0.5961225346112863, 0.5767079442739487, 0.592480881856038, 0.5613071402678123, 0.5704576525932703, 0.5600645675873145, 0.5586243894619819, 0.5527468258753802, 0.5477653451454945, 0.5311082479281303, 0.5222539340074246, 0.5103582162887622, 0.5201210322288367, 0.5177394082913032, 0.5171529960173827, 0.49541800029766864, 0.5029018364655666, 0.5030212581921847, 0.4953116266391216, 0.48658372920293075, 0.4869550455075044, 0.49110909303029376, 0.48896559843650234, 0.4794921794762978, 0.47638138555563414, 0.4768571995007686, 0.473965231806804, 0.4584925476557169, 0.46113265936191267, 0.45485709836849797, 0.4553222579833789, 0.4484736957611182, 0.45981822258386856, 0.4556053170026877, 0.4519523940025232, 0.43802782129018736, 0.43588929489637035, 0.45240307312745315, 0.44503238529731065, 0.4425161668123343, 0.43764886489281285, 0.4378434797892204, 0.4349194402113939, 0.4329489156221732, 0.431714178277896, 0.4227902495708221, 0.42908701644493985, 0.4322454967559912, 0.42556043389516, 0.42650732894738513, 0.414145766160427, 0.4132250383114203, 0.4197507542677415, 0.4245432152962073, 0.41065792701183224, 0.4236168555724315, 0.40486563130831105, 0.4087398602412297, 0.4114373586116693, 0.4030976142638769, 0.4129544821305153, 0.39801308856560635, 0.3878119801863646, 0.40593119806204087, 0.4041691277271662, 0.3954338714098319, 0.40072270387258285, 0.3974707837288196, 0.392242316252146, 0.38390208513308793, 0.38686608465818256, 0.39982031495907366, 0.39290108512609434, 0.3988455912241569, 0.3811083237330119, 0.39243410050104827, 0.38679265861327833, 0.3906196124660663, 0.38301671200837845, 0.3678703581293424, 0.3895971534343866, 0.37608345063068926, 0.39200288095535374, 0.3822540935033407, 0.3852708790546808], "test_losses": [2.3607060053409676, 2.07480535751734, 1.710304006552085, 1.2707868722768931, 1.0026166347356944, 0.8762894792434497, 0.8108481696018806, 0.7661184064852886, 0.736340907903818, 0.7114738921324412, 0.6933751014562753, 0.678622889595154, 0.6672157817162, 0.6503622226226025, 0.6375516068476897, 0.6325904574149694, 0.6178206075460483, 0.6102817685176165, 0.6029976976987643, 0.5942228535811106, 0.588500385865187, 0.5819685046489422, 0.5795355710463647, 0.5698160318992077, 0.5637173469250019, 0.5608921700563186, 0.5564453781415255, 0.5499150821795831, 0.5462330346688246, 0.541501216399364, 0.5368711417302107, 0.5329177001347909, 0.5352489592937323, 0.5295362602441739, 0.5223156477396305, 0.5196635348674579, 0.514742713708144, 0.5117398236806576, 0.5111565139049139, 0.5086388202049793, 0.506823372000303, 0.4999631819052574, 0.49860279032817256, 0.4931748773042972, 0.4901302689925218, 0.49150086824710554, 0.4884785830210417, 0.4903493741383919, 0.4828584778767366, 0.48126570383707684, 0.4782154254424266, 0.47517842742112965, 0.47194218253478026, 0.4706208595098593, 0.4725992446526503, 0.4665188670922548, 0.46477923293908435, 0.46705245207517576, 0.4630886079409184, 0.4595521378975648, 0.460362040079557, 0.453897700095788, 0.4590249821925775, 0.4496995604191071, 0.4522730562931452, 0.4519096666421646, 0.4455395417335706, 0.4469755490620931, 0.4483884878647633, 0.44813997126542604, 0.44302716239904744, 0.4500892559687297, 0.4384893985130848, 0.4399775450046246, 0.433134505381951, 0.43263159195582074, 0.431400117965845, 0.43553974269292295, 0.4353678352557696, 0.4274738813057924, 0.4310334611397523, 0.43439236054053676, 0.4258951097726822, 0.4263247331747642, 0.42417231584206605, 0.421509971221288, 0.42018542343225235, 0.4243525404196519, 0.4185779977303285, 0.4212671823990651, 0.4172959939027444, 0.4231378577458553, 0.42546865305839443, 0.4146798081122912, 0.41249459523421067, 0.4138979078867497, 0.4223584334055583, 0.4094421611382411, 0.4104415415189205, 0.40956230270556915, 0.4085127852666072], "train_accuracies": [0.1162860576923077, 0.4011418269230769, 0.5863381410256411, 0.6557491987179487, 0.692207532051282, 0.7173477564102564, 0.7321714743589743, 0.7484975961538461, 0.7503004807692307, 0.7611177884615384, 0.7713341346153846, 0.7757411858974359, 0.7700320512820513, 0.7794471153846154, 0.7912660256410257, 0.7822516025641025, 0.7927684294871795, 0.797676282051282, 0.7953725961538461, 0.8064903846153846, 0.7991786858974359, 0.8106971153846154, 0.8050881410256411, 0.8004807692307693, 0.8119991987179487, 0.8108974358974359, 0.8169070512820513, 0.8221153846153846, 0.8213141025641025, 0.8194110576923077, 0.8215144230769231, 0.8264222756410257, 0.8233173076923077, 0.8224158653846154, 0.8252203525641025, 0.8310296474358975, 0.8330328525641025, 0.827323717948718, 0.8285256410256411, 0.8294270833333334, 0.8294270833333334, 0.8331330128205128, 0.8372395833333334, 0.8388421474358975, 0.8413461538461539, 0.8357371794871795, 0.8372395833333334, 0.8440504807692307, 0.8384415064102564, 0.8361378205128205, 0.8415464743589743, 0.848457532051282, 0.8487580128205128, 0.8415464743589743, 0.8463541666666666, 0.8459535256410257, 0.8490584935897436, 0.84375, 0.84765625, 0.848457532051282, 0.8457532051282052, 0.8558693910256411, 0.8474559294871795, 0.8504607371794872, 0.8455528846153846, 0.8503605769230769, 0.8547676282051282, 0.8539663461538461, 0.8536658653846154, 0.8500600961538461, 0.8587740384615384, 0.8509615384615384, 0.8594751602564102, 0.8539663461538461, 0.8579727564102564, 0.8558693910256411, 0.8504607371794872, 0.8633814102564102, 0.8631810897435898, 0.8609775641025641, 0.8591746794871795, 0.8627804487179487, 0.8596754807692307, 0.8639823717948718, 0.8582732371794872, 0.866386217948718, 0.8658854166666666, 0.8614783653846154, 0.8599759615384616, 0.8614783653846154, 0.8675881410256411, 0.8630809294871795, 0.8652844551282052, 0.8636818910256411, 0.8646834935897436, 0.8717948717948718, 0.8643830128205128, 0.8707932692307693, 0.8623798076923077, 0.8639823717948718, 0.8662860576923077],