{
    "testproblem": "quadratic_deep",
    "batch_size": 128,
    "num_epochs": 100,
    "random_seed": 42,
    "l2_reg": null,
    "optimizer_name": "AdaBoundOptimizer",
    "optimizer_hyperparams": {
        "learning_rate": 0.001998634077852887,
        "final_lr": 0.0931551941548925,
        "beta1": 0.7773751420229438,
        "beta2": 0.9742926208433502,
        "gamma": 0.0026100256506134747,
        "epsilon": 1e-08,
        "amsbound": false,
        "use_locking": false
    },
    "training_params": {
        "lr_sched_epochs": [
            1,
            2,
            3,
            4,
            5,
            6,
            7,
            8,
            9,
            10,
            11,
            12,
            13,
            14,
            15,
            16,
            17,
            18,
            19,
            20,
            21,
            22,
            23,
            24,
            25,
            26,
            27,
            28,
            29,
            30,
            31,
            32,
            33,
            34,
            35,
            36,
            37,
            38,
            39,
            40,
            41,
            42,
            43,
            44,
            45,
            46,
            47,
            48,
            49,
            50,
            51,
            52,
            53,
            54,
            55,
            56,
            57,
            58,
            59,
            60,
            61,
            62,
            63,
            64,
            65,
            66,
            67,
            68,
            69,
            70,
            71,
            72,
            73,
            74,
            75,
            76,
            77,
            78,
            79,
            80,
            81,
            82,
            83,
            84,
            85,
            86,
            87,
            88,
            89,
            90,
            91,
            92,
            93,
            94,
            95,
            96,
            97,
            98,
            99,
            100
        ],
        "lr_sched_factors": [
            0.9997532801828658,
            0.9990133642141358,
            0.99778098230154,
            0.996057350657239,
            0.9938441702975689,
            0.9911436253643444,
            0.9879583809693737,
            0.9842915805643155,
            0.9801468428384715,
            0.9755282581475768,
            0.9704403844771128,
            0.9648882429441257,
            0.9588773128419905,
            0.9524135262330098,
            0.9455032620941839,
            0.9381533400219317,
            0.9303710135019718,
            0.9221639627510075,
            0.9135402871372809,
            0.9045084971874737,
            0.8950775061878452,
            0.8852566213878946,
            0.8750555348152298,
            0.8644843137107058,
            0.8535533905932737,
            0.8422735529643444,
            0.8306559326618259,
            0.8187119948743449,
            0.8064535268264883,
            0.7938926261462366,
            0.7810416889260653,
            0.7679133974894983,
            0.7545207078751857,
            0.7408768370508576,
            0.7269952498697734,
            0.7128896457825363,
            0.6985739453173903,
            0.6840622763423391,
            0.6693689601226458,
            0.6545084971874737,
            0.6394955530196147,
            0.6243449435824275,
            0.6090716206982714,
            0.5936906572928624,
            0.5782172325201155,
            0.5626666167821521,
            0.5470541566592573,
            0.5313952597646567,
            0.5157053795390641,
            0.5,
            0.48429462046093585,
            0.4686047402353433,
            0.45294584334074284,
            0.4373333832178478,
            0.42178276747988447,
            0.4063093427071376,
            0.39092837930172886,
            0.3756550564175727,
            0.3605044469803854,
            0.34549150281252633,
            0.3306310398773543,
            0.31593772365766104,
            0.30142605468260975,
            0.28711035421746367,
            0.2730047501302266,
            0.2591231629491423,
            0.24547929212481434,
            0.23208660251050156,
            0.21895831107393482,
            0.2061073738537635,
            0.19354647317351187,
            0.18128800512565513,
            0.16934406733817414,
            0.15772644703565564,
            0.14644660940672627,
            0.13551568628929433,
            0.1249444651847702,
            0.11474337861210543,
            0.1049224938121548,
            0.09549150281252633,
            0.08645971286271903,
            0.07783603724899257,
            0.06962898649802823,
            0.06184665997806832,
            0.054496737905816106,
            0.04758647376699032,
            0.04112268715800943,
            0.035111757055874326,
            0.029559615522887273,
            0.024471741852423234,
            0.019853157161528467,
            0.015708419435684462,
            0.012041619030626283,
            0.008856374635655695,
            0.00615582970243117,
            0.0039426493427611176,
            0.002219017698460002,
            0.0009866357858642205,
            0.0002467198171342,
            0.0
        ]
    },