{
    "testproblem": "mnist_vae",
    "batch_size": 64,
    "num_epochs": 50,
    "random_seed": 42,
    "l2_reg": null,
    "optimizer_name": "AdamOptimizer",
    "optimizer_hyperparams": {
        "learning_rate": 0.03416764341832967,
        "beta1": 0.913976247916176,
        "beta2": 0.9563794709749147,
        "epsilon": 1e-08,
        "use_locking": false
    },
    "training_params": {
        "lr_sched_epochs": [],
        "lr_sched_factors": []
    },
    "train_losses": [
        181.38856437878732,
        181.38856437878732,
        181.38856437878732,
        181.38856437878732,
        181.38856437878732,
        181.38856437878732,
        181.38856437878732,
        181.38856437878732,
        181.38856437878732,
        181.38856437878732,
        181.38856437878732,
        181.38856437878732,
        181.38856437878732,
        181.38856437878732,
        181.38856437878732,
        181.38856437878732,
        181.38856437878732,
        181.38856437878732,
        181.38856437878732,
        181.38856437878732,
        181.38856437878732,
        181.38856437878732,
        181.38856437878732,
        181.38856437878732,
        181.38856437878732,
        181.38856437878732,
        181.38856437878732,
        181.38856437878732,
        181.38856437878732,
        181.38856437878732,
        181.38856437878732,
        181.38856437878732,
        181.38856437878732,
        181.38856437878732,
        181.38856437878732,
        181.38856437878732,
        181.38856437878732,
        181.38856437878732,
        181.38856437878732,
        181.38856437878732,
        181.38856437878732,
        181.38856437878732,
        181.38856437878732,
        181.38856437878732,
        181.38856437878732,
        181.38856437878732,
        181.38856437878732,
        181.38856437878732,
        181.38856437878732,
        181.38856437878732,
        181.38856437878732
    ],
    "valid_losses": [
        181.33862510094275,
        181.33862510094275,
        181.33862510094275,
        181.33862510094275,
        181.33862510094275,
        181.33862510094275,
        181.33862510094275,
        181.33862510094275,
        181.33862510094275,
        181.33862510094275,
        181.33862510094275,
        181.33862510094275,
        181.33862510094275,
        181.33862510094275,
        181.33862510094275,
        181.33862510094275,
        181.33862510094275,
        181.33862510094275,
        181.33862510094275,
        181.33862510094275,
        181.33862510094275,
        181.33862510094275,
        181.33862510094275,
        181.33862510094275,
        181.33862510094275,
        181.33862510094275,
        181.33862510094275,
        181.33862510094275,
        181.33862510094275,
        181.33862510094275,
        181.33862510094275,
        181.33862510094275,
        181.33862510094275,
        181.33862510094275,
        181.33862510094275,
        181.33862510094275,
        181.33862510094275,
        181.33862510094275,
        181.33862510094275,
        181.33862510094275,
        181.33862510094275,
        181.33862510094275,
        181.33862510094275,
        181.33862510094275,
        181.33862510094275,
        181.33862510094275,
        181.33862510094275,
        181.33862510094275,
        181.33862510094275,
        181.33862510094275,
        181.33862510094275
    ],
    "test_losses": [
        181.40226080478766,
        181.40226080478766,
        181.40226080478766,
        181.40226080478766,
        181.40226080478766,
        181.40226080478766,
        181.40226080478766,
        181.40226080478766,
        181.40226080478766,
        181.40226080478766,
        181.40226080478766,
        181.40226080478766,
        181.40226080478766,
        181.40226080478766,
        181.40226080478766,
        181.40226080478766,
        181.40226080478766,
        181.40226080478766,
        181.40226080478766,
        181.40226080478766,
        181.40226080478766,
        181.40226080478766,
        181.40226080478766,
        181.40226080478766,
        181.40226080478766,
        181.40226080478766,
        181.40226080478766,
        181.40226080478766,
        181.40226080478766,
        181.40226080478766,
        181.40226080478766,
        181.40226080478766,
        181.40226080478766,
        181.40226080478766,
        181.40226080478766,
        181.40226080478766,
        181.40226080478766,
        181.40226080478766,
        181.40226080478766,
        181.40226080478766,
        181.40226080478766,
        181.40226080478766,
        181.40226080478766,
        181.40226080478766,
        181.40226080478766,
        181.40226080478766,
        181.40226080478766,
        181.40226080478766,
        181.40226080478766,
        181.40226080478766,
        181.40226080478766
    ],