{
    "testproblem": "mnist_vae",
    "batch_size": 64,
    "num_epochs": 50,
    "random_seed": 42,
    "l2_reg": null,
    "optimizer_name": "NadamOptimizer",
    "optimizer_hyperparams": {
        "learning_rate": 0.012329098365270508,
        "beta1": 0.6722116020118034,
        "beta2": 0.8045484141920469,
        "epsilon": 1e-07
    },
    "training_params": {
        "lr_sched_epochs": [],
        "lr_sched_factors": []
    },
    "train_losses": [
        181.38856437878732,
        181.38856437878732,
        181.38856437878732,
        181.38856437878732,
        181.38856437878732,
        181.38856437878732,
        181.38856437878732,
        181.38856437878732,
        181.38856437878732,
        181.38856437878732,
        181.38856437878732,
        181.38856437878732,
        181.38856437878732,
        181.38856437878732,
        181.38856437878732,
        181.38856437878732,
        181.38856437878732,
        181.38856437878732,
        181.38856437878732,
        181.38856437878732,
        181.38856437878732,
        181.38856437878732,
        181.38856437878732,
        181.38856437878732,
        181.38856437878732,
        181.38856437878732,
        181.38856437878732,
        181.38856437878732,
        181.38856437878732,
        181.38856437878732,
        181.38856437878732,
        181.38856437878732,
        181.38856437878732,
        181.38856437878732,
        181.38856437878732,
        181.38856437878732,
        181.38856437878732,
        181.38856437878732,
        181.38856437878732,
        181.38856437878732,
        181.38856437878732,
        181.38856437878732,
        181.38856437878732,
        181.38856437878732,
        181.38856437878732,
        181.38856437878732,
        181.38856437878732,
        181.38856437878732,
        181.38856437878732,
        181.38856437878732,
        181.38856437878732
    ],
    "valid_losses": [
        181.33862519875552,
        181.33862519875552,
        181.33862519875552,
        181.33862519875552,
        181.33862519875552,
        181.33862519875552,
        181.33862519875552,
        181.33862519875552,
        181.33862519875552,
        181.33862519875552,
        181.33862519875552,
        181.33862519875552,
        181.33862519875552,
        181.33862519875552,
        181.33862519875552,
        181.33862519875552,
        181.33862519875552,
        181.33862519875552,
        181.33862519875552,
        181.33862519875552,
        181.33862519875552,
        181.33862519875552,
        181.33862519875552,
        181.33862519875552,
        181.33862519875552,
        181.33862519875552,
        181.33862519875552,
        181.33862519875552,
        181.33862519875552,
        181.33862519875552,
        181.33862519875552,
        181.33862519875552,
        181.33862519875552,
        181.33862519875552,
        181.33862519875552,
        181.33862519875552,
        181.33862519875552,
        181.33862519875552,
        181.33862519875552,
        181.33862519875552,
        181.33862519875552,
        181.33862519875552,
        181.33862519875552,
        181.33862519875552,
        181.33862519875552,
        181.33862519875552,
        181.33862519875552,
        181.33862519875552,
        181.33862519875552,
        181.33862519875552,
        181.33862519875552
    ],
    "test_losses": [
        181.40226070697491,
        181.40226070697491,
        181.40226070697491,
        181.40226070697491,
        181.40226070697491,
        181.40226070697491,
        181.40226070697491,
        181.40226070697491,
        181.40226070697491,
        181.40226070697491,
        181.40226070697491,
        181.40226070697491,
        181.40226070697491,
        181.40226070697491,
        181.40226070697491,
        181.40226070697491,
        181.40226070697491,
        181.40226070697491,
        181.40226070697491,
        181.40226070697491,
        181.40226070697491,
        181.40226070697491,
        181.40226070697491,
        181.40226070697491,
        181.40226070697491,
        181.40226070697491,
        181.40226070697491,
        181.40226070697491,
        181.40226070697491,
        181.40226070697491,
        181.40226070697491,
        181.40226070697491,
        181.40226070697491,
        181.40226070697491,
        181.40226070697491,
        181.40226070697491,
        181.40226070697491,
        181.40226070697491,
        181.40226070697491,
        181.40226070697491,
        181.40226070697491,
        181.40226070697491,
        181.40226070697491,
        181.40226070697491,
        181.40226070697491,
        181.40226070697491,
        181.40226070697491,
        181.40226070697491,
        181.40226070697491,
        181.40226070697491,
        181.40226070697491
    ],