{"testproblem": "fmnist_2c2d", "batch_size": 128, "num_epochs": 100, "random_seed": 51, "weight_decay": null, "optimizer_name": "SGD", "optimizer_hyperparams": {"lr": 6.309573444801943}, "train_losses": [2.405998165790851, 2.3105930517881346, 2.3117327323326697, 2.3227262435815272, 2.324342761284266, 2.3217551555389013, 2.326545693935492, 2.322314292956621, 2.323677998322707, 2.322520225475996, 2.320987505790515, 2.3184532813536816, 2.3284594890398855, 2.3141814134059806, 2.32777616305229, 2.309659264026544, 2.3134061312064147, 2.312676970775311, 2.3277341616459384, 2.3157112109355436, 2.3168072333702674, 2.309215839092548, 2.31847436611469, 2.3241160282721887, 2.325759325271998, 2.328226606051127, 2.3142231763937535, 2.3138781235768247, 2.325611566885924, 2.3304872757349258, 2.313717472247588, 2.3195858062841954, 2.324055112325228, 2.3302590663616476, 2.3094625962086215, 2.320060066687755, 2.3246622605201526, 2.3169050094408865, 2.314573434682993, 2.325672223017766, 2.3155042116458597, 2.323903092971215, 2.31649871972891, 2.3239530416635366, 2.3234913777082395, 2.3150456990951147, 2.3158007982449655, 2.3213280042012534, 2.315217626400483, 2.3138738106458616, 2.317313979833554, 2.3158291028096127, 2.3216383579449777, 2.31224171931927, 2.3153913846382728, 2.319361154849713, 2.3047498953648105, 2.3140176015022473, 2.3247267313492603, 2.321065068244934, 2.3171177185498752, 2.3390920895796556, 2.31106065481137, 2.317728498043158, 2.3211303857656627, 2.323412008774586, 2.3167909261507864, 2.33734606168209, 2.3174163286502543, 2.347424424611605, 2.3183469344408083, 2.322994048778827, 2.310022916549291, 2.3093290084447617, 2.3104183918390517, 2.326994938728137, 2.3218896694672413, 2.3122263993972387, 2.310481209021348, 2.3153120401578073, 2.3132833486948257, 2.3163683231060324, 2.313369631767273, 2.326233839377379, 2.3129314398154235, 2.3569683019931498, 2.314578022712316, 2.3185693514652743, 2.319255679081648, 2.308177504784022, 2.3121646581551967, 2.3217963591600075, 2.3296330708723803, 2.3169339436751146, 2.3089660864609938, 2.313342030231769, 2.3123943438896766, 2.319206259189508, 2.3261231306271677, 2.3079751699398727, 2.3436863177861924], "test_losses": [2.400943221190037, 2.310735977613009, 2.313164160801814, 2.324731842065469, 2.324527349227514, 2.3238679384573913, 2.3271722396214805, 2.3257386409319363, 2.323820771315159, 2.324127713839213, 2.3203093241422605, 2.31939928042583, 2.3289414002345157, 2.310636887183556, 2.3265123825806837, 2.3103088996349235, 2.313631228911571, 2.3146580702219253, 2.327225018770267, 2.3146836574261007, 2.316050893221146, 2.311456967622806, 2.3197303062830215, 2.326278426708319, 2.3265049029619265, 2.3306700816521277, 2.315040016785646, 2.313683198048518, 2.3272141982347536, 2.32659427019266, 2.313054317083114, 2.31991708278656, 2.325867833235325, 2.3329334289599686, 2.3093921374052, 2.3205889677390075, 2.3210653158334584, 2.3152585488099318, 2.3157743582358727, 2.327772311675243, 2.3142575973119492, 2.322194692416069, 2.3150847416657667, 2.3232187307797947, 2.324963939495576, 2.316076566011478, 2.315795131218739, 2.3207635237620425, 2.314213963655325, 2.312223889888861, 2.317408628952809, 2.316823375530732, 2.3188868088599963, 2.313094689295842, 2.315584971354558, 2.318681389857561, 2.3049200650973196, 2.312694412011367, 2.323201855023702, 2.321124819608835, 2.3188183246514735, 2.3397389405812974, 2.309994129034189, 2.3193158400364413, 2.3181733382053866, 2.323341097587194, 2.314662899726476, 2.3387676997062488, 2.317115080662263, 2.346820076306661, 2.3184518814086914, 2.3230316975177865, 2.3098099934749112, 2.309914442209097, 2.3103947303234, 2.32637343956874, 2.3207400211921105, 2.31120704076229, 2.312197263424213, 2.3146847119698157, 2.3151792654624352, 2.3160633735167675, 2.314488710501255, 2.3258253794450026, 2.311858926063929, 2.354864838795784, 2.3129210747205295, 2.3183411971116676, 2.3179720365084133, 2.3092683064631925, 2.31095836407099, 2.3207925038459973, 2.3333895787214622, 2.3165886371563644, 2.3099180918473463, 2.3121207524568606, 2.311311058509044, 2.3200554908850255, 2.32591913602291, 2.3084049194287033, 2.341077596713335], "train_accuracies": [0.09765625, 0.09885817307692307, 0.10106169871794872, 0.10146233974358974, 0.09985977564102565, 0.09965945512820513, 0.10236378205128205, 0.10206330128205128, 0.09895833333333333, 0.10076121794871795, 0.09985977564102565, 0.10346554487179487, 0.09755608974358974, 0.09234775641025642, 0.09555288461538461, 0.0985576923076923, 0.1015625, 0.10006009615384616, 0.10086137820512821, 0.09715544871794872, 0.09915865384615384, 0.10126201923076923, 0.1006610576923077, 0.10176282051282051, 0.1031650641025641, 0.10546875, 0.09985977564102565, 0.09975961538461539, 0.10016025641025642, 0.09405048076923077, 0.1015625, 0.09795673076923077, 0.10276442307692307, 0.10076121794871795, 0.0985576923076923, 0.09895833333333333, 0.10016025641025642, 0.0985576923076923, 0.0999599358974359, 0.10306490384615384, 0.1024639423076923, 0.09985977564102565, 0.09595352564102565, 0.0960536858974359, 0.10096153846153846, 0.09765625, 0.1006610576923077, 0.09655448717948718, 0.09755608974358974, 0.09665464743589744, 0.10026041666666667, 0.10296474358974358, 0.09565304487179487, 0.09765625, 0.09965945512820513, 0.09785657051282051, 0.10286458333333333, 0.09715544871794872, 0.10136217948717949, 0.10096153846153846, 0.10226362179487179, 0.0999599358974359, 0.10116185897435898, 0.10006009615384616, 0.09364983974358974, 0.09715544871794872, 0.0985576923076923, 0.10286458333333333, 0.1015625, 0.09775641025641026, 0.10266426282051282, 0.10056089743589744, 0.10346554487179487, 0.10076121794871795, 0.09415064102564102, 0.09975961538461539, 0.09775641025641026, 0.10286458333333333, 0.10256410256410256, 0.09985977564102565, 0.10596955128205128, 0.10136217948717949, 0.10116185897435898, 0.10296474358974358, 0.09715544871794872, 0.09945913461538461, 0.09244791666666667, 0.10106169871794872, 0.09745592948717949, 0.09765625, 0.10146233974358974, 0.10366586538461539, 0.10056089743589744, 0.10196314102564102, 0.10146233974358974, 0.10226362179487179, 0.09665464743589744, 0.10196314102564102, 0.09815705128205128, 0.10146233974358974, 0.10196314102564102],