{
    "testproblem": "quadratic_deep",
    "batch_size": 128,
    "num_epochs": 100,
    "random_seed": 42,
    "l2_reg": null,
    "optimizer_name": "AdaBoundOptimizer",
    "optimizer_hyperparams": {
        "learning_rate": 0.0009294394155644988,
        "final_lr": 0.06517692132830741,
        "beta1": 0.8470713786299716,
        "beta2": 0.8433830993101876,
        "gamma": 0.015298506868937446,
        "epsilon": 1e-08,
        "amsbound": true,
        "use_locking": false
    },
    "training_params": {
        "lr_sched_epochs": [],
        "lr_sched_factors": []
    },
    "train_losses": [
        317.7600577218192,
        150.51428004673548,
        132.97274344308036,
        96.04569898332868,
        92.21577998570034,
        86.38308388846261,
        83.14609200613839,
        80.931642804827,
        79.24761962890625,
        77.97406986781529,
        77.01287296840123,
        76.32711683000836,
        75.8172356741769,
        75.45564488002232,
        75.18748583112445,
        74.9905537196568,
        74.84237670898438,
        74.72874123709542,
        74.6403329031808,
        74.57025691441127,
        74.51372746058873,
        74.46753038678851,
        74.42928750174386,
        74.39721352713448,
        74.37008884974888,
        74.34693145751953,
        74.32700783865792,
        74.30975232805524,
        74.29472133091518,
        74.28155517578125,
        74.2699704851423,
        74.25973292759487,
        74.2506604875837,
        74.24258640834263,
        74.23538316999164,
        74.22893851143974,
        74.22315870012555,
        74.21796417236328,
        74.21329498291016,
        74.2090835571289,
        74.20528520856585,
        74.20185089111328,
        74.19874899727958,
        74.19593811035156,
        74.19339970179966,
        74.19110107421875,
        74.18902478899274,
        74.18714577811105,
        74.1854476928711,
        74.18391636439732,
        74.18253217424665,
        74.18128749302456,
        74.180173601423,
        74.1791741507394,
        74.17827933175224,
        74.17748478480748,
        74.17677961077008,
        74.17615836007255,
        74.17561449323382,
        74.17514474051339,
        74.17473493303571,
        74.17438725062779,
        74.1740973336356,
        74.17385864257812,
        74.17366899762835,
        74.17352076939174,
        74.17341940743583,
        74.17335074288505,
        74.17332022530692,
        74.17332349504743,
        74.17335074288505,
        74.1734128679548,
        74.17349897112165,
        74.17361123221261,
        74.17374529157367,
        74.17389896937779,
        74.174072265625,
        74.17426191057477,
        74.17447008405414,
        74.17469133649554,
        74.1749267578125,
        74.17517961774554,
        74.17544228690011,
        74.17571258544922,
        74.17599814278739,
        74.1762924194336,
        74.17659323556083,
        74.17689732142857,
        74.17721775599888,
        74.17754364013672,
        74.17787279401507,
        74.17820739746094,
        74.17854854038784,
        74.17889186314174,
        74.17924390520368,
        74.17959485735211,
        74.17995125906808,
        74.18031093052456,
        74.18066951206752,
        74.18103681291852,
        74.18140411376953
    ],
    "valid_losses": [
        315.8777117047991,
        150.155521937779,
        135.55795288085938,
        97.65609305245536,
        93.13463156563895,
        87.96602412632534,
        84.45303453717914,
        82.2792478288923,
        80.63377816336495,
        79.3055180140904,
        78.38633292061942,
        77.66764286586216,
        77.17592947823661,
        76.80138397216797,
        76.53776114327567,
        76.33722468784877,
        76.18927001953125,
        76.07466670445034,
        75.98608834402901,
        75.91571262904576,
        75.859130859375,
        75.8130111694336,
        75.77484457833427,
        75.74299076625279,
        75.71607753208706,
        75.69318498883929,
        75.67353820800781,
        75.65658133370536,
        75.64185551234654,
        75.6290032523019,
        75.61773899623326,
        75.60782623291016,
        75.59908076695034,
        75.5913336617606,
        75.58446175711495,
        75.57835061209542,
        75.57290758405414,
        75.56805201939174,
        75.563718523298,
        75.55984279087612,
        75.55638231549945,
        75.55328587123326,
        75.55052294049945,
        75.54804992675781,
        75.54584612165179,
        75.54387991768974,
        75.54213060651507,
        75.54058183942523,
        75.53920527866909,
        75.53799329485211,
        75.53693280901227,
        75.53600202287946,
        75.53519984654018,
        75.53450557163784,
        75.5339126586914,
        75.53342001778739,
        75.53301239013672,
        75.53268541608539,
        75.53242710658482,
        75.53223746163505,
        75.53211212158203,
        75.53203909737724,
        75.53202056884766,
        75.53204563685826,
        75.53211866106305,
        75.53223528180804,
        75.53238459995815,
        75.5325698852539,
        75.53278568812779,
        75.53302655901227,
        75.5333012172154,
        75.53360094342914,
        75.53391810825893,
        75.53425598144531,
        75.53461129324776,
        75.53499058314732,
        75.53537968226841,
        75.53578622000558,
        75.5362058367048,
        75.53663526262555,
        75.53707449776786,
        75.53753008161273,
        75.5379878452846,
        75.53845541817802,
        75.53893280029297,
        75.53941127232143,
        75.53989955357143,
        75.54039546421596,
        75.54089464460101,
        75.54139382498605,
        75.54189845493862,
        75.5424052647182,
        75.5429197038923,
        75.54343087332589,
        75.54394095284599,
        75.54446084158761,
        75.54497855050224,
        75.54549080984933,
        75.54601178850446,
        75.54652949741909,
        75.5470450265067
    ],