{
    "testproblem": "quadratic_deep",
    "batch_size": 128,
    "num_epochs": 100,
    "random_seed": 47,
    "l2_reg": null,
    "optimizer_name": "AMSBoundOptimizer",
    "optimizer_hyperparams": {
        "learning_rate": 0.0009294394155644988,
        "final_lr": 0.06517692132830741,
        "beta1": 0.8470713786299716,
        "beta2": 0.8433830993101876,
        "gamma": 0.015298506868937446,
        "epsilon": 1e-08,
        "amsbound": true,
        "use_locking": false
    },
    "training_params": {
        "lr_sched_epochs": null,
        "lr_sched_factors": null
    },
    "train_losses": [
        352.27917916434154,
        150.43126787458147,
        159.62826538085938,
        108.60624694824219,
        101.19359806605748,
        97.64446585518974,
        94.73308563232422,
        92.70443507603237,
        90.97668348039899,
        89.76265171595982,
        88.74066707066127,
        88.01773725237165,
        87.44500841413226,
        87.00361633300781,
        86.66808101109096,
        86.39935084751674,
        86.18898664202008,
        86.0213121686663,
        85.8865214756557,
        85.77810559953961,
        85.69055938720703,
        85.61981419154576,
        85.56249019077846,
        85.51609366280692,
        85.47858537946429,
        85.44826943533761,
        85.4238041469029,
        85.40412902832031,
        85.3883547101702,
        85.37576075962612,
        85.36578151157924,
        85.35793631417411,
        85.35184914725167,
        85.34721156529018,
        85.34375980922154,
        85.34129442487445,
        85.3396464756557,
        85.33867427280971,
        85.33826664515904,
        85.3383320399693,
        85.33878871372768,
        85.3395756312779,
        85.34063938685826,
        85.34193420410156,
        85.34342302594867,
        85.34507860456195,
        85.34687260219029,
        85.3487788609096,
        85.3507821219308,
        85.35286385672433,
        85.35501207624164,
        85.35721697126117,
        85.35946328299386,
        85.36174774169922,
        85.36405290876117,
        85.3663831438337,
        85.3687264578683,
        85.37107849121094,
        85.37343924386161,
        85.37579672677177,
        85.37815420968192,
        85.38050733293805,
        85.38285609654018,
        85.38518851143974,
        85.38751329694476,
        85.38982282366071,
        85.39211818150112,
        85.39439828055245,
        85.39666094098773,
        85.3989018031529,
        85.40113067626953,
        85.40333230154855,
        85.40552084786552,
        85.40768432617188,
        85.40982709612165,
        85.41195133754185,
        85.41405269077846,
        85.41612897600446,
        85.4181878226144,
        85.42022596086774,
        85.42223685128349,
        85.42422921316964,
        85.4261975969587,
        85.42814418247768,
        85.43006896972656,
        85.43197631835938,
        85.43385532924107,
        85.43571472167969,
        85.43755776541573,
        85.43937574114118,
        85.44117409842355,
        85.44295283726284,
        85.44471086774554,
        85.44644492013114,
        85.44816262381417,
        85.44986070905414,
        85.4515359061105,
        85.4531980242048,
        85.45483943394252,
        85.45645686558315,
        85.4580579485212
    ],
    "valid_losses": [
        353.8127659388951,
        151.43438066755022,
        159.66098022460938,
        109.11452048165458,
        101.86043112618583,
        98.05853598458427,
        95.35963003976005,
        93.22775268554688,
        91.57449667794364,
        90.34511893136161,
        89.3427265712193,
        88.63130732945034,
        88.06269836425781,
        87.63343593052456,
        87.30232238769531,
        87.04011644635882,
        86.83484431675502,
        86.67127990722656,
        86.5401142665318,
        86.43482208251953,
        86.349855695452,
        86.28127070835659,
        86.2258529663086,
        86.18102155412946,
        86.14487675258091,
        86.11572810581752,
        86.09227643694196,
        86.073488507952,
        86.05850219726562,
        86.04661124093192,
        86.03727068219867,
        86.03001076834542,
        86.02446964808873,
        86.0203356061663,
        86.01736995152065,
        86.01536560058594,
        86.01416124616351,
        86.01361846923828,
        86.01362718854632,
        86.01410130092076,
        86.01495797293526,
        86.01613943917411,
        86.01759011404855,
        86.01926858084542,
        86.02113778250558,
        86.02316502162388,
        86.02532958984375,
        86.02759987967355,
        86.02996499197823,
        86.03240530831474,
        86.03490665980748,
        86.03746032714844,
        86.04004778180804,
        86.04267120361328,
        86.04531860351562,
        86.04797799246651,
        86.05064937046596,
        86.05332510811942,
        86.0560062953404,
        86.05867985316685,
        86.06134578159877,
        86.06400626046317,
        86.06664930071149,
        86.06928471156529,
        86.07190268380302,
        86.07449776785714,
        86.07707868303571,
        86.0796377999442,
        86.08217511858258,
        86.08468954903739,
        86.0871810913086,
        86.0896497453962,
        86.09209551130023,
        86.09451184953961,
        86.09690747942243,
        86.09927259172711,
        86.10162026541573,
        86.10393306187221,
        86.10622732979911,
        86.10849108014789,
        86.11073630196708,
        86.11295100620815,
        86.11514173235211,
        86.11730630057198,
        86.11944362095424,
        86.1215591430664,
        86.12364850725446,
        86.12571171351841,
        86.12775312151227,
        86.12977164132255,
        86.13176509312221,
        86.13373347691127,
        86.13567897251674,
        86.13760049002511,
        86.1395012991769,
        86.14137595040458,
        86.14323098318917,
        86.14506312779018,
        86.14687892368862,
        86.14866747174945,
        86.15043422154018
    ],