{
    "testproblem": "quadratic_deep",
    "batch_size": 128,
    "num_epochs": 100,
    "random_seed": 48,
    "l2_reg": null,
    "optimizer_name": "MomentumOptimizer",
    "optimizer_hyperparams": {
        "learning_rate": 0.0016480446427978967,
        "momentum": 0.9874389562999865,
        "use_locking": false,
        "use_nesterov": false
    },
    "training_params": {
        "lr_sched_epochs": [
            1,
            2,
            3,
            4,
            5,
            6,
            7,
            8,
            9,
            10,
            11,
            12,
            13,
            14,
            15,
            16,
            17,
            18,
            19,
            20,
            21,
            22,
            23,
            24,
            25,
            26,
            27,
            28,
            29,
            30,
            31,
            32,
            33,
            34,
            35,
            36,
            37,
            38,
            39,
            40,
            41,
            42,
            43,
            44,
            45,
            46,
            47,
            48,
            49,
            50,
            51,
            52,
            53,
            54,
            55,
            56,
            57,
            58,
            59,
            60,
            61,
            62,
            63,
            64,
            65,
            66,
            67,
            68,
            69,
            70,
            71,
            72,
            73,
            74,
            75,
            76,
            77,
            78,
            79,
            80,
            81,
            82,
            83,
            84,
            85,
            86,
            87,
            88,
            89,
            90,
            91,
            92,
            93,
            94,
            95,
            96,
            97,
            98,
            99,
            100
        ],
        "lr_sched_factors": [
            0.1,
            0.2,
            0.3,
            0.4,
            0.5,
            0.6,
            0.7,
            0.8,
            0.9,
            1.0,
            1.0,
            1.0,
            1.0,
            1.0,
            1.0,
            1.0,
            1.0,
            1.0,
            1.0,
            1.0,
            1.0,
            1.0,
            1.0,
            1.0,
            1.0,
            1.0,
            1.0,
            1.0,
            1.0,
            1.0,
            1.0,
            1.0,
            1.0,
            1.0,
            1.0,
            1.0,
            1.0,
            1.0,
            1.0,
            1.0,
            1.0,
            1.0,
            1.0,
            1.0,
            1.0,
            1.0,
            1.0,
            1.0,
            1.0,
            1.0,
            1.0,
            1.0,
            1.0,
            1.0,
            1.0,
            1.0,
            1.0,
            1.0,
            1.0,
            1.0,
            1.0,
            1.0,
            1.0,
            1.0,
            1.0,
            1.0,
            1.0,
            1.0,
            1.0,
            1.0,
            1.0,
            1.0,
            1.0,
            1.0,
            1.0,
            1.0,
            1.0,
            1.0,
            1.0,
            1.0,
            1.0,
            1.0,
            1.0,
            1.0,
            1.0,
            1.0,
            1.0,
            1.0,
            1.0,
            1.0,
            0.9090909090909091,
            0.8181818181818181,
            0.7272727272727273,
            0.6363636363636364,
            0.5454545454545454,
            0.4545454545454546,
            0.36363636363636365,
            0.2727272727272727,
            0.18181818181818177,
            0.09090909090909094
        ]
    },
    "train_losses": [
        353.4622497558594,
        158.62626429966517,
        170.60111345563615,
        121.6960220336914,
        137.41954694475447,
        172.86217171805245,
        111.81136757986886,
        167.7071075439453,
        113.96240234375,
        141.56407165527344,
        137.48941693987166,
        115.7046367100307,
        134.4927934919085,
        127.1134033203125,
        124.5186277117048,
        116.4397691999163,
        129.06117030552454,
        111.45618656703404,
        107.00721195765904,
        119.88599940708706,
        99.12991441999164,
        101.22134835379464,
        113.24944087437221,
        91.81512451171875,
        102.96226610456195,
        106.14558410644531,
        90.85146004813058,
        102.12147086007255,
        98.8157457624163,
        90.23516954694476,
        97.50271824428013,
        93.40834590366909,
        89.06629180908203,
        93.98770032610211,
        90.43015834263393,
        89.7081527709961,
        91.07559531075614,
        90.58900669642857,
        88.69284384591239,
        89.87389264787946,
        89.72881971086774,
        87.34091404506138,
        88.66776384626117,
        88.64557102748326,
        86.06293051583427,
        88.28683798653739,
        87.4664077758789,
        85.83351135253906,
        87.97582898821149,
        86.52277047293526,
        86.03314971923828,
        87.1369868687221,
        86.06126621791294,
        85.82214028494698,
        86.44933428083148,
        85.7459716796875,
        85.67342812674386,
        85.96749550955636,
        85.75318799700055,
        85.4490236554827,
        85.87169538225446,
        85.57664925711495,
        85.35923113141742,
        85.71127319335938,
        85.34760175432477,
        85.27747998918805,
        85.5192151750837,
        85.18792506626674,
        85.2220960344587,
        85.3840582711356,
        85.12067195347377,
        85.200193132673,
        85.27034541538784,
        85.11688341413226,
        85.12848009381976,
        85.2115227835519,
        85.06782640729632,
        85.08340454101562,
        85.15135192871094,
        85.03981236049107,
        85.04475402832031,
        85.12163979666573,
        85.01900918143136,
        85.02761949811664,
        85.09017290387835,
        85.00515420096261,
        85.01656450544085,
        85.05145045689174,
        84.99525451660156,
        85.00555637904576,
        85.02269308907645,
        84.98443385532924,
        85.00101579938617,
        84.98412322998047,
        84.98672921316964,
        84.98129163469586,
        84.97353690011161,
        84.97291455950055,
        84.97212546212333,
        84.96527535574776,
        84.96504865373883
    ],