{
    "testproblem": "quadratic_deep",
    "batch_size": 128,
    "num_epochs": 100,
    "random_seed": 51,
    "l2_reg": null,
    "optimizer_name": "MomentumOptimizer",
    "optimizer_hyperparams": {
        "learning_rate": 0.0016480446427978967,
        "momentum": 0.9874389562999865,
        "use_locking": false,
        "use_nesterov": false
    },
    "training_params": {
        "lr_sched_epochs": [
            1,
            2,
            3,
            4,
            5,
            6,
            7,
            8,
            9,
            10,
            11,
            12,
            13,
            14,
            15,
            16,
            17,
            18,
            19,
            20,
            21,
            22,
            23,
            24,
            25,
            26,
            27,
            28,
            29,
            30,
            31,
            32,
            33,
            34,
            35,
            36,
            37,
            38,
            39,
            40,
            41,
            42,
            43,
            44,
            45,
            46,
            47,
            48,
            49,
            50,
            51,
            52,
            53,
            54,
            55,
            56,
            57,
            58,
            59,
            60,
            61,
            62,
            63,
            64,
            65,
            66,
            67,
            68,
            69,
            70,
            71,
            72,
            73,
            74,
            75,
            76,
            77,
            78,
            79,
            80,
            81,
            82,
            83,
            84,
            85,
            86,
            87,
            88,
            89,
            90,
            91,
            92,
            93,
            94,
            95,
            96,
            97,
            98,
            99,
            100
        ],
        "lr_sched_factors": [
            0.1,
            0.2,
            0.3,
            0.4,
            0.5,
            0.6,
            0.7,
            0.8,
            0.9,
            1.0,
            1.0,
            1.0,
            1.0,
            1.0,
            1.0,
            1.0,
            1.0,
            1.0,
            1.0,
            1.0,
            1.0,
            1.0,
            1.0,
            1.0,
            1.0,
            1.0,
            1.0,
            1.0,
            1.0,
            1.0,
            1.0,
            1.0,
            1.0,
            1.0,
            1.0,
            1.0,
            1.0,
            1.0,
            1.0,
            1.0,
            1.0,
            1.0,
            1.0,
            1.0,
            1.0,
            1.0,
            1.0,
            1.0,
            1.0,
            1.0,
            1.0,
            1.0,
            1.0,
            1.0,
            1.0,
            1.0,
            1.0,
            1.0,
            1.0,
            1.0,
            1.0,
            1.0,
            1.0,
            1.0,
            1.0,
            1.0,
            1.0,
            1.0,
            1.0,
            1.0,
            1.0,
            1.0,
            1.0,
            1.0,
            1.0,
            1.0,
            1.0,
            1.0,
            1.0,
            1.0,
            1.0,
            1.0,
            1.0,
            1.0,
            1.0,
            1.0,
            1.0,
            1.0,
            1.0,
            1.0,
            0.9090909090909091,
            0.8181818181818181,
            0.7272727272727273,
            0.6363636363636364,
            0.5454545454545454,
            0.4545454545454546,
            0.36363636363636365,
            0.2727272727272727,
            0.18181818181818177,
            0.09090909090909094
        ]
    },
    "train_losses": [
        354.7630615234375,
        158.23922075544084,
        170.50279453822546,
        121.48501150948661,
        136.55826895577567,
        172.87489100864954,
        110.96671404157367,
        168.13140215192522,
        112.60030147007534,
        141.70921543666296,
        136.89888436453683,
        114.95420510428292,
        134.6090589250837,
        126.23196302141461,
        124.18542153494698,
        116.43144880022321,
        128.0878666469029,
        111.35606711251395,
        106.69802638462612,
        119.0975363595145,
        99.01965876988002,
        100.65262930733817,
        112.71985408238002,
        91.56131635393415,
        102.38946969168526,
        105.69087437220982,
        90.50766318184989,
        101.63946206229073,
        98.35956028529576,
        89.78848375592914,
        97.1383307320731,
        92.89830780029297,
        88.60149383544922,
        93.61565617152623,
        89.94014522007534,
        89.24851880754743,
        90.65633174351284,
        90.12424686976841,
        88.26958792550224,
        89.40065656389508,
        89.2777121407645,
        86.94741930280414,
        88.15871320452008,
        88.20583125523159,
        85.66917419433594,
        87.77098410470145,
        87.03402056012835,
        85.43228912353516,
        87.4565200805664,
        86.10569327218192,
        85.61526489257812,
        86.6303950718471,
        85.63501739501953,
        85.40481240408761,
        85.9563707624163,
        85.29803139822823,
        85.2593492780413,
        85.49415697370257,
        85.28397587367466,
        85.03296225411552,
        85.41314479282924,
        85.10457611083984,
        84.93332018171039,
        85.25471823556083,
        84.88875470842633,
        84.84108189174107,
        85.0581294468471,
        84.73838261195591,
        84.78392464773995,
        84.9195087977818,
        84.67196546282086,
        84.76037488664899,
        84.81116703578404,
        84.6647469656808,
        84.6842041015625,
        84.75779724121094,
        84.61732918875558,
        84.63426426478794,
        84.69745200020927,
        84.59254128592355,
        84.5963854108538,
        84.66459437779018,
        84.57044982910156,
        84.58346884591239,
        84.63311222621373,
        84.55268205915179,
        84.57279532296317,
        84.59827641078404,
        84.54151044573102,
        84.55826132638114,
        84.57141876220703,
        84.5337894984654,
        84.55155399867466,
        84.53379821777344,
        84.53878021240234,
        84.53380911690849,
        84.52571214948382,
        84.5241197858538,
        84.52409144810268,
        84.51811218261719,
        84.51796504429409
    ],