{
    "testproblem": "quadratic_deep",
    "batch_size": 128,
    "num_epochs": 100,
    "random_seed": 48,
    "l2_reg": null,
    "optimizer_name": "NadamOptimizer",
    "optimizer_hyperparams": {
        "learning_rate": 0.011040511903162242,
        "beta1": 0.6675153010433379,
        "beta2": 0.8404787556510415,
        "epsilon": 1e-07
    },
    "training_params": {
        "lr_sched_epochs": [
            1,
            2,
            3,
            4,
            5,
            6,
            7,
            8,
            9,
            10,
            11,
            12,
            13,
            14,
            15,
            16,
            17,
            18,
            19,
            20,
            21,
            22,
            23,
            24,
            25,
            26,
            27,
            28,
            29,
            30,
            31,
            32,
            33,
            34,
            35,
            36,
            37,
            38,
            39,
            40,
            41,
            42,
            43,
            44,
            45,
            46,
            47,
            48,
            49,
            50,
            51,
            52,
            53,
            54,
            55,
            56,
            57,
            58,
            59,
            60,
            61,
            62,
            63,
            64,
            65,
            66,
            67,
            68,
            69,
            70,
            71,
            72,
            73,
            74,
            75,
            76,
            77,
            78,
            79,
            80,
            81,
            82,
            83,
            84,
            85,
            86,
            87,
            88,
            89,
            90,
            91,
            92,
            93,
            94,
            95,
            96,
            97,
            98,
            99,
            100
        ],
        "lr_sched_factors": [
            0.9755282581475768,
            0.9045084971874737,
            0.7938926261462366,
            0.6545084971874737,
            0.5,
            0.34549150281252633,
            0.2061073738537635,
            0.09549150281252633,
            0.024471741852423234,
            1.0,
            0.9938441702975689,
            0.9755282581475768,
            0.9455032620941839,
            0.9045084971874737,
            0.8535533905932737,
            0.7938926261462366,
            0.7269952498697734,
            0.6545084971874737,
            0.5782172325201155,
            0.5,
            0.42178276747988447,
            0.34549150281252633,
            0.2730047501302266,
            0.2061073738537635,
            0.14644660940672627,
            0.09549150281252633,
            0.054496737905816106,
            0.024471741852423234,
            0.00615582970243117,
            1.0,
            0.998458666866564,
            0.9938441702975689,
            0.9861849601988383,
            0.9755282581475768,
            0.9619397662556434,
            0.9455032620941839,
            0.9263200821770461,
            0.9045084971874737,
            0.8802029828000155,
            0.8535533905932737,
            0.8247240241650917,
            0.7938926261462366,
            0.7612492823579744,
            0.7269952498697734,
            0.6913417161825449,
            0.6545084971874737,
            0.6167226819279528,
            0.5782172325201155,
            0.5392295478639225,
            0.5,
            0.4607704521360776,
            0.42178276747988447,
            0.38327731807204746,
            0.34549150281252633,
            0.30865828381745514,
            0.2730047501302266,
            0.2387507176420256,
            0.2061073738537635,
            0.17527597583490823,
            0.14644660940672627,
            0.11979701719998453,
            0.09549150281252633,
            0.07367991782295391,
            0.054496737905816106,
            0.03806023374435663,
            0.024471741852423234,
            0.013815039801161721,
            0.00615582970243117,
            0.001541333133436018,
            1.0,
            0.9996145181203615,
            0.998458666866564,
            0.9965342284774632,
            0.9938441702975689,
            0.9903926402016152,
            0.9861849601988383,
            0.9812276182268236,
            0.9755282581475768,
            0.9690956679612421,
            0.9619397662556434,
            0.9540715869125407,
            0.9455032620941839,
            0.9362480035363986,
            0.9263200821770461,
            0.9157348061512727,
            0.9045084971874737,
            0.8926584654403724,
            0.8802029828000155,
            0.8671612547178428,
            0.8535533905932737,
            0.839400372766471,
            0.8247240241650917,
            0.8095469746549171,
            0.7938926261462366,
            0.7777851165098011,
            0.7612492823579744,
            0.7443106207484775,
            0.7269952498697734,
            0.7093298687687141,
            0.6913417161825449
        ]
    },
    "train_losses": [
        353.4622497558594,
        258.96053641183033,
        201.45506940569197,
        162.6659654889788,
        138.03394644601005,
        123.40247126988002,
        115.27881295340401,
        111.03839983258929,
        108.97432817731585,
        108.1119853428432,
        107.89444078717914,
        103.56758771623883,
        102.08692714146206,
        100.70372990199498,
        99.42720794677734,
        98.28315843854632,
        97.2791508265904,
        96.40985543387276,
        95.66529519217355,
        95.03431919642857,
        94.50582122802734,
        94.06924547467914,
        93.71471078055245,
        93.43301936558315,
        93.2155532836914,
        93.05407823835101,
        92.94055502755302,
        92.86694771902901,
        92.82500784737724,
        92.80615343366351,
        92.80139269147601,
        92.19763946533203,
        91.58812168666294,
        91.07184055873326,
        90.60830361502511,
        90.1929190499442,
        89.82037135532924,
        89.48624638148716,
        89.18651580810547,
        88.91754477364677,
        88.67603955950055,
        88.45907919747489,
        88.26404680524554,
        88.08863394601005,
        87.93080575125558,
        87.78876713344029,
        87.66094752720424,
        87.54596165248326,
        87.4426018851144,
        87.34979139055524,
        87.26659720284599,
        87.19217899867466,
        87.12579672677177,
        87.06678880964007,
        87.01455688476562,
        86.96856144496373,
        86.92829895019531,
        86.8933334350586,
        86.86322130475726,
        86.83756801060268,
        86.81598663330078,
        86.79812731061664,
        86.7836183820452,
        86.7721187046596,
        86.7632816859654,
        86.75675964355469,
        86.75220489501953,
        86.74927956717355,
        86.74762507847377,
        86.74688502720424,
        86.74669865199498,
        86.74852425711495,
        86.62235151018415,
        86.54225267682757,
        86.46572875976562,
        86.39484187534877,
        86.32860892159599,
        86.26665823800224,
        86.20865413120815,
        86.15429360525948,
        86.10330636160714,
        86.05544607979911,
        86.01047842843192,
        85.96820395333427,
        85.92842647007534,
        85.89097050258091,
        85.85567801339286,
        85.82239532470703,
        85.79099382672992,
        85.76134272984096,
        85.7333265032087,
        85.70684160505023,
        85.68179321289062,
        85.65808977399554,
        85.6356440952846,
        85.6143820626395,
        85.59423501150948,
        85.57513754708427,
        85.55702754429409,
        85.53985922677177,
        85.52356937953404
    ],