{
    "testproblem": "quadratic_deep",
    "batch_size": 128,
    "num_epochs": 100,
    "random_seed": 42,
    "l2_reg": null,
    "optimizer_name": "RAdamOptimizer",
    "optimizer_hyperparams": {
        "learning_rate": 0.024821252428847668,
        "beta1": 0.6175367572768414,
        "beta2": 0.9132516954816156,
        "epsilon": 1e-07
    },
    "training_params": {
        "lr_sched_epochs": null,
        "lr_sched_factors": null
    },
    "train_losses": [
        355.276114327567,
        106.48221261160714,
        102.58204214913505,
        100.917236328125,
        99.3563210623605,
        97.63221304757255,
        95.89828927176339,
        94.27313668387276,
        92.82760293143136,
        91.59067208426339,
        90.560549054827,
        89.71727207728794,
        89.03296988351005,
        88.478757585798,
        88.028562273298,
        87.66058349609375,
        87.35733032226562,
        87.10513741629464,
        86.89342934744698,
        86.71407318115234,
        86.56083134242466,
        86.42887333461216,
        86.31445639474052,
        86.21463012695312,
        86.12707410539899,
        86.04989515032086,
        85.98158918108258,
        85.92090497698102,
        85.86682019914899,
        85.81847163609096,
        85.77513558523995,
        85.73619188581195,
        85.70112609863281,
        85.66947937011719,
        85.64087023053851,
        85.61495099748883,
        85.59143611363002,
        85.57005964006696,
        85.55060577392578,
        85.53286416190011,
        85.51667022705078,
        85.50185721261161,
        85.48829432896206,
        85.47585841587612,
        85.46443612234933,
        85.45393589564732,
        85.4442640032087,
        85.4353506905692,
        85.42711748395648,
        85.4195055280413,
        85.41246250697544,
        85.4059306553432,
        85.39987182617188,
        85.39424133300781,
        85.38899993896484,
        85.38411494663784,
        85.3795645577567,
        85.37531062534877,
        85.37133353097099,
        85.36760493687221,
        85.36411721365792,
        85.36084093366351,
        85.35776083809989,
        85.35486493791852,
        85.35213906424386,
        85.34956577845982,
        85.34713963099888,
        85.34484754289899,
        85.34267861502511,
        85.3406252179827,
        85.33868190220424,
        85.33683231898716,
        85.33507864815849,
        85.33341217041016,
        85.33182525634766,
        85.33031681605748,
        85.32887704031808,
        85.32750265938895,
        85.32619258335659,
        85.32493700299945,
        85.32373918805804,
        85.32259804861886,
        85.32149723597935,
        85.32044110979352,
        85.3194329398019,
        85.31846618652344,
        85.31753540039062,
        85.31664058140346,
        85.31578172956195,
        85.31495448521206,
        85.3141588483538,
        85.31338827950614,
        85.31265040806362,
        85.3119365147182,
        85.31124877929688,
        85.31058502197266,
        85.30994088309151,
        85.309323992048,
        85.30872671944755,
        85.30814579554966,
        85.30758340018136
    ],
    "valid_losses": [
        353.8127659388951,
        106.83740125383649,
        103.12884194510323,
        101.57781764439174,
        100.01296997070312,
        98.29936981201172,
        96.57554190499442,
        94.95999145507812,
        93.52239009312221,
        92.29202815464565,
        91.26786586216518,
        90.43033163888114,
        89.75140816824776,
        89.20194680350167,
        88.75572967529297,
        88.39095197405133,
        88.09025028773716,
        87.84006936209542,
        87.62994602748326,
        87.45185089111328,
        87.29960087367466,
        87.16842542375836,
        87.05462646484375,
        86.95528411865234,
        86.86808340890067,
        86.79118238176618,
        86.7230715070452,
        86.66252136230469,
        86.60851505824498,
        86.56019810267857,
        86.51685442243304,
        86.4778802054269,
        86.4427512032645,
        86.41102164132255,
        86.38230678013393,
        86.35626983642578,
        86.33262743268695,
        86.3111103602818,
        86.29150717599052,
        86.27361188616071,
        86.25725555419922,
        86.24228014264789,
        86.22855050223214,
        86.21594783238002,
        86.20435878208706,
        86.19368961879185,
        86.18385423932757,
        86.17476763044085,
        86.16637311662946,
        86.15859767368862,
        86.15139770507812,
        86.14471108572823,
        86.13849639892578,
        86.13271767752511,
        86.12732914515904,
        86.12230355398995,
        86.11760711669922,
        86.11321912493024,
        86.1091079711914,
        86.10525621686664,
        86.10164315359933,
        86.09824807303292,
        86.09505244663784,
        86.09204210553851,
        86.08920179094586,
        86.08652932303292,
        86.08399854387555,
        86.08160509381976,
        86.07934025355748,
        86.0771963936942,
        86.07515498570034,
        86.07322692871094,
        86.0713871547154,
        86.06964220319476,
        86.06797899518695,
        86.06639208112445,
        86.06487928118024,
        86.06343623570034,
        86.0620596749442,
        86.0607408796038,
        86.05947984967914,
        86.0582754952567,
        86.05711582728794,
        86.05600956508091,
        86.05494798932757,
        86.05392456054688,
        86.05294581821987,
        86.05200086321149,
        86.05109623500279,
        86.0502199445452,
        86.04938071114677,
        86.04857199532645,
        86.04779161725726,
        86.04703739711216,
        86.0463115147182,
        86.04561070033482,
        86.04493386404855,
        86.04427882603237,
        86.04364558628627,
        86.04303414481026,
        86.04244123186383
    ],