{"testproblem": "mnist_mlp", "batch_size": 128, "num_epochs": 100, "random_seed": 43, "weight_decay": null, "optimizer_name": "SGD", "optimizer_hyperparams": {"lr": 0.6309573444801942}, "train_losses": [2.3020726503470006, 0.12986950390040874, 0.08247956229994695, 0.046035557865905456, 0.02897733707840626, 0.1777109802246858, 0.015694289826429807, 0.020972137458813496, 0.009568867990030693, 0.011829104059590744, 0.010856062973825594, 0.004594268277287483, 0.0034519099654295505, 0.0052876386027305555, 0.004031387921900322, 0.002441153789942081, 0.0016082592595082063, 0.0026823868258641316, 0.00031395141895000753, 0.0003237515831222901, 0.00026754338819629105, 6.882278009867057e-05, 4.999979566305112e-05, 4.395608527538104e-05, 4.7256023837969856e-05, 4.409134196929442e-05, 0.0001668885278587158, 2.863592444322048e-05, 3.132286171118418e-05, 2.5602678457895916e-05, 2.7358436431640235e-05, 2.4030605951944988e-05, 1.9856274892122317e-05, 1.893202081704751e-05, 1.8573724306546726e-05, 2.0161748696596194e-05, 1.871356597313514e-05, 1.6998881712937968e-05, 1.5423561518008893e-05, 4.748849628063349e-05, 1.446062173598852e-05, 1.4723206941898052e-05, 1.4957947990833185e-05, 1.35591970040248e-05, 1.3721008331347735e-05, 1.4962294162848057e-05, 2.798504936389434e-05, 1.1239296350723658e-05, 1.1441130668689044e-05, 1.3219335904488196e-05, 1.0225444267957639e-05, 1.2450779859836284e-05, 1.1506371009044158e-05, 1.1072995570989755e-05, 1.1377132091766749e-05, 1.0413189346973713e-05, 1.0376270764913314e-05, 9.388877795292781e-06, 9.631117184956869e-06, 7.786334325105716e-06, 9.491944160216894e-06, 9.364329087428558e-06, 8.200605710347494e-06, 1.4738585704412215e-05, 1.4332481301747835e-05, 8.047868808110556e-06, 8.251995612413455e-06, 7.843742003807654e-06, 7.516776139919574e-06, 7.0730845133463544e-06, 6.763789898309952e-06, 8.068405664884127e-06, 7.149023123276539e-06, 7.821676822809073e-06, 1.0870349330779834e-05, 6.944705278445513e-06, 1.072143323910542e-05, 5.79416369780516e-06, 1.0479862491289774e-05, 5.3908771429306425e-06, 6.59108926088382e-06, 5.024652450512617e-06, 5.835523972144494e-06, 6.233174831439287e-06, 5.387629453952496e-06, 5.751657180297069e-06, 5.522981668129945e-06, 5.1149191000522714e-06, 5.50387761531732e-06, 5.6908107720888575e-06, 5.592902501424153e-06, 5.5058835408626456e-06, 5.459747253320156e-06, 5.1779624743339345e-06, 5.118739910614796e-06, 7.701130249561407e-06, 5.3786505491305624e-06, 5.043756503325242e-06, 4.9427915842105185e-06, 4.5878382829519415e-06, 4.271570688638932e-06], "test_losses": [2.3019866729393983, 0.13722227769306836, 0.09137064340309455, 0.08121826783873332, 0.07264286176994061, 0.22724047410660064, 0.0687846314544097, 0.08013613178179814, 0.07680044284997842, 0.07710366901487876, 0.07464447347686076, 0.0722224930396829, 0.08069363224487273, 0.07543439632998063, 0.07691939287365247, 0.08034898374134149, 0.0716122387168117, 0.0726344639626451, 0.07221687205422384, 0.07238780635480697, 0.07339857098383781, 0.07435155277832961, 0.07545061937222879, 0.07595345442398237, 0.07684719287909758, 0.07748935729838334, 0.07808117124323662, 0.07849458165657826, 0.07910644752570452, 0.07950993684621957, 0.07997039743723014, 0.0803664445829315, 0.08084029857164775, 0.08115611808040203, 0.08149299980738224, 0.08177994994016793, 0.08208601109874554, 0.08242375484834878, 0.08274783146304962, 0.0830916518297715, 0.08331239142288001, 0.08361441269516945, 0.08388778963723244, 0.08416948777933915, 0.0844112641345232, 0.08466865948568551, 0.08487465075002266, 0.085160912372745, 0.08532567957463937, 0.08558439721281712, 0.08579632520484619, 0.08597104227504669, 0.08608780653239825, 0.08633791134716609, 0.08652281111631638, 0.08669272389931557, 0.08685499744919631, 0.08705834093957375, 0.08719884757048045, 0.0874059380342563, 0.08755942352880271, 0.0876849512450206, 0.08786093329007809, 0.08799974118860868, 0.08817144110798836, 0.0883103327300304, 0.08842216021357438, 0.08859109482130943, 0.08869751972647813, 0.088829850539183, 0.08897460509951298, 0.0890994933553231, 0.08922030170185444, 0.08933629439427303, 0.08948379392043138, 0.08959730786199753, 0.08970533196742718, 0.0898213686946875, 0.08992584388798629, 0.09002671677332658, 0.09012649518748124, 0.09026297301245041, 0.09034128916951326, 0.09045896301857936, 0.09055865345857082, 0.0906690280788984, 0.09076608158648014, 0.09085875405715062, 0.09096047415947303, 0.09103684447323665, 0.09113756973200883, 0.09124047084687611, 0.09134230366311012, 0.09144767626928978, 0.09152254591194484, 0.091622638492248, 0.09170594615622973, 0.09178289317358763, 0.09186254699642842, 0.09193312066296737, 0.09203188985777207], "train_accuracies": [0.07622195512820513, 0.9613381410256411, 0.9748597756410257, 0.9849759615384616, 0.9915865384615384, 0.9538261217948718, 0.9939903846153846, 0.9935897435897436, 0.9974959935897436, 0.9962940705128205, 0.996895032051282, 0.9984975961538461, 0.9984975961538461, 0.9982972756410257, 0.9986979166666666, 0.9992988782051282, 0.9993990384615384, 0.999198717948718, 1.0, 0.9998998397435898, 0.9998998397435898, 1.0, 1.0, 1.0, 1.0, 1.0, 1.0, 1.0, 1.0, 1.0, 1.0, 1.0, 1.0, 1.0, 1.0, 1.0, 1.0, 1.0, 1.0, 1.0, 1.0, 1.0, 1.0, 1.0, 1.0, 1.0, 1.0, 1.0, 1.0, 1.0, 1.0, 1.0, 1.0, 1.0, 1.0, 1.0, 1.0, 1.0, 1.0, 1.0, 1.0, 1.0, 1.0, 1.0, 1.0, 1.0, 1.0, 1.0, 1.0, 1.0, 1.0, 1.0, 1.0, 1.0, 1.0, 1.0, 1.0, 1.0, 1.0, 1.0, 1.0, 1.0, 1.0, 1.0, 1.0, 1.0, 1.0, 1.0, 1.0, 1.0, 1.0, 1.0, 1.0, 1.0, 1.0, 1.0, 1.0, 1.0, 1.0, 1.0, 1.0], "test_accuracies": [0.07892628205128205, 0.9592347756410257, 0.9705528846153846, 0.9763621794871795, 0.9795673076923077, 0.942207532051282, 0.98046875, 0.9776642628205128, 0.9821714743589743, 0.9800681089743589, 0.9826722756410257, 0.9837740384615384, 0.9829727564102564, 0.9826722756410257, 0.9844751602564102, 0.9841746794871795, 0.9845753205128205, 0.9841746794871795, 0.985176282051282, 0.9857772435897436, 0.9858774038461539, 0.9862780448717948, 0.9864783653846154, 0.9862780448717948, 0.9863782051282052, 0.9863782051282052, 0.9863782051282052, 0.9863782051282052, 0.9863782051282052, 0.9863782051282052, 0.9863782051282052, 0.9863782051282052, 0.9864783653846154, 0.9863782051282052, 0.9864783653846154, 0.9866786858974359, 0.9865785256410257, 0.9866786858974359, 0.9866786858974359, 0.9867788461538461, 0.9867788461538461, 0.9868790064102564, 0.9868790064102564, 0.9868790064102564, 0.9868790064102564, 0.9868790064102564, 0.9868790064102564, 0.9868790064102564, 0.9868790064102564, 0.9868790064102564, 0.9868790064102564, 0.9869791666666666, 0.9869791666666666, 0.9868790064102564, 0.9868790064102564, 0.9868790064102564, 0.9868790064102564, 0.9869791666666666, 0.9869791666666666, 0.9869791666666666, 0.9869791666666666, 0.9869791666666666, 0.9869791666666666, 0.9869791666666666, 0.9869791666666666, 0.9869791666666666, 0.9869791666666666, 0.9870793269230769, 0.9869791666666666, 0.9869791666666666, 0.9870793269230769, 0.9870793269230769, 0.9870793269230769, 0.9870793269230769, 0.9870793269230769, 0.9870793269230769, 0.9870793269230769, 0.9871794871794872, 0.9870793269230769, 0.9870793269230769, 0.9870793269230769, 0.9870793269230769, 0.9870793269230769, 0.9870793269230769, 0.9870793269230769, 0.9870793269230769, 0.9870793269230769, 0.9870793269230769, 0.9871794871794872, 0.9870793269230769, 0.9870793269230769, 0.9870793269230769, 0.9870793269230769, 0.9870793269230769, 0.9870793269230769, 0.9870793269230769, 0.9870793269230769, 0.9870793269230769, 0.9870793269230769, 0.9870793269230769, 0.9870793269230769], "analyzable_training_params": {"lr_sched_epochs": null, "lr_sched_factors": null}, "training_params": {}}