{
    "testproblem": "quadratic_deep",
    "batch_size": 128,
    "num_epochs": 100,
    "random_seed": 51,
    "l2_reg": null,
    "optimizer_name": "NadamOptimizer",
    "optimizer_hyperparams": {
        "learning_rate": 0.024637685958997447,
        "beta1": 0.9464283452816183,
        "beta2": 0.8158998845429736,
        "epsilon": 1e-07
    },
    "training_params": {
        "lr_sched_epochs": [],
        "lr_sched_factors": []
    },
    "train_losses": [
        192.48524475097656,
        109.68870980398995,
        114.65206800188336,
        109.8831056867327,
        102.15073721749442,
        100.92432294573102,
        97.9427958897182,
        94.17377580915179,
        92.26790727887835,
        90.45746176583427,
        88.38558741978237,
        87.30194418770927,
        86.06271362304688,
        85.29497419084821,
        84.69459860665458,
        84.23541695731026,
        83.8938228062221,
        83.60029929024833,
        83.38057708740234,
        83.1995609828404,
        83.04938398088727,
        82.92648315429688,
        82.82925415039062,
        82.74977220807757,
        82.68362208775112,
        82.62934112548828,
        82.58420998709542,
        82.54580361502511,
        82.51270512172154,
        82.48417663574219,
        82.45945739746094,
        82.43780081612724,
        82.41870989118304,
        82.40188925606864,
        82.38702065604073,
        82.37376730782645,
        82.36190686907086,
        82.35127585274833,
        82.34171731131417,
        82.33307538713727,
        82.3252421787807,
        82.31813158307757,
        82.31166185651507,
        82.30575125558036,
        82.30034419468471,
        82.2953850882394,
        82.29083142961774,
        82.28663417271206,
        82.28275953020368,
        82.2791726248605,
        82.27585165841239,
        82.27276393345424,
        82.26989419119698,
        82.2672119140625,
        82.26470838274274,
        82.26236179896763,
        82.26016780308315,
        82.25810241699219,
        82.25616128104073,
        82.25432804652623,
        82.25260053362165,
        82.25096457345145,
        82.24941798618862,
        82.2479498726981,
        82.24655260358539,
        82.24522944859096,
        82.24396623883929,
        82.24276406424386,
        82.24161420549665,
        82.24051557268415,
        82.23946598597935,
        82.23845999581474,
        82.23749542236328,
        82.236570085798,
        82.23568398611886,
        82.23482949393136,
        82.2340087890625,
        82.23321751185826,
        82.23245457240513,
        82.23172542027065,
        82.23101697649274,
        82.23033251081195,
        82.22967093331474,
        82.22903115408761,
        82.22841535295758,
        82.22781808035714,
        82.22724151611328,
        82.22668130057198,
        82.22613852364677,
        82.22561645507812,
        82.22510746547154,
        82.22461482456752,
        82.22413308279855,
        82.22366986955915,
        82.2232175554548,
        82.2227783203125,
        82.22235107421875,
        82.22194126674107,
        82.22153908865792,
        82.22114889962333,
        82.22076742989677
    ],
    "valid_losses": [
        192.92198399135046,
        112.97164481026786,
        118.81791687011719,
        113.6458249773298,
        105.27926526750836,
        103.87808663504464,
        101.19300515311105,
        97.63838413783482,
        95.66608428955078,
        93.6602314540318,
        91.5921151297433,
        90.61896405901227,
        89.35951886858258,
        88.53091866629464,
        87.93704441615513,
        87.50763266427177,
        87.16725158691406,
        86.87100873674665,
        86.65846361432757,
        86.48841094970703,
        86.34123011997768,
        86.22084590366909,
        86.12983921595982,
        86.0544182913644,
        85.98987470354352,
        85.93858119419643,
        85.89610181535993,
        85.85888780866351,
        85.82709503173828,
        85.7999736240932,
        85.77612195696149,
        85.75513131277901,
        85.73674556187221,
        85.7205330984933,
        85.70613425118583,
        85.69330269949776,
        85.68185533796039,
        85.67159816196987,
        85.66235896519252,
        85.6540047781808,
        85.64645167759487,
        85.63959285191127,
        85.63333892822266,
        85.62762451171875,
        85.62239619663784,
        85.6176005772182,
        85.6131831577846,
        85.60911560058594,
        85.60535430908203,
        85.60187203543526,
        85.59863717215401,
        85.59563555036273,
        85.59283774239677,
        85.59022630964007,
        85.58778708321708,
        85.5854960850307,
        85.5833500453404,
        85.58133479527065,
        85.57943180629185,
        85.57764325823102,
        85.57595389229911,
        85.57435280936105,
        85.57283346993583,
        85.57139805385044,
        85.57002694266183,
        85.5687277657645,
        85.56748635428292,
        85.56629725864956,
        85.56516701834542,
        85.56408800397601,
        85.56305367606026,
        85.5620618547712,
        85.5611081804548,
        85.56019374302456,
        85.55932072230748,
        85.55847494942802,
        85.55766187395368,
        85.55688040597099,
        85.55612618582589,
        85.55539376395089,
        85.55469185965401,
        85.55401502336774,
        85.55335889543805,
        85.55272456577846,
        85.55210658482143,
        85.55151803152901,
        85.55094037737165,
        85.55038125174386,
        85.54984392438617,
        85.54932076590401,
        85.54881286621094,
        85.5483169555664,
        85.54783957345145,
        85.54737418038505,
        85.54692622593471,
        85.5464859008789,
        85.54605756487165,
        85.54564666748047,
        85.54524448939732,
        85.54485212053571,
        85.54447283063617
    ],