{
    "testproblem": "quadratic_deep",
    "batch_size": 128,
    "num_epochs": 100,
    "random_seed": 42,
    "l2_reg": null,
    "optimizer_name": "AdadeltaOptimizer",
    "optimizer_hyperparams": {
        "learning_rate": 0.2834090429514773,
        "rho": 0.9688690404387788,
        "epsilon": 1e-08,
        "use_locking": false
    },
    "training_params": {
        "lr_sched_epochs": [
            1,
            2,
            3,
            4,
            5,
            6,
            7,
            8,
            9,
            10,
            11,
            12,
            13,
            14,
            15,
            16,
            17,
            18,
            19,
            20,
            21,
            22,
            23,
            24,
            25,
            26,
            27,
            28,
            29,
            30,
            31,
            32,
            33,
            34,
            35,
            36,
            37,
            38,
            39,
            40,
            41,
            42,
            43,
            44,
            45,
            46,
            47,
            48,
            49,
            50,
            51,
            52,
            53,
            54,
            55,
            56,
            57,
            58,
            59,
            60,
            61,
            62,
            63,
            64,
            65,
            66,
            67,
            68,
            69,
            70,
            71,
            72,
            73,
            74,
            75,
            76,
            77,
            78,
            79,
            80,
            81,
            82,
            83,
            84,
            85,
            86,
            87,
            88,
            89,
            90,
            91,
            92,
            93,
            94,
            95,
            96,
            97,
            98,
            99,
            100
        ],
        "lr_sched_factors": [
            0.1,
            0.2,
            0.3,
            0.4,
            0.5,
            0.6,
            0.7,
            0.8,
            0.9,
            1.0,
            1.0,
            1.0,
            1.0,
            1.0,
            1.0,
            1.0,
            1.0,
            1.0,
            1.0,
            1.0,
            1.0,
            1.0,
            1.0,
            1.0,
            1.0,
            1.0,
            1.0,
            1.0,
            1.0,
            1.0,
            1.0,
            1.0,
            1.0,
            1.0,
            1.0,
            1.0,
            1.0,
            1.0,
            1.0,
            1.0,
            1.0,
            1.0,
            1.0,
            1.0,
            1.0,
            1.0,
            1.0,
            1.0,
            1.0,
            1.0,
            1.0,
            1.0,
            1.0,
            1.0,
            1.0,
            1.0,
            1.0,
            1.0,
            1.0,
            1.0,
            1.0,
            1.0,
            1.0,
            1.0,
            1.0,
            1.0,
            1.0,
            1.0,
            1.0,
            1.0,
            1.0,
            1.0,
            1.0,
            1.0,
            1.0,
            1.0,
            1.0,
            1.0,
            1.0,
            1.0,
            1.0,
            1.0,
            1.0,
            1.0,
            1.0,
            1.0,
            1.0,
            1.0,
            1.0,
            1.0,
            0.9090909090909091,
            0.8181818181818181,
            0.7272727272727273,
            0.6363636363636364,
            0.5454545454545454,
            0.4545454545454546,
            0.36363636363636365,
            0.2727272727272727,
            0.18181818181818177,
            0.09090909090909094
        ]
    },
    "train_losses": [
        355.276114327567,
        353.8979056222098,
        353.7584795270647,
        353.47754342215404,
        353.05423845563615,
        352.48817661830356,
        351.77942330496654,
        350.92838396344865,
        349.93577357700894,
        348.8026210239955,
        347.53023856026783,
        346.1201913016183,
        344.7144775390625,
        343.31319318498885,
        341.9163905552455,
        340.5241219656808,
        339.13643537248885,
        337.7533743722098,
        336.3749433244978,
        335.00118582589283,
        333.63211931501115,
        332.26771763392856,
        330.9080287388393,
        329.55303955078125,
        328.2027587890625,
        326.8571995326451,
        325.516348702567,
        324.1802062988281,
        322.84876796177457,
        321.52205984933033,
        320.2000296456473,
        318.8827165876116,
        317.5701206752232,
        316.2622593470982,
        314.95908900669644,
        313.6606009347098,
        312.36681692940846,
        311.07774135044644,
        309.79334803989957,
        308.51365879603793,
        307.23866489955356,
        305.96834891183033,
        304.7027151925223,
        303.44178553989957,
        302.185555594308,
        300.9339686802455,
        299.6870640345982,
        298.4448547363281,
        297.2073233468192,
        295.9744567871094,
        294.74625505719865,
        293.5227355957031,
        292.30386788504467,
        291.0896650041853,
        289.88013131277904,
        288.67525809151783,
        287.47505841936385,
        286.2794886997768,
        285.0885663713728,
        283.90232631138394,
        282.72072056361606,
        281.5437752859933,
        280.37147303989957,
        279.2038094656808,
        278.04078892299106,
        276.88240705217635,
        275.72867257254467,
        274.57957240513394,
        273.4351065499442,
        272.29525320870533,
        271.1600428989955,
        270.0294451032366,
        268.90348161969865,
        267.7821371895926,
        266.6654139927455,
        265.5533011300223,
        264.445809500558,
        263.3429216657366,
        262.2446507045201,
        261.1509748186384,
        260.0619158063616,
        258.9774431501116,
        257.8975917271205,
        256.82232448032926,
        255.75164576939173,
        254.6855708530971,
        253.62407793317522,
        252.56715611049108,
        251.51482936314173,
        250.4670628138951,
        249.42388480050224,
        248.38527352469308,
        247.44493538992745,
        246.60152762276786,
        245.85392325265067,
        245.2011478969029,
        244.64243861607142,
        244.17720467703683,
        243.80506243024553,
        243.52578735351562,
        243.33939034598214
    ],