{"testproblem": "mnist_mlp", "batch_size": 128, "num_epochs": 100, "random_seed": 47, "weight_decay": null, "optimizer_name": "SGD", "optimizer_hyperparams": {"lr": 0.0002511886431509582}, "train_losses": [2.302263391323579, 2.3018238911261926, 2.3008542305383926, 2.300325876627213, 2.299763875129895, 2.2989087960658927, 2.2982832132241664, 2.2974226963825717, 2.297053025319026, 2.296168257028629, 2.2953592202602286, 2.294549801410773, 2.2939391961464515, 2.2930476543230887, 2.2922926315894494, 2.291499602488982, 2.2904814451168747, 2.2894046703974404, 2.2886089453330407, 2.287441623516572, 2.286678305039039, 2.2851915328930588, 2.28413839217944, 2.282845582717504, 2.2821112168140902, 2.2806041760322375, 2.2793321212132773, 2.277638481213496, 2.2760616693741236, 2.2749155240181165, 2.273248003079341, 2.270980547635983, 2.2699092015241966, 2.268315865443303, 2.265833304478572, 2.263389993936588, 2.2612688877643685, 2.259509334197411, 2.2567034470729337, 2.25394340356191, 2.2525325066004043, 2.2489752861169667, 2.2461228492932444, 2.2422956992418337, 2.239781211584042, 2.2349790090169663, 2.23157523228572, 2.2272158494362464, 2.222847146865649, 2.2165096753682847, 2.2113934419093986, 2.205733983944624, 2.202120530299651, 2.194953738114773, 2.186980577615591, 2.1787392848577256, 2.172826663041726, 2.162013432918451, 2.1543686328790126, 2.145106288102957, 2.1308885629360494, 2.1212989336405044, 2.1090208016909084, 2.091604410073696, 2.076435605684916, 2.060324381559323, 2.0472982220160656, 2.026975908340552, 2.0135683661852126, 1.9922634959220886, 1.9688154611832056, 1.950531847966023, 1.930382095850431, 1.9035512163088872, 1.8786293803117213, 1.8478488295506208, 1.816529093644558, 1.7927602101594975, 1.7561756846232293, 1.7273874359253125, 1.6922986751947648, 1.6630202409548638, 1.619317011955457, 1.5965768542045202, 1.5468764885877953, 1.5095760119266999, 1.4827090394802582, 1.434286123667008, 1.4049895848983374, 1.3678860603234706, 1.3328598982248552, 1.2924250456003041, 1.2560904729060638, 1.2197155906603887, 1.181825040242611, 1.1563825148802538, 1.117323977060807, 1.1076976595780788, 1.0604762496092381, 1.0272445182005565, 1.0071212443021627], "test_losses": [2.3023106104288344, 2.30164430080316, 2.3009755458587255, 2.3003018146906142, 2.299621881582798, 2.2989333868026733, 2.298233689405979, 2.297521426127507, 2.296794350330646, 2.2960502551152158, 2.2952869947140035, 2.2945028390639868, 2.29369610395187, 2.292864909538856, 2.292007238436968, 2.2911212291472998, 2.29020443940774, 2.2892545797885995, 2.288269421993158, 2.2872476547192306, 2.2861868907243776, 2.285083602636288, 2.2839363110371127, 2.282740926131224, 2.281495292981466, 2.2801957650062366, 2.2788390196286716, 2.2774216609123425, 2.275938633160713, 2.2743849723767013, 2.2727565520848985, 2.271047054192959, 2.269251157075931, 2.26736228282635, 2.2653729090323815, 2.2632756722279086, 2.2610623255754128, 2.258723659393115, 2.2562490579409475, 2.253627367508717, 2.2508470645317664, 2.247893397624676, 2.2447544275186, 2.241413434346517, 2.2378524786386733, 2.234053516999269, 2.2299946332589173, 2.2256553448163547, 2.2210104771149464, 2.2160358826319375, 2.2107002215507703, 2.204977069145594, 2.1988322795965733, 2.192228378393711, 2.185130935448867, 2.177496931491754, 2.1692781692896133, 2.1604311068852744, 2.1509070090758495, 2.140652360060276, 2.129614469332573, 2.1177355020474167, 2.1049698346700425, 2.0912600572292623, 2.076563527950874, 2.0608333257528453, 2.0440331743313718, 2.0261349173692556, 2.0071100149399195, 1.9869297192646906, 1.9655782702641609, 1.9430322754077423, 1.919283953996805, 1.894305938329452, 1.8681021867654262, 1.8406317264605792, 1.8119096985230079, 1.7819177584770398, 1.7506712399996245, 1.7182022210879204, 1.6845395931830773, 1.6497839353023431, 1.6140103599964044, 1.5773685116034288, 1.5399894011326325, 1.5020872094692328, 1.463792357689295, 1.425366236613347, 1.3869846447920189, 1.348909691358224, 1.3113638697526393, 1.274561590109116, 1.2387133882595942, 1.2040338478027246, 1.1706731059612372, 1.1386291636870458, 1.1080884161667945, 1.0791527178042974, 1.0515909141454942, 1.0255572161613367, 1.0009491435992413], "train_accuracies": [0.11127804487179487, 0.11999198717948718, 0.12880608974358973, 0.14453125, 0.15124198717948717, 0.16486378205128205, 0.17387820512820512, 0.19150641025641027, 0.18619791666666666, 0.20432692307692307, 0.20993589743589744, 0.22145432692307693, 0.22275641025641027, 0.2341746794871795, 0.24479166666666666, 0.25560897435897434, 0.26672676282051283, 0.2874599358974359, 0.29667467948717946, 0.3152043269230769, 0.3254206730769231, 0.3502604166666667, 0.359775641025641, 0.3779046474358974, 0.3775040064102564, 0.39342948717948717, 0.40795272435897434, 0.41806891025641024, 0.42007211538461536, 0.4208733974358974, 0.4349959935897436, 0.43990384615384615, 0.4389022435897436, 0.43689903846153844, 0.4495192307692308, 0.4512219551282051, 0.4538261217948718, 0.4573317307692308, 0.4573317307692308, 0.46083733974358976, 0.45592948717948717, 0.4584334935897436, 0.45753205128205127, 0.45462740384615385, 0.45783253205128205, 0.46404246794871795, 0.4518229166666667, 0.4554286858974359, 0.45753205128205127, 0.4625400641025641, 0.46143830128205127, 0.452724358974359, 0.4541266025641026, 0.4544270833333333, 0.4547275641025641, 0.45653044871794873, 0.45873397435897434, 0.4593349358974359, 0.4540264423076923, 0.4540264423076923, 0.4668469551282051, 0.4638421474358974, 0.4697516025641026, 0.47646233974358976, 0.480068108974359, 0.4872796474358974, 0.49439102564102566, 0.49759615384615385, 0.5044070512820513, 0.5108173076923077, 0.5214342948717948, 0.5243389423076923, 0.53125, 0.5443709935897436, 0.5553886217948718, 0.5620993589743589, 0.5794270833333334, 0.5864383012820513, 0.6000600961538461, 0.6127804487179487, 0.6198918269230769, 0.6209935897435898, 0.6363181089743589, 0.6409254807692307, 0.6563501602564102, 0.6658653846153846, 0.6655649038461539, 0.6836939102564102, 0.6823918269230769, 0.6789863782051282, 0.6844951923076923, 0.6987179487179487, 0.6974158653846154, 0.7004206730769231, 0.7050280448717948, 0.7111378205128205, 0.7216546474358975, 0.7141426282051282, 0.7311698717948718, 0.7320713141025641, 0.7357772435897436],