{
    "testproblem": "quadratic_deep",
    "batch_size": 128,
    "num_epochs": 100,
    "random_seed": 44,
    "l2_reg": null,
    "optimizer_name": "LookaheadOptimizerMBGDMomentum",
    "optimizer_hyperparams": {
        "learning_rate": 0.040207595487498464,
        "momentum": 0.5557494308839646,
        "use_nesterov": false,
        "k": 9,
        "alpha": 0.03113095956122122,
        "use_locking": false
    },
    "training_params": {
        "lr_sched_epochs": [
            1,
            2,
            3,
            4,
            5,
            6,
            7,
            8,
            9,
            10,
            11,
            12,
            13,
            14,
            15,
            16,
            17,
            18,
            19,
            20,
            21,
            22,
            23,
            24,
            25,
            26,
            27,
            28,
            29,
            30,
            31,
            32,
            33,
            34,
            35,
            36,
            37,
            38,
            39,
            40,
            41,
            42,
            43,
            44,
            45,
            46,
            47,
            48,
            49,
            50,
            51,
            52,
            53,
            54,
            55,
            56,
            57,
            58,
            59,
            60,
            61,
            62,
            63,
            64,
            65,
            66,
            67,
            68,
            69,
            70,
            71,
            72,
            73,
            74,
            75,
            76,
            77,
            78,
            79,
            80,
            81,
            82,
            83,
            84,
            85,
            86,
            87,
            88,
            89,
            90,
            91,
            92,
            93,
            94,
            95,
            96,
            97,
            98,
            99,
            100
        ],
        "lr_sched_factors": [
            0.1,
            0.2,
            0.3,
            0.4,
            0.5,
            0.6,
            0.7,
            0.8,
            0.9,
            1.0,
            1.0,
            1.0,
            1.0,
            1.0,
            1.0,
            1.0,
            1.0,
            1.0,
            1.0,
            1.0,
            1.0,
            1.0,
            1.0,
            1.0,
            1.0,
            1.0,
            1.0,
            1.0,
            1.0,
            1.0,
            1.0,
            1.0,
            1.0,
            1.0,
            1.0,
            1.0,
            1.0,
            1.0,
            1.0,
            1.0,
            1.0,
            1.0,
            1.0,
            1.0,
            1.0,
            1.0,
            1.0,
            1.0,
            1.0,
            1.0,
            1.0,
            1.0,
            1.0,
            1.0,
            1.0,
            1.0,
            1.0,
            1.0,
            1.0,
            1.0,
            1.0,
            1.0,
            1.0,
            1.0,
            1.0,
            1.0,
            1.0,
            1.0,
            1.0,
            1.0,
            1.0,
            1.0,
            1.0,
            1.0,
            1.0,
            1.0,
            1.0,
            1.0,
            1.0,
            1.0,
            1.0,
            1.0,
            1.0,
            1.0,
            1.0,
            1.0,
            1.0,
            1.0,
            1.0,
            1.0,
            0.9090909090909091,
            0.8181818181818181,
            0.7272727272727273,
            0.6363636363636364,
            0.5454545454545454,
            0.4545454545454546,
            0.36363636363636365,
            0.2727272727272727,
            0.18181818181818177,
            0.09090909090909094
        ]
    },
    "train_losses": [
        345.13403756277904,
        109.03794969831195,
        116.26388876778739,
        124.63177708217076,
        300.3024640764509,
        97.70865522112165,
        100.40697915213448,
        121.68638065883091,
        108.52657863071987,
        253.36109706333704,
        95.72650364467076,
        99.78058515276227,
        107.22073037283761,
        153.31122698102678,
        93.66572788783482,
        100.92598506382534,
        104.0146974836077,
        133.10445949009485,
        198.45918491908483,
        93.70029013497489,
        97.6447514125279,
        101.49998801095145,
        132.79224613734655,
        92.5762710571289,
        98.04584285191127,
        99.27252415248326,
        120.02241516113281,
        161.8478284563337,
        92.62631116594586,
        95.64859553745815,
        97.3690937587193,
        118.9660154070173,
        91.71836962018695,
        95.89573124476841,
        96.0312271118164,
        110.83722141810826,
        137.26521955217635,
        91.7737067086356,
        94.08475167410714,
        94.48309108189174,
        109.51286097935268,
        91.03067670549665,
        94.26346479143415,
        93.78922489711216,
        104.32690538678851,
        120.67906188964844,
        91.08704049246651,
        92.84342738560268,
        92.42914472307477,
        102.96226501464844,
        90.47165025983539,
        93.00372859409877,
        92.21607971191406,
        99.66328430175781,
        109.42384229387555,
        90.52669634137835,
        91.84617287772042,
        90.93782697405133,
        98.35565730503627,
        90.01141793387276,
        92.01620265415737,
        91.09348406110492,
        96.28313991001674,
        101.7341057913644,
        90.06398010253906,
        91.03618730817523,
        89.83203778948102,
        95.06442587716239,
        89.62820216587612,
        91.23077501569476,
        90.27675410679409,
        93.80193437848773,
        96.43804386683873,
        89.6778095790318,
        90.37178911481585,
        88.99443817138672,
        92.67348807198661,
        89.30587114606585,
        90.5977761404855,
        89.66968318394252,
        91.95587376185826,
        92.7560043334961,
        89.3524649483817,
        89.82197570800781,
        88.34652491978237,
        90.9066140311105,
        89.03231593540737,
        90.08150373186383,
        89.20798928397042,
        90.56298828125,
        90.16790008544922,
        89.07605307442802,
        88.3977541242327,
        87.84315599714007,
        88.66868482317243,
        88.99263654436383,
        85.99498203822544,
        85.86656624930245,
        86.31004224504743,
        86.63843209402901,
        88.21013423374721
    ],