{
    "testproblem": "quadratic_deep",
    "batch_size": 128,
    "num_epochs": 100,
    "random_seed": 42,
    "l2_reg": null,
    "optimizer_name": "RAdamOptimizer",
    "optimizer_hyperparams": {
        "learning_rate": 0.008141378867570048,
        "beta1": 0.5744583033625161,
        "beta2": 0.9638777761435159,
        "epsilon": 1e-07
    },
    "training_params": {
        "lr_sched_epochs": [
            1,
            2,
            3,
            4,
            5,
            6,
            7,
            8,
            9,
            10,
            11,
            12,
            13,
            14,
            15,
            16,
            17,
            18,
            19,
            20,
            21,
            22,
            23,
            24,
            25,
            26,
            27,
            28,
            29,
            30,
            31,
            32,
            33,
            34,
            35,
            36,
            37,
            38,
            39,
            40,
            41,
            42,
            43,
            44,
            45,
            46,
            47,
            48,
            49,
            50,
            51,
            52,
            53,
            54,
            55,
            56,
            57,
            58,
            59,
            60,
            61,
            62,
            63,
            64,
            65,
            66,
            67,
            68,
            69,
            70,
            71,
            72,
            73,
            74,
            75,
            76,
            77,
            78,
            79,
            80,
            81,
            82,
            83,
            84,
            85,
            86,
            87,
            88,
            89,
            90,
            91,
            92,
            93,
            94,
            95,
            96,
            97,
            98,
            99,
            100
        ],
        "lr_sched_factors": [
            0.1,
            0.2,
            0.3,
            0.4,
            0.5,
            0.6,
            0.7,
            0.8,
            0.9,
            1.0,
            1.0,
            1.0,
            1.0,
            1.0,
            1.0,
            1.0,
            1.0,
            1.0,
            1.0,
            1.0,
            1.0,
            1.0,
            1.0,
            1.0,
            1.0,
            1.0,
            1.0,
            1.0,
            1.0,
            1.0,
            1.0,
            1.0,
            1.0,
            1.0,
            1.0,
            1.0,
            1.0,
            1.0,
            1.0,
            1.0,
            1.0,
            1.0,
            1.0,
            1.0,
            1.0,
            1.0,
            1.0,
            1.0,
            1.0,
            1.0,
            1.0,
            1.0,
            1.0,
            1.0,
            1.0,
            1.0,
            1.0,
            1.0,
            1.0,
            1.0,
            1.0,
            1.0,
            1.0,
            1.0,
            1.0,
            1.0,
            1.0,
            1.0,
            1.0,
            1.0,
            1.0,
            1.0,
            1.0,
            1.0,
            1.0,
            1.0,
            1.0,
            1.0,
            1.0,
            1.0,
            1.0,
            1.0,
            1.0,
            1.0,
            1.0,
            1.0,
            1.0,
            1.0,
            1.0,
            1.0,
            0.9090909090909091,
            0.8181818181818181,
            0.7272727272727273,
            0.6363636363636364,
            0.5454545454545454,
            0.4545454545454546,
            0.36363636363636365,
            0.2727272727272727,
            0.18181818181818177,
            0.09090909090909094
        ]
    },
    "train_losses": [
        355.276114327567,
        106.88144356863839,
        106.78953661237445,
        106.47997283935547,
        105.93420301164899,
        105.23911721365792,
        104.53464072091239,
        103.90123203822544,
        103.30313764299665,
        102.65707615443638,
        101.91708156040737,
        101.07898058210101,
        100.23292759486607,
        99.3906980242048,
        98.560549054827,
        97.74925122942243,
        96.9625015258789,
        96.20483289446149,
        95.47970036097935,
        94.78956495012555,
        94.13596452985492,
        93.51966094970703,
        92.94074031284877,
        92.39874049595424,
        91.89274270193917,
        91.4215109688895,
        90.98355974469867,
        90.57723454066685,
        90.20079585484096,
        89.85243116106305,
        89.53035409109933,
        89.23277391706195,
        88.95795440673828,
        88.70423126220703,
        88.47001102992466,
        88.25377764020648,
        88.0541000366211,
        87.86964961460659,
        87.69917406354632,
        87.54151262555804,
        87.39559500558036,
        87.26042829241071,
        87.13509695870536,
        87.0187748500279,
        86.91068594796317,
        86.81013924734933,
        86.71648842947823,
        86.62916128976005,
        86.54762377057757,
        86.47140066964286,
        86.40005602155414,
        86.33319636753627,
        86.27046421595982,
        86.21153586251395,
        86.15611158098493,
        86.1039319719587,
        86.05475398472377,
        86.00835418701172,
        85.96452876499721,
        85.92310224260602,
        85.88390350341797,
        85.84678213936942,
        85.8115986415318,
        85.77822549002511,
        85.74654279436383,
        85.71644810267857,
        85.68783896309989,
        85.66062600272042,
        85.63472420828683,
        85.61005183628627,
        85.58654458182198,
        85.5641359601702,
        85.54275185721261,
        85.52234649658203,
        85.50285993303571,
        85.48424639020648,
        85.46645682198661,
        85.44944763183594,
        85.4331784929548,
        85.41761125837054,
        85.4027077811105,
        85.38843427385602,
        85.37476457868304,
        85.36166272844586,
        85.34910583496094,
        85.3370601109096,
        85.32550811767578,
        85.31442478724888,
        85.3037850516183,
        85.29356711251395,
        85.28375898088727,
        85.27433231898716,
        85.25675964355469,
        85.2428458077567,
        85.23096248081752,
        85.2209003993443,
        85.21249825613839,
        85.20562853131976,
        85.20020730154855,
        85.19615500313895,
        85.1934334891183
    ],