{
    "testproblem": "mnist_vae",
    "batch_size": 64,
    "num_epochs": 50,
    "random_seed": 42,
    "l2_reg": null,
    "optimizer_name": "LookaheadOptimizerMBGDMomentum",
    "optimizer_hyperparams": {
        "learning_rate": 0.3231152185441095,
        "momentum": 0.9989241133693232,
        "use_nesterov": false,
        "k": 16,
        "alpha": 0.18573288333114854,
        "use_locking": false
    },
    "training_params": {
        "lr_sched_epochs": null,
        "lr_sched_factors": null
    },
    "train_losses": [
        181.38856437878732,
        181.38856437878732,
        181.38856437878732,
        181.38856437878732,
        181.38856437878732,
        181.38856437878732,
        181.38856437878732,
        181.38856437878732,
        181.38856437878732,
        181.38856437878732,
        181.38856437878732,
        181.38856437878732,
        181.38856437878732,
        181.38856437878732,
        181.38856437878732,
        181.38856437878732,
        181.38856437878732,
        181.38856437878732,
        181.38856437878732,
        181.38856437878732,
        181.38856437878732,
        181.38856437878732,
        181.38856437878732,
        181.38856437878732,
        181.38856437878732,
        181.38856437878732,
        181.38856437878732,
        181.38856437878732,
        181.38856437878732,
        181.38856437878732,
        181.38856437878732,
        181.38856437878732,
        181.38856437878732,
        181.38856437878732,
        181.38856437878732,
        181.38856437878732,
        181.38856437878732,
        181.38856437878732,
        181.38856437878732,
        181.38856437878732,
        181.38856437878732,
        181.38856437878732,
        181.38856437878732,
        181.38856437878732,
        181.38856437878732,
        181.38856437878732,
        181.38856437878732,
        181.38856437878732,
        181.38856437878732,
        181.38856437878732,
        181.38856437878732
    ],
    "valid_losses": [
        181.33862529656827,
        181.33862529656827,
        181.33862529656827,
        181.33862529656827,
        181.33862529656827,
        181.33862529656827,
        181.33862529656827,
        181.33862529656827,
        181.33862529656827,
        181.33862529656827,
        181.33862529656827,
        181.33862529656827,
        181.33862529656827,
        181.33862529656827,
        181.33862529656827,
        181.33862529656827,
        181.33862529656827,
        181.33862529656827,
        181.33862529656827,
        181.33862529656827,
        181.33862529656827,
        181.33862529656827,
        181.33862529656827,
        181.33862529656827,
        181.33862529656827,
        181.33862529656827,
        181.33862529656827,
        181.33862529656827,
        181.33862529656827,
        181.33862529656827,
        181.33862529656827,
        181.33862529656827,
        181.33862529656827,
        181.33862529656827,
        181.33862529656827,
        181.33862529656827,
        181.33862529656827,
        181.33862529656827,
        181.33862529656827,
        181.33862529656827,
        181.33862529656827,
        181.33862529656827,
        181.33862529656827,
        181.33862529656827,
        181.33862529656827,
        181.33862529656827,
        181.33862529656827,
        181.33862529656827,
        181.33862529656827,
        181.33862529656827,
        181.33862529656827
    ],
    "test_losses": [
        181.4022609026004,
        181.4022609026004,
        181.4022609026004,
        181.4022609026004,
        181.4022609026004,
        181.4022609026004,
        181.4022609026004,
        181.4022609026004,
        181.4022609026004,
        181.4022609026004,
        181.4022609026004,
        181.4022609026004,
        181.4022609026004,
        181.4022609026004,
        181.4022609026004,
        181.4022609026004,
        181.4022609026004,
        181.4022609026004,
        181.4022609026004,
        181.4022609026004,
        181.4022609026004,
        181.4022609026004,
        181.4022609026004,
        181.4022609026004,
        181.4022609026004,
        181.4022609026004,
        181.4022609026004,
        181.4022609026004,
        181.4022609026004,
        181.4022609026004,
        181.4022609026004,
        181.4022609026004,
        181.4022609026004,
        181.4022609026004,
        181.4022609026004,
        181.4022609026004,
        181.4022609026004,
        181.4022609026004,
        181.4022609026004,
        181.4022609026004,
        181.4022609026004,
        181.4022609026004,
        181.4022609026004,
        181.4022609026004,
        181.4022609026004,
        181.4022609026004,
        181.4022609026004,
        181.4022609026004,
        181.4022609026004,
        181.4022609026004,
        181.4022609026004
    ],