{
    "testproblem": "quadratic_deep",
    "batch_size": 128,
    "num_epochs": 100,
    "random_seed": 42,
    "l2_reg": null,
    "optimizer_name": "RMSPropOptimizer",
    "optimizer_hyperparams": {
        "learning_rate": 0.7556810141274423,
        "decay": 0.2115429079726122,
        "momentum": 0.0,
        "epsilon": 1e-10,
        "use_locking": false,
        "centered": false
    },
    "training_params": {
        "lr_sched_epochs": [],
        "lr_sched_factors": []
    },
    "train_losses": [
        336.7173374720982,
        388.4441877092634,
        385.6531066894531,
        397.46863228934154,
        394.6797877720424,
        382.305916922433,
        388.10140119280135,
        375.8270743233817,
        385.64759608677457,
        379.3569859095982,
        383.27391270228793,
        372.71901157924106,
        384.5009504045759,
        370.37796892438615,
        389.20969935825894,
        372.47792271205356,
        402.22666713169644,
        370.8724626813616,
        393.90494210379467,
        369.6362086704799,
        392.16075352260043,
        370.5453186035156,
        398.1841605050223,
        367.9679870605469,
        394.9783935546875,
        370.9985831124442,
        397.3466578892299,
        365.33350045340404,
        396.6343296595982,
        371.838875906808,
        395.4946594238281,
        369.5555986676897,
        395.8103681291853,
        370.77759225027904,
        393.76651872907365,
        368.6600821358817,
        390.5951843261719,
        372.048819405692,
        393.0221208844866,
        363.5609697614397,
        397.2283935546875,
        371.9349888392857,
        395.5395071847098,
        369.4364667619978,
        393.4508536202567,
        365.3995143345424,
        396.5976867675781,
        369.7904532296317,
        390.5404968261719,
        368.5440019880022,
        389.0786612374442,
        370.32662091936385,
        391.6375165666853,
        370.5847821916853,
        395.3380650111607,
        365.79089791434154,
        392.4884556361607,
        371.4996991838728,
        395.70265415736606,
        369.83571079799106,
        393.542227608817,
        370.84923008510043,
        393.58932059151783,
        365.6208714076451,
        396.65547834123885,
        368.2508544921875,
        393.03194754464283,
        370.41082763671875,
        392.98560006277904,
        369.84228951590404,
        395.26688058035717,
        368.5471670968192,
        393.576163155692,
        370.974373953683,
        392.75262451171875,
        369.7320338657924,
        392.642098563058,
        369.47083827427457,
        394.6353541782924,
        368.0552237374442,
        393.0980529785156,
        370.7540370396205,
        391.585946219308,
        368.98038591657365,
        392.3645499093192,
        369.46895926339283,
        395.4955357142857,
        370.3902108328683,
        393.60825892857144,
        368.9624328613281,
        396.34949166434154,
        371.5154811314174,
        394.9002903529576,
        369.27587890625,
        392.82759748186385,
        370.32910592215404,
        391.5254647391183,
        370.83299037388394,
        393.7688424246652,
        370.896719796317,
        391.81402587890625
    ],
    "valid_losses": [
        327.0584498814174,
        396.3547145298549,
        371.80626133510043,
        404.4299534388951,
        383.2723650251116,
        390.2852696010045,
        375.71778651646207,
        383.01964896065846,
        373.2951180594308,
        387.2533656529018,
        370.8235430036272,
        379.53836931501115,
        372.2605895996094,
        378.24867466517856,
        377.4437255859375,
        380.1044267926897,
        392.9313005719866,
        375.57142857142856,
        384.59603009905135,
        375.21756853376115,
        382.1995762416295,
        375.7428719656808,
        389.4071611676897,
        372.51944841657365,
        385.6863054547991,
        375.32043892996654,
        387.8381783621652,
        369.2377188546317,
        387.0440935407366,
        376.27247837611606,
        386.4155709402902,
        373.81885201590404,
        385.80897303989957,
        375.5542951311384,
        384.4462629045759,
        374.3221915108817,
        380.6468026297433,
        376.8733433314732,
        383.5697326660156,
        367.4631129673549,
        387.6305454799107,
        376.4636492047991,
        386.3377467564174,
        373.69722638811385,
        383.72599138532365,
        369.3028477260045,
        387.07388741629467,
        374.3782392229353,
        380.6270446777344,
        372.9402117047991,
        378.94146728515625,
        374.5652378627232,
        381.61341639927457,
        374.53455025809154,
        385.61307634626115,
        371.16504342215404,
        383.65677315848217,
        375.63425990513394,
        386.1453595842634,
        374.189950125558,
        383.81898716517856,
        375.5931832449777,
        384.33663068498885,
        369.8816571916853,
        387.66563633510043,
        372.5240478515625,
        383.2431945800781,
        375.123038155692,
        383.59337071010043,
        374.9036080496652,
        386.119881766183,
        372.8076956612723,
        384.04336983816967,
        375.19783673967635,
        383.05296107700894,
        374.4638366699219,
        383.28401838030135,
        374.4267360142299,
        385.5033700125558,
        372.3132847377232,
        383.5699986049107,
        374.9697527204241,
        381.90662928989957,
        373.7433079310826,
        382.9868818010603,
        374.53971208844865,
        386.45694841657365,
        374.6197814941406,
        383.8030744280134,
        372.882577078683,
        386.71988351004467,
        376.0198407854353,
        385.6585780552455,
        373.49222237723217,
        383.2530953543527,
        374.6202872140067,
        381.7831769670759,
        374.887686593192,
        384.3521205357143,
        375.1148027692522,
        382.0808890206473
    ],