{
    "testproblem": "quadratic_deep",
    "batch_size": 128,
    "num_epochs": 100,
    "random_seed": 48,
    "l2_reg": null,
    "optimizer_name": "MomentumOptimizer",
    "optimizer_hyperparams": {
        "learning_rate": 0.01,
        "momentum": 0.99,
        "use_locking": false,
        "use_nesterov": true
    },
    "training_params": {
        "lr_sched_epochs": [],
        "lr_sched_factors": []
    },
    "train_losses": [
        477.25022670200894,
        109.06456865583148,
        92.77813502720424,
        91.06019047328404,
        94.34503936767578,
        95.67474147251674,
        93.78143419538226,
        92.10915701729911,
        92.49830627441406,
        93.22000449044364,
        92.50532967703683,
        91.03853062220982,
        90.35842568533761,
        90.60961260114398,
        90.84925079345703,
        90.62646484375,
        90.29178946358817,
        90.12424577985492,
        89.95838710239956,
        89.6636472429548,
        89.43170383998326,
        89.43179212297711,
        89.51663208007812,
        89.4557615007673,
        89.26590292794364,
        89.13437870570591,
        89.12559073311942,
        89.12940543038505,
        89.0599125453404,
        88.96217346191406,
        88.90850176130023,
        88.89339120047433,
        88.8733640398298,
        88.84451402936664,
        88.82903943743024,
        88.81997680664062,
        88.7894265311105,
        88.74032592773438,
        88.70926448277065,
        88.71434892926898,
        88.72971997942243,
        88.72190202985492,
        88.6909899030413,
        88.66211700439453,
        88.64962986537388,
        88.6461933680943,
        88.6421388898577,
        88.63925388881138,
        88.6420397077288,
        88.64618791852679,
        88.64293343680245,
        88.63069479806083,
        88.61654663085938,
        88.60740116664341,
        88.60394396100726,
        88.60308619907924,
        88.60263388497489,
        88.6021499633789,
        88.60136958530971,
        88.5999777657645,
        88.59830256870815,
        88.59700557163784,
        88.59601811000279,
        88.59458814348493,
        88.59237016950335,
        88.58985355922154,
        88.58773476736886,
        88.5863265991211,
        88.58565848214286,
        88.58572605678013,
        88.58626556396484,
        88.58654676164899,
        88.58587864467076,
        88.58436257498605,
        88.58284759521484,
        88.58213261195591,
        88.58225795200893,
        88.5826666695731,
        88.5828116280692,
        88.58253914969308,
        88.58199964250836,
        88.58138820103237,
        88.58085196358817,
        88.58048030308315,
        88.58032662527901,
        88.58033316476005,
        88.58039964948382,
        88.5804214477539,
        88.58035714285714,
        88.58020564488002,
        88.57999311174665,
        88.57976422991071,
        88.57956150599888,
        88.57943289620536,
        88.57938058035714,
        88.57939038957868,
        88.57943943568638,
        88.57947758265904,
        88.57947322300502,
        88.57940782819476,
        88.57928357805524
    ],
    "valid_losses": [
        478.28148106166293,
        108.02159445626395,
        90.99655042375836,
        89.19883292061942,
        92.52457972935268,
        93.85477338518415,
        91.96109662737165,
        90.29105377197266,
        90.68188040597099,
        91.4049791608538,
        90.69120352608817,
        89.22461373465401,
        88.54380798339844,
        88.79315294538226,
        89.02971431187221,
        88.80283682686942,
        88.46372440883091,
        88.29246412004743,
        88.12479400634766,
        87.83104814801898,
        87.60309709821429,
        87.60951450892857,
        87.70153481619698,
        87.64685930524554,
        87.46053314208984,
        87.32897622244698,
        87.31670597621373,
        87.31473977225167,
        87.23895154680524,
        87.13623591831752,
        87.08022199358258,
        87.06580134800502,
        87.04894147600446,
        87.02447727748326,
        87.01308986118862,
        87.00655038016183,
        86.97631726946149,
        86.92540740966797,
        86.89111219133649,
        86.8925552368164,
        86.90486798967633,
        86.89525604248047,
        86.86404309953961,
        86.83619689941406,
        86.82560729980469,
        86.82442147391183,
        86.82251957484654,
        86.82142530168805,
        86.82555280412946,
        86.83062635149274,
        86.8279549734933,
        86.81600080217633,
        86.80181121826172,
        86.79225267682757,
        86.78794424874442,
        86.7857905796596,
        86.78368377685547,
        86.78135463169643,
        86.77879442487445,
        86.77596718924386,
        86.77345820835659,
        86.77207837785993,
        86.77178846086774,
        86.771726335798,
        86.77127838134766,
        86.77061244419643,
        86.77007511683873,
        86.76968819754464,
        86.7693339756557,
        86.76900918143136,
        86.76861354282924,
        86.76770782470703,
        86.76592145647321,
        86.76363045828683,
        86.7618386404855,
        86.76134599958148,
        86.76205880301339,
        86.76318250383649,
        86.76391710553851,
        86.763913835798,
        86.76324462890625,
        86.76216779436383,
        86.76097651890346,
        86.75998360770089,
        86.7594244820731,
        86.75936453683036,
        86.75970567975726,
        86.76025499616351,
        86.76081085205078,
        86.76119232177734,
        86.76129368373326,
        86.76108115059989,
        86.76063646589007,
        86.76008823939732,
        86.7595683506557,
        86.75919342041016,
        86.75901903424945,
        86.75903756277901,
        86.75919124058315,
        86.75938960484096,
        86.75956508091518
    ],