{
    "testproblem": "quadratic_deep",
    "batch_size": 128,
    "num_epochs": 100,
    "random_seed": 42,
    "l2_reg": null,
    "optimizer_name": "AdadeltaOptimizer",
    "optimizer_hyperparams": {
        "learning_rate": 0.00030771802712506853,
        "rho": 0.030586566669785254,
        "epsilon": 1e-08,
        "use_locking": false
    },
    "training_params": {
        "lr_sched_epochs": [],
        "lr_sched_factors": []
    },
    "train_losses": [
        176.63983154296875,
        176.63956778390067,
        176.63910784040178,
        176.63861955915178,
        176.63804408482142,
        176.63739885602678,
        176.63661411830358,
        176.63577488490515,
        176.63482666015625,
        176.63387189592635,
        176.6329105922154,
        176.63194492885046,
        176.63089643205916,
        176.62979997907365,
        176.6286882672991,
        176.62748282296317,
        176.6262468610491,
        176.62499782017298,
        176.62364196777344,
        176.6222686767578,
        176.62088884626115,
        176.61949157714844,
        176.61808558872767,
        176.6166752406529,
        176.61524963378906,
        176.61374991280692,
        176.61222403390067,
        176.61067635672433,
        176.60911778041296,
        176.60750470842635,
        176.6058611188616,
        176.60421098981584,
        176.60251944405692,
        176.60077558244978,
        176.59900556291853,
        176.59720066615515,
        176.59540012904577,
        176.5935821533203,
        176.59176199776786,
        176.58992876325334,
        176.5881086077009,
        176.58627101353235,
        176.5843963623047,
        176.58248901367188,
        176.58056640625,
        176.5786350795201,
        176.57669503348214,
        176.57474408830916,
        176.57274736676897,
        176.5707288469587,
        176.5686972481864,
        176.56663077218192,
        176.56454467773438,
        176.5624258858817,
        176.56029401506697,
        176.5581294468471,
        176.5559583391462,
        176.55379377092635,
        176.55160304478235,
        176.5494123186384,
        176.5472194126674,
        176.5450177873884,
        176.5428183419364,
        176.5406014578683,
        176.5383562360491,
        176.5361066545759,
        176.5338396344866,
        176.53155517578125,
        176.52924455915178,
        176.52693612234933,
        176.5246080671038,
        176.52228219168526,
        176.51993669782365,
        176.51757158551897,
        176.5151846749442,
        176.51277378627233,
        176.51034545898438,
        176.50790405273438,
        176.50544084821428,
        176.50297110421317,
        176.50047738211495,
        176.4979727608817,
        176.4954572405134,
        176.492924281529,
        176.4903847830636,
        176.4878387451172,
        176.48528616768974,
        176.4827379499163,
        176.48018755231584,
        176.4776109967913,
        176.47504316057478,
        176.4724600655692,
        176.46987915039062,
        176.46727861676897,
        176.46466500418526,
        176.46204485212053,
        176.4594225202288,
        176.45677403041296,
        176.45412118094308,
        176.45145525251115,
        176.44878714425224
    ],
    "valid_losses": [
        176.11995588030135,
        176.11969866071428,
        176.11922781808036,
        176.11873081752233,
        176.11815316336495,
        176.11750139508928,
        176.11670575823103,
        176.11585780552454,
        176.1148965018136,
        176.11393083844865,
        176.11294991629464,
        176.11198207310267,
        176.11091831752233,
        176.10981096540178,
        176.10868181501115,
        176.10746547154017,
        176.10620989118303,
        176.10494559151786,
        176.10357666015625,
        176.10218375069755,
        176.10077776227678,
        176.099365234375,
        176.0979461669922,
        176.0965118408203,
        176.0950687953404,
        176.09354945591517,
        176.09199959891183,
        176.09044102260046,
        176.08886064801897,
        176.08721923828125,
        176.0855494907924,
        176.08387102399553,
        176.08216421944755,
        176.08040291922433,
        176.07860238211495,
        176.0767778669085,
        176.07495771135603,
        176.07311793736048,
        176.0712650844029,
        176.06941441127233,
        176.06756155831474,
        176.0656978062221,
        176.06379917689733,
        176.06187002999442,
        176.0599125453404,
        176.0579594203404,
        176.05598885672433,
        176.05401611328125,
        176.05199541364397,
        176.04994419642858,
        176.0478733607701,
        176.04578508649553,
        176.04366629464286,
        176.0415322440011,
        176.03935023716517,
        176.03716605050224,
        176.03496660505022,
        176.0327649797712,
        176.03054809570312,
        176.02832685198103,
        176.02609252929688,
        176.02386474609375,
        176.02163696289062,
        176.01938956124442,
        176.0171160016741,
        176.01482500348772,
        176.0125274658203,
        176.01021466936385,
        176.00786699567522,
        176.0055171421596,
        176.00316074916296,
        176.0008043561663,
        175.99841962541853,
        175.99602835518974,
        175.9936043875558,
        175.99115862165178,
        175.9886954171317,
        175.98622567313058,
        175.9837166922433,
        175.98121425083704,
        175.97869655064173,
        175.9761461530413,
        175.97359139578683,
        175.9710213797433,
        175.96844482421875,
        175.96586390904017,
        175.96327209472656,
        175.960693359375,
        175.9581037248884,
        175.95549883161272,
        175.95288303920202,
        175.95025852748327,
        175.94763401576452,
        175.94499860491072,
        175.94235011509485,
        175.93969072614397,
        175.93702479771204,
        175.93433707101005,
        175.93164280482702,
        175.92894417898995,
        175.92623465401786
    ],