{
    "testproblem": "quadratic_deep",
    "batch_size": 128,
    "num_epochs": 100,
    "random_seed": 42,
    "l2_reg": null,
    "optimizer_name": "GradientDescentOptimizer",
    "optimizer_hyperparams": {
        "learning_rate": 0.005145653577921971
    },
    "training_params": {
        "lr_sched_epochs": null,
        "lr_sched_factors": null
    },
    "train_losses": [
        355.276114327567,
        111.5988518851144,
        104.33866882324219,
        103.21153041294643,
        102.36815752301898,
        101.58175659179688,
        100.83770860944476,
        100.13276672363281,
        99.46461159842355,
        98.83112444196429,
        98.23033469063895,
        97.66039603097099,
        97.11955915178571,
        96.60620008196149,
        96.1187722342355,
        95.6558347429548,
        95.21601976667132,
        94.7980466570173,
        94.4007077898298,
        94.02287183489118,
        93.66346304757255,
        93.32147652762276,
        92.99596405029297,
        92.68602970668248,
        92.39083862304688,
        92.10959080287388,
        91.84153856549945,
        91.58598327636719,
        91.34225899832589,
        91.10973576136998,
        90.88783155168805,
        90.67598397391183,
        90.47366550990513,
        90.28039005824498,
        90.09568568638393,
        89.91911097935268,
        89.75024741036552,
        89.58870806012835,
        89.43411254882812,
        89.28612409319196,
        89.14440046037946,
        89.00863211495536,
        88.87852913992745,
        88.75380597795758,
        88.63420758928571,
        88.51946694510323,
        88.40936279296875,
        88.30366952078683,
        88.20217568533761,
        88.10467747279576,
        88.01099177769252,
        87.92093658447266,
        87.83433968680245,
        87.75104522705078,
        87.670896257673,
        87.59375,
        87.51947021484375,
        87.44793156215123,
        87.3790054321289,
        87.31257629394531,
        87.24853951590401,
        87.18677847726005,
        87.12720053536552,
        87.06971304757255,
        87.01422119140625,
        86.9606454031808,
        86.90889957972935,
        86.85890851702008,
        86.81059810093471,
        86.76389857700893,
        86.71874019077846,
        86.67506517682757,
        86.632814679827,
        86.59192984444755,
        86.55235072544643,
        86.51403154645648,
        86.47692108154297,
        86.4409681047712,
        86.40613446916852,
        86.37237548828125,
        86.33964320591518,
        86.30790710449219,
        86.2771235874721,
        86.2472643171038,
        86.21829005650112,
        86.19016483851841,
        86.1628668648856,
        86.13635907854352,
        86.1106185913086,
        86.08560725620815,
        86.06131090436664,
        86.03770010811942,
        86.01475306919643,
        85.99244035993304,
        85.97074781145368,
        85.94965144566127,
        85.92913055419922,
        85.90916442871094,
        85.88973454066685,
        85.8708267211914,
        85.85242353166852
    ],
    "valid_losses": [
        353.8127659388951,
        112.02101353236607,
        104.96468353271484,
        103.86167580740792,
        103.022947038923,
        102.23877825055804,
        101.49650028773716,
        100.79317801339286,
        100.12656075613839,
        99.49457114083427,
        98.89524405343192,
        98.32672991071429,
        97.78729248046875,
        97.27530452183315,
        96.78922489711216,
        96.32760075160435,
        95.88907405308315,
        95.47235979352679,
        95.07626124790737,
        94.6996340070452,
        94.34140886579242,
        94.0005863734654,
        93.67620413643974,
        93.36738804408482,
        93.07328033447266,
        92.79309953962054,
        92.52609361921039,
        92.27155521937779,
        92.0288325718471,
        91.7972902570452,
        91.5763440813337,
        91.3654294695173,
        91.16403416224888,
        90.9716546194894,
        90.78782871791294,
        90.6121095929827,
        90.44409724644252,
        90.2833742414202,
        90.12958744594029,
        89.98238481794085,
        89.8414328438895,
        89.7064230782645,
        89.57705579485211,
        89.45305524553571,
        89.3341544015067,
        89.22011348179409,
        89.11068398611886,
        89.00565229143415,
        88.90480150495257,
        88.8079365321568,
        88.7148666381836,
        88.62541089739118,
        88.5394058227539,
        88.45668574741909,
        88.37710135323661,
        88.30050768171039,
        88.22676849365234,
        88.15574863978794,
        88.08734239850726,
        88.0214124407087,
        87.9578628540039,
        87.89658573695591,
        87.8374764578683,
        87.7804445539202,
        87.72540283203125,
        87.67225973946708,
        87.62094007219586,
        87.5713631766183,
        87.5234614780971,
        87.47715759277344,
        87.43238830566406,
        87.38909367152623,
        87.34721156529018,
        87.30668531145368,
        87.26745932442802,
        87.22947801862445,
        87.1927021571568,
        87.15707615443638,
        87.12256295340401,
        87.089109148298,
        87.05668204171317,
        87.02524130684989,
        86.99474988664899,
        86.96516745431083,
        86.93646240234375,
        86.90861293247768,
        86.88157217843192,
        86.85531507219586,
        86.82981654575893,
        86.80505044119698,
        86.78098842075893,
        86.75760868617466,
        86.73487745012555,
        86.71278490339007,
        86.69130270821708,
        86.67040688650948,
        86.65008762904576,
        86.63031114850726,
        86.61107526506696,
        86.59235164097377,
        86.57412283761161
    ],