{
    "testproblem": "quadratic_deep",
    "batch_size": 128,
    "num_epochs": 100,
    "random_seed": 42,
    "l2_reg": null,
    "optimizer_name": "AdadeltaOptimizer",
    "optimizer_hyperparams": {
        "learning_rate": 0.08287522363768153,
        "rho": 0.08178476574339535,
        "epsilon": 1e-08,
        "use_locking": false
    },
    "training_params": {
        "lr_sched_epochs": [
            1,
            2,
            3,
            4,
            5,
            6,
            7,
            8,
            9,
            10,
            11,
            12,
            13,
            14,
            15,
            16,
            17,
            18,
            19,
            20,
            21,
            22,
            23,
            24,
            25,
            26,
            27,
            28,
            29,
            30,
            31,
            32,
            33,
            34,
            35,
            36,
            37,
            38,
            39,
            40,
            41,
            42,
            43,
            44,
            45,
            46,
            47,
            48,
            49,
            50,
            51,
            52,
            53,
            54,
            55,
            56,
            57,
            58,
            59,
            60,
            61,
            62,
            63,
            64,
            65,
            66,
            67,
            68,
            69,
            70,
            71,
            72,
            73,
            74,
            75,
            76,
            77,
            78,
            79,
            80,
            81,
            82,
            83,
            84,
            85,
            86,
            87,
            88,
            89,
            90,
            91,
            92,
            93,
            94,
            95,
            96,
            97,
            98,
            99,
            100
        ],
        "lr_sched_factors": [
            0.9755282581475768,
            0.9045084971874737,
            0.7938926261462366,
            0.6545084971874737,
            0.5,
            0.34549150281252633,
            0.2061073738537635,
            0.09549150281252633,
            0.024471741852423234,
            1,
            0.9938441702975689,
            0.9755282581475768,
            0.9455032620941839,
            0.9045084971874737,
            0.8535533905932737,
            0.7938926261462366,
            0.7269952498697734,
            0.6545084971874737,
            0.5782172325201155,
            0.5,
            0.42178276747988447,
            0.34549150281252633,
            0.2730047501302266,
            0.2061073738537635,
            0.14644660940672627,
            0.09549150281252633,
            0.054496737905816106,
            0.024471741852423234,
            0.00615582970243117,
            1,
            0.998458666866564,
            0.9938441702975689,
            0.9861849601988383,
            0.9755282581475768,
            0.9619397662556434,
            0.9455032620941839,
            0.9263200821770461,
            0.9045084971874737,
            0.8802029828000155,
            0.8535533905932737,
            0.8247240241650917,
            0.7938926261462366,
            0.7612492823579744,
            0.7269952498697734,
            0.6913417161825449,
            0.6545084971874737,
            0.6167226819279528,
            0.5782172325201155,
            0.5392295478639225,
            0.5,
            0.4607704521360776,
            0.42178276747988447,
            0.38327731807204746,
            0.34549150281252633,
            0.30865828381745514,
            0.2730047501302266,
            0.2387507176420256,
            0.2061073738537635,
            0.17527597583490823,
            0.14644660940672627,
            0.11979701719998453,
            0.09549150281252633,
            0.07367991782295391,
            0.054496737905816106,
            0.03806023374435663,
            0.024471741852423234,
            0.013815039801161721,
            0.00615582970243117,
            0.001541333133436018,
            1,
            0.9996145181203615,
            0.998458666866564,
            0.9965342284774632,
            0.9938441702975689,
            0.9903926402016152,
            0.9861849601988383,
            0.9812276182268236,
            0.9755282581475768,
            0.9690956679612421,
            0.9619397662556434,
            0.9540715869125407,
            0.9455032620941839,
            0.9362480035363986,
            0.9263200821770461,
            0.9157348061512727,
            0.9045084971874737,
            0.8926584654403724,
            0.8802029828000155,
            0.8671612547178428,
            0.8535533905932737,
            0.839400372766471,
            0.8247240241650917,
            0.8095469746549171,
            0.7938926261462366,
            0.7777851165098011,
            0.7612492823579744,
            0.7443106207484775,
            0.7269952498697734,
            0.7093298687687141,
            0.6913417161825449
        ]
    },
    "train_losses": [
        310.97375924246654,
        310.8568376813616,
        310.6657976422991,
        310.44049072265625,
        310.20861380440846,
        309.9933340890067,
        309.81253487723217,
        309.6773681640625,
        309.59109933035717,
        309.54871041434154,
        309.5372619628906,
        309.04747227260043,
        308.5403137207031,
        308.0235595703125,
        307.50531005859375,
        306.99366542271207,
        306.4965253557478,
        306.02134922572543,
        305.57498604910717,
        305.16332571847096,
        304.7912902832031,
        304.46255929129467,
        304.1794695172991,
        303.94298880440846,
        303.75257655552457,
        303.606192452567,
        303.5003400530134,
        303.43016270228793,
        303.3894304547991,
        303.3708757672991,
        303.36612374441967,
        302.5852748325893,
        301.7965087890625,
        301.00257655552457,
        300.2063511439732,
        299.41067940848217,
        298.618399483817,
        297.8323233468192,
        297.0552237374442,
        296.28980800083707,
        295.5386744907924,
        294.80436052594865,
        294.08926827566967,
        293.39563424246654,
        292.72555106026783,
        292.0809892926897,
        291.46368408203125,
        290.8752136230469,
        290.3169424874442,
        289.790047781808,
        289.2954319545201,
        288.8338143484933,
        288.4057050432478,
        288.0113612583705,
        287.6507568359375,
        287.3236868722098,
        287.0296892438616,
        286.768057686942,
        286.5378897530692,
        286.3379647391183,
        286.16693115234375,
        286.02317592075894,
        285.9048985072545,
        285.81005859375,
        285.73644583565846,
        285.68167550223217,
        285.6432189941406,
        285.6183646065848,
        285.6042262486049,
        285.5979309082031,
        285.5963919503348,
        284.5591605050223,
        283.52054268973217,
        282.4814932686942,
        281.4429364885603,
        280.40580095563615,
        279.3710414341518,
        278.33956037248885,
        277.3122297014509,
        276.2899911063058,
        275.27368600027904,
        274.2641906738281,
        273.2623508998326,
        272.26900373186385,
        271.28491646902904,
        270.31090872628346,
        269.3477347237723,
        268.39611162458147,
        267.45678056989397,
        266.53041076660156,
        265.617667061942,
        264.7191903250558,
        263.83556474958147,
        262.9674094063895,
        262.11522129603793,
        261.279532296317,
        260.46084376743863,
        259.6595894949777,
        258.87623814174106,
        258.11113412039623,
        257.3646894182478
    ],