{"testproblem": "fmnist_2c2d", "batch_size": 128, "num_epochs": 100, "random_seed": 46, "weight_decay": null, "optimizer_name": "SGD", "optimizer_hyperparams": {"lr": 2.5118864315095822e-05}, "train_losses": [2.360566557982029, 2.332454638603406, 2.3082935412724814, 2.2875046944006896, 2.265220140799498, 2.2492643900406666, 2.2334571190369434, 2.217354089785845, 2.2008447555395274, 2.1852892331587963, 2.1674211819966636, 2.152573695549598, 2.1385724513958664, 2.1222564654472547, 2.103417631907341, 2.0870774800960836, 2.067262197152162, 2.050150308853541, 2.0327276174838724, 2.013817418844272, 1.9944043434583223, 1.9720440369385939, 1.9507269675915058, 1.9325950527802491, 1.9082725521845696, 1.8838672439257305, 1.85789843247487, 1.8284232509441865, 1.8078426993810213, 1.7807875352028089, 1.7524114510951898, 1.7241651568657312, 1.692478060722351, 1.669796116841145, 1.6418966834361737, 1.604091430321718, 1.57609850473893, 1.5542912697180724, 1.5263280792114062, 1.4872821600009234, 1.4648879414949663, 1.4295738966037066, 1.4074663000229077, 1.3751736604250395, 1.3491591704197419, 1.326207072306902, 1.2932730057300665, 1.264820444278228, 1.2488318498318012, 1.2308343190413256, 1.2033179234235714, 1.1807807179597707, 1.1619774103164673, 1.1503550884051201, 1.122262444251623, 1.112123402265402, 1.0917433217549934, 1.0704149458652887, 1.0573567900902185, 1.0476858149736354, 1.0291745418157332, 1.026155451933543, 1.0070903324163878, 1.0045639123672094, 0.9860773950051038, 0.972797746077562, 0.9542781817607391, 0.9510249235691168, 0.941850918225753, 0.9396199989013183, 0.9147958778418027, 0.9215904688223814, 0.9122893565740341, 0.8993119727342557, 0.9130709392902179, 0.8904753197462131, 0.8829333843329014, 0.8737907631274981, 0.8590264580188653, 0.8655723631381989, 0.8557403760078626, 0.8424424750682635, 0.8501523022468274, 0.835489673492236, 0.8316296147994506, 0.8247235004718487, 0.8276774287223816, 0.8302873686338083, 0.8202634621889163, 0.823433837829492, 0.7970235363031045, 0.8048695249435229, 0.7944762370525262, 0.8010749343114022, 0.7958549375717456, 0.7794851034115522, 0.7894457288277454, 0.7872716967876141, 0.7921087145805359, 0.7796974694117521, 0.7836587749994718], "test_losses": [2.3607060053409676, 2.332357889566666, 2.308067370683719, 2.2866825690636268, 2.2674351900051803, 2.2497054521854105, 2.2329851174965882, 2.2168799363649807, 2.20115079329564, 2.1855652851936145, 2.169995271242582, 2.1543356546988854, 2.1385191892966247, 2.1224683614877553, 2.1060921534513817, 2.0893056362103195, 2.072040964395572, 2.0542076428731284, 2.0357600205983872, 2.0166457157868605, 1.9968362420033186, 1.9763041612429497, 1.955013938439198, 1.932938779011751, 1.9100618622241876, 1.8863960687930768, 1.8619643189968207, 1.8367832104365032, 1.8108831674624712, 1.7843126914440057, 1.757130768054571, 1.7293596374682891, 1.7010823029738207, 1.6723794218821404, 1.6433314497654254, 1.6140039257514172, 1.5845124079630926, 1.5549654716100447, 1.525516933355576, 1.4962748747605543, 1.4673724755262718, 1.4389069416584113, 1.4109848997531793, 1.3836881946294735, 1.3570795242603009, 1.3311922473785205, 1.3060940977854607, 1.2818063283577943, 1.2583820269658015, 1.2358088004283416, 1.214113603799771, 1.193289584074265, 1.173358684931046, 1.154308869288518, 1.1361145079135895, 1.1187637188495734, 1.1021967644874866, 1.0864089054939075, 1.071364084115395, 1.057008141126388, 1.0433762593147082, 1.0303691083039992, 1.0179646083941827, 1.0061798508350666, 0.9949113436234303, 0.9842090706030527, 0.9739807607271732, 0.9642490438925915, 0.9549396359003507, 0.9460511008898417, 0.9375946590533624, 0.9295144501404885, 0.9217659128017914, 0.9143656431100308, 0.9072765944859921, 0.9004949124959799, 0.8939377069473267, 0.8877322597381396, 0.8817692207984436, 0.8760328682569357, 0.8705157966185839, 0.865175601763603, 0.8600767430586692, 0.8550823300312727, 0.8503729685758933, 0.8457920864606515, 0.8413249055544535, 0.8370646375876206, 0.832955640860093, 0.8289272831036494, 0.8250665527123672, 0.8213476355259235, 0.8177801210146683, 0.8143431643644968, 0.8108304418050326, 0.8075034358562567, 0.8042810337665753, 0.8010764335974668, 0.7980680396923652, 0.7951679237377949, 0.7922904086418641], "train_accuracies": [0.1162860576923077, 0.12179487179487179, 0.12900641025641027, 0.15274439102564102, 0.17538060897435898, 0.19681490384615385, 0.2194511217948718, 0.2405849358974359, 0.2636217948717949, 0.2805488782051282, 0.2959735576923077, 0.31640625, 0.3258213141025641, 0.3544671474358974, 0.3735977564102564, 0.39142628205128205, 0.4176682692307692, 0.43699919871794873, 0.4557291666666667, 0.47936698717948717, 0.5028044871794872, 0.5149238782051282, 0.5251402243589743, 0.5279447115384616, 0.5430689102564102, 0.5546875, 0.5566907051282052, 0.5751201923076923, 0.5692107371794872, 0.5806290064102564, 0.5845352564102564, 0.5912459935897436, 0.5992588141025641, 0.5947516025641025, 0.5904447115384616, 0.6056690705128205, 0.6162860576923077, 0.6117788461538461, 0.6180889423076923, 0.628104967948718, 0.6223958333333334, 0.6327123397435898, 0.6310096153846154, 0.6374198717948718, 0.6396233974358975, 0.6434294871794872, 0.647636217948718, 0.6546474358974359, 0.655448717948718, 0.6511418269230769, 0.6605568910256411, 0.6651642628205128, 0.6743790064102564, 0.6667668269230769, 0.6789863782051282, 0.6721754807692307, 0.6775841346153846, 0.6766826923076923, 0.6836939102564102, 0.6778846153846154, 0.6842948717948718, 0.6836939102564102, 0.6892027243589743, 0.6879006410256411, 0.6930088141025641, 0.7026241987179487, 0.7040264423076923, 0.7025240384615384, 0.7042267628205128, 0.7017227564102564, 0.7144431089743589, 0.7014222756410257, 0.7109375, 0.7110376602564102, 0.7042267628205128, 0.7150440705128205, 0.7061298076923077, 0.7253605769230769, 0.7210536858974359, 0.7180488782051282, 0.7157451923076923, 0.7277644230769231, 0.7199519230769231, 0.7260616987179487, 0.7261618589743589, 0.7314703525641025, 0.7276642628205128, 0.7252604166666666, 0.7284655448717948, 0.7228565705128205, 0.7359775641025641, 0.7292668269230769, 0.7370793269230769, 0.7318709935897436, 0.7358774038461539, 0.7372796474358975, 0.7359775641025641, 0.7320713141025641, 0.7358774038461539, 0.7370793269230769, 0.7327724358974359],