{
    "testproblem": "quadratic_deep",
    "batch_size": 128,
    "num_epochs": 100,
    "random_seed": 42,
    "l2_reg": null,
    "optimizer_name": "AdadeltaOptimizer",
    "optimizer_hyperparams": {
        "learning_rate": 0.12273800987852958,
        "rho": 0.9993764622864327,
        "epsilon": 1e-08,
        "use_locking": false
    },
    "training_params": {
        "lr_sched_epochs": [
            1,
            2,
            3,
            4,
            5,
            6,
            7,
            8,
            9,
            10,
            11,
            12,
            13,
            14,
            15,
            16,
            17,
            18,
            19,
            20,
            21,
            22,
            23,
            24,
            25,
            26,
            27,
            28,
            29,
            30,
            31,
            32,
            33,
            34,
            35,
            36,
            37,
            38,
            39,
            40,
            41,
            42,
            43,
            44,
            45,
            46,
            47,
            48,
            49,
            50,
            51,
            52,
            53,
            54,
            55,
            56,
            57,
            58,
            59,
            60,
            61,
            62,
            63,
            64,
            65,
            66,
            67,
            68,
            69,
            70,
            71,
            72,
            73,
            74,
            75,
            76,
            77,
            78,
            79,
            80,
            81,
            82,
            83,
            84,
            85,
            86,
            87,
            88,
            89,
            90,
            91,
            92,
            93,
            94,
            95,
            96,
            97,
            98,
            99,
            100
        ],
        "lr_sched_factors": [
            0.9755282581475768,
            0.9045084971874737,
            0.7938926261462366,
            0.6545084971874737,
            0.5,
            0.34549150281252633,
            0.2061073738537635,
            0.09549150281252633,
            0.024471741852423234,
            1.0,
            0.9938441702975689,
            0.9755282581475768,
            0.9455032620941839,
            0.9045084971874737,
            0.8535533905932737,
            0.7938926261462366,
            0.7269952498697734,
            0.6545084971874737,
            0.5782172325201155,
            0.5,
            0.42178276747988447,
            0.34549150281252633,
            0.2730047501302266,
            0.2061073738537635,
            0.14644660940672627,
            0.09549150281252633,
            0.054496737905816106,
            0.024471741852423234,
            0.00615582970243117,
            1.0,
            0.998458666866564,
            0.9938441702975689,
            0.9861849601988383,
            0.9755282581475768,
            0.9619397662556434,
            0.9455032620941839,
            0.9263200821770461,
            0.9045084971874737,
            0.8802029828000155,
            0.8535533905932737,
            0.8247240241650917,
            0.7938926261462366,
            0.7612492823579744,
            0.7269952498697734,
            0.6913417161825449,
            0.6545084971874737,
            0.6167226819279528,
            0.5782172325201155,
            0.5392295478639225,
            0.5,
            0.4607704521360776,
            0.42178276747988447,
            0.38327731807204746,
            0.34549150281252633,
            0.30865828381745514,
            0.2730047501302266,
            0.2387507176420256,
            0.2061073738537635,
            0.17527597583490823,
            0.14644660940672627,
            0.11979701719998453,
            0.09549150281252633,
            0.07367991782295391,
            0.054496737905816106,
            0.03806023374435663,
            0.024471741852423234,
            0.013815039801161721,
            0.00615582970243117,
            0.001541333133436018,
            1.0,
            0.9996145181203615,
            0.998458666866564,
            0.9965342284774632,
            0.9938441702975689,
            0.9903926402016152,
            0.9861849601988383,
            0.9812276182268236,
            0.9755282581475768,
            0.9690956679612421,
            0.9619397662556434,
            0.9540715869125407,
            0.9455032620941839,
            0.9362480035363986,
            0.9263200821770461,
            0.9157348061512727,
            0.9045084971874737,
            0.8926584654403724,
            0.8802029828000155,
            0.8671612547178428,
            0.8535533905932737,
            0.839400372766471,
            0.8247240241650917,
            0.8095469746549171,
            0.7938926261462366,
            0.7777851165098011,
            0.7612492823579744,
            0.7443106207484775,
            0.7269952498697734,
            0.7093298687687141,
            0.6913417161825449
        ]
    },
    "train_losses": [
        355.276114327567,
        351.14041573660717,
        347.17898995535717,
        343.56652396065846,
        340.443350655692,
        337.9015546526228,
        335.979736328125,
        334.6618172781808,
        333.8794904436384,
        333.5180010114397,
        333.42545427594865,
        329.6758117675781,
        326.0145350864955,
        322.48277500697543,
        319.11722237723217,
        315.9495849609375,
        313.0061950683594,
        310.3077479771205,
        307.86934988839283,
        305.70045253208707,
        303.8048313685826,
        302.18094744001115,
        300.82208251953125,
        299.7164045061384,
        298.84742518833707,
        298.194100516183,
        297.73131016322543,
        297.43019321986606,
        297.2585667201451,
        297.18155343191967,
        297.1621878487723,
        294.0409851074219,
        290.97780064174106,
        287.9805603027344,
        285.05652291434154,
        282.21228463309154,
        279.45370047433033,
        276.78599330357144,
        274.2137363978795,
        271.7408142089844,
        269.37051827566967,
        267.10550580705916,
        264.9478323800223,
        262.8990456717355,
        260.9601026262556,
        259.1314958844866,
        257.4132058279855,
        255.8047877720424,
        254.3053022112165,
        252.91348484584265,
        251.62765066964286,
        250.44567217145647,
        249.36517769949776,
        248.3833966936384,
        247.49722290039062,
        246.70328412737166,
        245.99784633091517,
        245.37692042759485,
        244.83623831612724,
        244.37121364048548,
        243.97699628557478,
        243.64851597377233,
        243.38039071219308,
        243.16705540248327,
        243.002689906529,
        242.8812255859375,
        242.7964848109654,
        242.74202401297433,
        242.71128845214844,
        242.69759041922433,
        242.69416155133928,
        240.48684910365515,
        238.3167942592076,
        236.1849103655134,
        234.09209551130022,
        232.0390625,
        230.02649579729353,
        228.0549774169922,
        226.12500217982702,
        224.23697117396765,
        222.39123753138952,
        220.58804975237166,
        218.82759748186385,
        217.10998753138952,
        215.43528529575892,
        213.80350821358817,
        212.21456255231584,
        210.66835021972656,
        209.16468811035156,
        207.703369140625,
        206.2841339111328,
        204.90669468470983,
        203.57071358816964,
        202.2758047921317,
        201.02157592773438,
        199.8075692313058,
        198.6333291190011,
        197.4983847481864,
        196.4022260393415,
        195.34429495675224,
        194.3240727015904
    ],