{
    "testproblem": "quadratic_deep",
    "batch_size": 128,
    "num_epochs": 100,
    "random_seed": 44,
    "l2_reg": null,
    "optimizer_name": "AMSGrad",
    "optimizer_hyperparams": {
        "learning_rate": 0.8862326508576248,
        "beta1": 0.8533233119824721,
        "beta2": 0.8361228684381321,
        "epsilon": 1e-08,
        "use_locking": false
    },
    "training_params": {
        "lr_sched_epochs": [
            1,
            2,
            3,
            4,
            5,
            6,
            7,
            8,
            9,
            10,
            11,
            12,
            13,
            14,
            15,
            16,
            17,
            18,
            19,
            20,
            21,
            22,
            23,
            24,
            25,
            26,
            27,
            28,
            29,
            30,
            31,
            32,
            33,
            34,
            35,
            36,
            37,
            38,
            39,
            40,
            41,
            42,
            43,
            44,
            45,
            46,
            47,
            48,
            49,
            50,
            51,
            52,
            53,
            54,
            55,
            56,
            57,
            58,
            59,
            60,
            61,
            62,
            63,
            64,
            65,
            66,
            67,
            68,
            69,
            70,
            71,
            72,
            73,
            74,
            75,
            76,
            77,
            78,
            79,
            80,
            81,
            82,
            83,
            84,
            85,
            86,
            87,
            88,
            89,
            90,
            91,
            92,
            93,
            94,
            95,
            96,
            97,
            98,
            99,
            100
        ],
        "lr_sched_factors": [
            0.1,
            0.2,
            0.3,
            0.4,
            0.5,
            0.6,
            0.7,
            0.8,
            0.9,
            1.0,
            1.0,
            1.0,
            1.0,
            1.0,
            1.0,
            1.0,
            1.0,
            1.0,
            1.0,
            1.0,
            1.0,
            1.0,
            1.0,
            1.0,
            1.0,
            1.0,
            1.0,
            1.0,
            1.0,
            1.0,
            1.0,
            1.0,
            1.0,
            1.0,
            1.0,
            1.0,
            1.0,
            1.0,
            1.0,
            1.0,
            1.0,
            1.0,
            1.0,
            1.0,
            1.0,
            1.0,
            1.0,
            1.0,
            1.0,
            1.0,
            1.0,
            1.0,
            1.0,
            1.0,
            1.0,
            1.0,
            1.0,
            1.0,
            1.0,
            1.0,
            1.0,
            1.0,
            1.0,
            1.0,
            1.0,
            1.0,
            1.0,
            1.0,
            1.0,
            1.0,
            1.0,
            1.0,
            1.0,
            1.0,
            1.0,
            1.0,
            1.0,
            1.0,
            1.0,
            1.0,
            1.0,
            1.0,
            1.0,
            1.0,
            1.0,
            1.0,
            1.0,
            1.0,
            1.0,
            1.0,
            0.9090909090909091,
            0.8181818181818181,
            0.7272727272727273,
            0.6363636363636364,
            0.5454545454545454,
            0.4545454545454546,
            0.36363636363636365,
            0.2727272727272727,
            0.18181818181818177,
            0.09090909090909094
        ]
    },
    "train_losses": [
        352.5200631277902,
        141.2728227887835,
        99.4439206804548,
        102.65286690848214,
        96.0775636945452,
        91.90748705182757,
        89.29951695033482,
        88.12574223109654,
        87.8336672101702,
        88.04387446812221,
        88.27190290178571,
        87.17892456054688,
        86.24786158970424,
        85.89732360839844,
        85.78683253696987,
        85.7471673148019,
        85.70669119698661,
        85.6569093976702,
        85.61435263497489,
        85.5848410470145,
        85.56431470598493,
        85.54805864606585,
        85.53428213936942,
        85.52285548618862,
        85.51361192975726,
        85.50594329833984,
        85.4992425101144,
        85.49321855817523,
        85.48782239641461,
        85.48302241734096,
        85.478761945452,
        85.47495378766742,
        85.47152600969586,
        85.46842193603516,
        85.46560450962612,
        85.46303013392857,
        85.46067156110492,
        85.45850590297154,
        85.45650264195034,
        85.45465414864677,
        85.45293971470424,
        85.4513440813337,
        85.44985634940011,
        85.44846452985492,
        85.44716317313058,
        85.44593811035156,
        85.44479043143136,
        85.44370378766742,
        85.44268362862724,
        85.44171796526227,
        85.44080352783203,
        85.43993704659599,
        85.43911416190011,
        85.43833378383091,
        85.43759373256138,
        85.43688528878349,
        85.43621281215123,
        85.43556649344308,
        85.43495614188058,
        85.43436976841518,
        85.43380737304688,
        85.43327004568917,
        85.43275778634208,
        85.43226623535156,
        85.43179321289062,
        85.43133762904576,
        85.43090275355748,
        85.43048967633929,
        85.43008422851562,
        85.42969512939453,
        85.42932455880302,
        85.42896488734654,
        85.42861720493862,
        85.42828478131976,
        85.42796543666294,
        85.42765372140067,
        85.42735835484096,
        85.42706625802177,
        85.42678724016461,
        85.42651694161552,
        85.42625427246094,
        85.4260025024414,
        85.42575945172992,
        85.42552512032645,
        85.425295148577,
        85.4250717163086,
        85.42485700334821,
        85.42464991978237,
        85.42444610595703,
        85.42424992152623,
        85.42406136648995,
        85.4238760811942,
        85.57944706508091,
        86.38750675746373,
        87.34050532749721,
        86.86368669782367,
        85.14878627232143,
        84.72758265904018,
        84.62715366908482,
        84.60359300885882,
        84.59038325718471
    ],