{
    "testproblem": "quadratic_deep",
    "batch_size": 128,
    "num_epochs": 100,
    "random_seed": 42,
    "l2_reg": null,
    "optimizer_name": "RMSPropOptimizer",
    "optimizer_hyperparams": {
        "learning_rate": 0.025378155082656628,
        "decay": 0.9320342190924185,
        "momentum": 0.0,
        "epsilon": 1e-10,
        "use_locking": false,
        "centered": false
    },
    "training_params": {
        "lr_sched_epochs": [
            1,
            2,
            3,
            4,
            5,
            6,
            7,
            8,
            9,
            10,
            11,
            12,
            13,
            14,
            15,
            16,
            17,
            18,
            19,
            20,
            21,
            22,
            23,
            24,
            25,
            26,
            27,
            28,
            29,
            30,
            31,
            32,
            33,
            34,
            35,
            36,
            37,
            38,
            39,
            40,
            41,
            42,
            43,
            44,
            45,
            46,
            47,
            48,
            49,
            50,
            51,
            52,
            53,
            54,
            55,
            56,
            57,
            58,
            59,
            60,
            61,
            62,
            63,
            64,
            65,
            66,
            67,
            68,
            69,
            70,
            71,
            72,
            73,
            74,
            75,
            76,
            77,
            78,
            79,
            80,
            81,
            82,
            83,
            84,
            85,
            86,
            87,
            88,
            89,
            90,
            91,
            92,
            93,
            94,
            95,
            96,
            97,
            98,
            99,
            100
        ],
        "lr_sched_factors": [
            0.9755282581475768,
            0.9045084971874737,
            0.7938926261462366,
            0.6545084971874737,
            0.5,
            0.34549150281252633,
            0.2061073738537635,
            0.09549150281252633,
            0.024471741852423234,
            1.0,
            0.9938441702975689,
            0.9755282581475768,
            0.9455032620941839,
            0.9045084971874737,
            0.8535533905932737,
            0.7938926261462366,
            0.7269952498697734,
            0.6545084971874737,
            0.5782172325201155,
            0.5,
            0.42178276747988447,
            0.34549150281252633,
            0.2730047501302266,
            0.2061073738537635,
            0.14644660940672627,
            0.09549150281252633,
            0.054496737905816106,
            0.024471741852423234,
            0.00615582970243117,
            1.0,
            0.998458666866564,
            0.9938441702975689,
            0.9861849601988383,
            0.9755282581475768,
            0.9619397662556434,
            0.9455032620941839,
            0.9263200821770461,
            0.9045084971874737,
            0.8802029828000155,
            0.8535533905932737,
            0.8247240241650917,
            0.7938926261462366,
            0.7612492823579744,
            0.7269952498697734,
            0.6913417161825449,
            0.6545084971874737,
            0.6167226819279528,
            0.5782172325201155,
            0.5392295478639225,
            0.5,
            0.4607704521360776,
            0.42178276747988447,
            0.38327731807204746,
            0.34549150281252633,
            0.30865828381745514,
            0.2730047501302266,
            0.2387507176420256,
            0.2061073738537635,
            0.17527597583490823,
            0.14644660940672627,
            0.11979701719998453,
            0.09549150281252633,
            0.07367991782295391,
            0.054496737905816106,
            0.03806023374435663,
            0.024471741852423234,
            0.013815039801161721,
            0.00615582970243117,
            0.001541333133436018,
            1.0,
            0.9996145181203615,
            0.998458666866564,
            0.9965342284774632,
            0.9938441702975689,
            0.9903926402016152,
            0.9861849601988383,
            0.9812276182268236,
            0.9755282581475768,
            0.9690956679612421,
            0.9619397662556434,
            0.9540715869125407,
            0.9455032620941839,
            0.9362480035363986,
            0.9263200821770461,
            0.9157348061512727,
            0.9045084971874737,
            0.8926584654403724,
            0.8802029828000155,
            0.8671612547178428,
            0.8535533905932737,
            0.839400372766471,
            0.8247240241650917,
            0.8095469746549171,
            0.7938926261462366,
            0.7777851165098011,
            0.7612492823579744,
            0.7443106207484775,
            0.7269952498697734,
            0.7093298687687141,
            0.6913417161825449
        ]
    },
    "train_losses": [
        355.276114327567,
        124.6495829990932,
        105.81367928641183,
        102.58584812709263,
        100.9709723336356,
        99.69867706298828,
        98.69924490792411,
        97.97107369559151,
        97.5062997000558,
        97.27511269705636,
        97.21134076799665,
        95.48118809291294,
        93.75747571672711,
        92.40059334891183,
        91.3136454990932,
        90.43928745814732,
        89.7350572858538,
        89.1676777430943,
        88.71063886369977,
        88.34246172223773,
        88.04524993896484,
        87.80376870291573,
        87.60557556152344,
        87.44227709089007,
        87.31016758510044,
        87.2083489554269,
        87.1354239327567,
        87.08794294084821,
        87.06086839948382,
        87.04857308523995,
        87.04539598737445,
        87.30541447230748,
        86.976560320173,
        86.76859283447266,
        86.60631779261998,
        86.47042301722935,
        86.35283878871373,
        86.24921199253627,
        86.15684618268695,
        86.07389722551618,
        85.99901253836495,
        85.93118613106864,
        85.86961037772042,
        85.81363024030414,
        85.76270621163505,
        85.71632603236607,
        85.67402648925781,
        85.63531276157924,
        85.59968784877232,
        85.56662423270089,
        85.53556605747768,
        85.50599234444755,
        85.4774398803711,
        85.44959368024554,
        85.42236328125,
        85.39586312430245,
        85.37043108258929,
        85.34651293073382,
        85.3245849609375,
        85.3050286429269,
        85.28810555594308,
        85.27391270228794,
        85.26239231654576,
        85.2533678327288,
        85.24656568254743,
        85.24165889195034,
        85.2383041381836,
        85.23617771693638,
        85.23496682303292,
        85.23441641671317,
        85.23427363804409,
        85.776365007673,
        85.63429587227958,
        85.5844497680664,
        85.55723680768695,
        85.53817313058036,
        85.5226298740932,
        85.50880977085659,
        85.49592590332031,
        85.48361642020089,
        85.47169167654855,
        85.46006447928292,
        85.44866725376674,
        85.43746730259487,
        85.42644391741071,
        85.41557856968471,
        85.40486254010882,
        85.39429473876953,
        85.38386971609933,
        85.37359183175224,
        85.36346653529576,
        85.35350145612445,
        85.34369877406529,
        85.33406720842633,
        85.32462092808315,
        85.31536211286273,
        85.30629512241909,
        85.29742213657924,
        85.2887464250837,
        85.28026798793248,
        85.27197156633649
    ],