{"testproblem": "mnist_mlp", "batch_size": 128, "num_epochs": 100, "random_seed": 45, "weight_decay": null, "optimizer_name": "SGD", "optimizer_hyperparams": {"lr": 3.9810717055349695e-05}, "train_losses": [2.3030852262790384, 2.3031845337305312, 2.3030179738998413, 2.302804390589396, 2.3028374910354614, 2.302645185054877, 2.3024865297170787, 2.302528971280807, 2.3023961874154897, 2.302246338281876, 2.302292686242324, 2.302121162414551, 2.302260615886786, 2.3021710163507705, 2.301956846163823, 2.301934560139974, 2.3017313877741494, 2.3016088803609214, 2.301506464297955, 2.3014654349058103, 2.3014085995845304, 2.301608648055639, 2.3013603809552317, 2.3010601661144157, 2.301154057184855, 2.3009190345421815, 2.3010068581654477, 2.300923457512489, 2.300647870088235, 2.300800913419479, 2.3006085952123008, 2.300537332510337, 2.3002604307272496, 2.3002285407139706, 2.3004348400311594, 2.3002851681831555, 2.3002022168575187, 2.299947448265858, 2.2998928320713534, 2.299771006290729, 2.299607643714318, 2.2997726171444626, 2.2996342059893484, 2.299503430342063, 2.2993336549172034, 2.299514501522749, 2.299242777702136, 2.2993425069711146, 2.299290106846736, 2.2988360845125637, 2.299014763954358, 2.298866400351891, 2.2986246072329006, 2.29850129592113, 2.298647012466039, 2.298597363325266, 2.2983229465973682, 2.298293174841465, 2.2980377704669266, 2.298090253120814, 2.298105151225359, 2.298096335851229, 2.297840974269769, 2.2979795229740634, 2.2976615245525656, 2.297678284156017, 2.297551292639512, 2.297574385618552, 2.297568706365732, 2.297268705490308, 2.2973109697684264, 2.2971914609273276, 2.296989679336548, 2.2970190995778794, 2.297125348678002, 2.2968577513327966, 2.2965102776502953, 2.296278253579751, 2.2965527772903442, 2.2964468766481447, 2.2963497913800754, 2.296186230121515, 2.2962327339710336, 2.2960251692013864, 2.2958839459296985, 2.295756321686965, 2.295628996995779, 2.295562994785798, 2.29571633766859, 2.2953819067050247, 2.295560081799825, 2.295117038946885, 2.295163909594218, 2.29481993883084, 2.295112038270021, 2.294820073323372, 2.294689499414884, 2.2947923250687428, 2.294643087264819, 2.2945540440388217, 2.294496233646686], "test_losses": [2.3029779256918492, 2.302891281934885, 2.3028047268207255, 2.3027182542360745, 2.3026319405971427, 2.3025456850345316, 2.302459634267367, 2.302373617123335, 2.3022878078313975, 2.302201983256218, 2.302116170907632, 2.3020305175047655, 2.3019448274221177, 2.301859186245845, 2.301773581749354, 2.3016880322725344, 2.3016025592119265, 2.301517073924725, 2.3014316711670313, 2.301346228672908, 2.301260838141808, 2.30117544455406, 2.30109005402296, 2.3010046726618056, 2.300919327980433, 2.3008340505453257, 2.300748736430437, 2.300663474278572, 2.30057814793709, 2.300492864388686, 2.3004075166506643, 2.3003221658559947, 2.3002367600416527, 2.3001513358874197, 2.3000658322603273, 2.299980273613563, 2.299894678287017, 2.299808920958103, 2.2997231972523227, 2.299637348223955, 2.2995513738730016, 2.299465307822594, 2.2993791836958666, 2.2992929311899037, 2.2992066144943237, 2.299120123569782, 2.2990336418151855, 2.2989469308119554, 2.298860094486139, 2.2987731175544934, 2.298686051980043, 2.2985988152332797, 2.2985114195407967, 2.2984239413188052, 2.2983361971683993, 2.298248318525461, 2.298160290106749, 2.298072114968911, 2.297983692242549, 2.2978951136271157, 2.2978064005191507, 2.2977174398226614, 2.2976283599168825, 2.2975390477058215, 2.297449591832283, 2.2973598730869784, 2.2972699862260084, 2.297179842606569, 2.2970895797778397, 2.296999060190641, 2.296908341921293, 2.296817342440287, 2.2967261228805933, 2.2966347290919376, 2.296543057148273, 2.296451198749053, 2.296359101931254, 2.2962666902786646, 2.296174021867605, 2.2960811272645607, 2.2959879606198044, 2.2958945219333353, 2.2958007470155373, 2.295706727565863, 2.2956124116212893, 2.2955177900118704, 2.2954228719075522, 2.295327617571904, 2.2952320270049267, 2.2951361338297525, 2.2950399135931945, 2.2949433662952523, 2.2948464430295505, 2.2947492660620274, 2.29465158474751, 2.294553655844468, 2.29445524704762, 2.2943565111893873, 2.2942574452131224, 2.294158009382395, 2.2940581884139624], "train_accuracies": [0.09204727564102565, 0.09054487179487179, 0.09024439102564102, 0.09415064102564102, 0.09785657051282051, 0.09555288461538461, 0.09945913461538461, 0.09735576923076923, 0.09565304487179487, 0.09244791666666667, 0.09425080128205128, 0.09715544871794872, 0.0921474358974359, 0.09705528846153846, 0.10076121794871795, 0.1015625, 0.10206330128205128, 0.10286458333333333, 0.10366586538461539, 0.10606971153846154, 0.10106169871794872, 0.0985576923076923, 0.1015625, 0.10987580128205128, 0.10606971153846154, 0.10897435897435898, 0.10797275641025642, 0.1077724358974359, 0.11478365384615384, 0.11308092948717949, 0.11588541666666667, 0.12139423076923077, 0.12510016025641027, 0.12890625, 0.12129407051282051, 0.12800480769230768, 0.12830528846153846, 0.12990785256410256, 0.13661858974358973, 0.14202724358974358, 0.140625, 0.14192708333333334, 0.1447315705128205, 0.14903846153846154, 0.15144230769230768, 0.1479366987179487, 0.15514823717948717, 0.15514823717948717, 0.1564503205128205, 0.1656650641025641, 0.16256009615384615, 0.1739783653846154, 0.17658253205128205, 0.17638221153846154, 0.18169070512820512, 0.18118990384615385, 0.18058894230769232, 0.18219150641025642, 0.19290865384615385, 0.18669871794871795, 0.18880208333333334, 0.19230769230769232, 0.1916065705128205, 0.19591346153846154, 0.20192307692307693, 0.2036258012820513, 0.20713141025641027, 0.20352564102564102, 0.20823317307692307, 0.2132411858974359, 0.2107371794871795, 0.21654647435897437, 0.2231570512820513, 0.21885016025641027, 0.21955128205128205, 0.23137019230769232, 0.23317307692307693, 0.23547676282051283, 0.23267227564102563, 0.23868189102564102, 0.23737980769230768, 0.24208733974358973, 0.23577724358974358, 0.24749599358974358, 0.24859775641025642, 0.2513020833333333, 0.25310496794871795, 0.2548076923076923, 0.25240384615384615, 0.265224358974359, 0.2553084935897436, 0.2734375, 0.2666266025641026, 0.27684294871794873, 0.26842948717948717, 0.2746394230769231, 0.273838141025641, 0.2724358974358974, 0.2748397435897436, 0.2741386217948718, 0.2785456730769231],