{
    "testproblem": "quadratic_deep",
    "batch_size": 128,
    "num_epochs": 100,
    "random_seed": 42,
    "l2_reg": null,
    "optimizer_name": "AdaBeliefOptimizer",
    "optimizer_hyperparams": {
        "learning_rate": 0.07616140775088517,
        "beta1": 0.9263549659316522,
        "beta2": 0.9548041232751224,
        "epsilon": 1e-14
    },
    "training_params": {
        "lr_sched_epochs": [
            1,
            2,
            3,
            4,
            5,
            6,
            7,
            8,
            9,
            10,
            11,
            12,
            13,
            14,
            15,
            16,
            17,
            18,
            19,
            20,
            21,
            22,
            23,
            24,
            25,
            26,
            27,
            28,
            29,
            30,
            31,
            32,
            33,
            34,
            35,
            36,
            37,
            38,
            39,
            40,
            41,
            42,
            43,
            44,
            45,
            46,
            47,
            48,
            49,
            50,
            51,
            52,
            53,
            54,
            55,
            56,
            57,
            58,
            59,
            60,
            61,
            62,
            63,
            64,
            65,
            66,
            67,
            68,
            69,
            70,
            71,
            72,
            73,
            74,
            75,
            76,
            77,
            78,
            79,
            80,
            81,
            82,
            83,
            84,
            85,
            86,
            87,
            88,
            89,
            90,
            91,
            92,
            93,
            94,
            95,
            96,
            97,
            98,
            99,
            100
        ],
        "lr_sched_factors": [
            0.1,
            0.2,
            0.3,
            0.4,
            0.5,
            0.6,
            0.7,
            0.8,
            0.9,
            1.0,
            1.0,
            1.0,
            1.0,
            1.0,
            1.0,
            1.0,
            1.0,
            1.0,
            1.0,
            1.0,
            1.0,
            1.0,
            1.0,
            1.0,
            1.0,
            1.0,
            1.0,
            1.0,
            1.0,
            1.0,
            1.0,
            1.0,
            1.0,
            1.0,
            1.0,
            1.0,
            1.0,
            1.0,
            1.0,
            1.0,
            1.0,
            1.0,
            1.0,
            1.0,
            1.0,
            1.0,
            1.0,
            1.0,
            1.0,
            1.0,
            1.0,
            1.0,
            1.0,
            1.0,
            1.0,
            1.0,
            1.0,
            1.0,
            1.0,
            1.0,
            1.0,
            1.0,
            1.0,
            1.0,
            1.0,
            1.0,
            1.0,
            1.0,
            1.0,
            1.0,
            1.0,
            1.0,
            1.0,
            1.0,
            1.0,
            1.0,
            1.0,
            1.0,
            1.0,
            1.0,
            1.0,
            1.0,
            1.0,
            1.0,
            1.0,
            1.0,
            1.0,
            1.0,
            1.0,
            1.0,
            0.9090909090909091,
            0.8181818181818181,
            0.7272727272727273,
            0.6363636363636364,
            0.5454545454545454,
            0.4545454545454546,
            0.36363636363636365,
            0.2727272727272727,
            0.18181818181818177,
            0.09090909090909094
        ]
    },
    "train_losses": [
        355.276114327567,
        395.4960152762277,
        393.0470929827009,
        381.152587890625,
        354.0910906110491,
        309.9447457449777,
        252.901611328125,
        193.29702758789062,
        143.6659175327846,
        112.26241302490234,
        98.90502493722099,
        96.5657708304269,
        97.0533196585519,
        96.59240286690849,
        95.42899867466518,
        94.46354348318917,
        93.9037344796317,
        93.52257210867745,
        93.14428056989398,
        92.75165557861328,
        92.37542397635323,
        92.02288491385323,
        91.68609510149274,
        91.36108725411552,
        91.04906463623047,
        90.75114222935268,
        90.46688842773438,
        90.19577462332589,
        89.93761226109096,
        89.69205692836216,
        89.45858219691685,
        89.23669106619698,
        89.025876726423,
        88.82558005196708,
        88.63528006417411,
        88.45444924490792,
        88.28258950369698,
        88.11922454833984,
        87.9638900756836,
        87.81616973876953,
        87.67563738141742,
        87.54193333217076,
        87.41470227922711,
        87.29360525948661,
        87.17833600725446,
        87.06860896519252,
        86.96413966587612,
        86.86467851911273,
        86.76998792375836,
        86.67983572823661,
        86.59400503976005,
        86.51229749407086,
        86.4345234462193,
        86.36048998151507,
        86.29003579275948,
        86.22298976353237,
        86.15919494628906,
        86.09850311279297,
        86.04077693394252,
        85.98587145124164,
        85.93366459437779,
        85.884031023298,
        85.83685193743024,
        85.7920150756836,
        85.7494136265346,
        85.70894513811383,
        85.67050606863839,
        85.63400595528739,
        85.59935324532645,
        85.56646401541573,
        85.53524562290737,
        85.50562722342355,
        85.47753361293248,
        85.45088849748883,
        85.42561667306083,
        85.4016603742327,
        85.37894875662667,
        85.35742514474052,
        85.33702632359096,
        85.31769670758929,
        85.29938289097377,
        85.28203800746373,
        85.26561083112445,
        85.25005449567523,
        85.23532104492188,
        85.22137015206474,
        85.20815713065011,
        85.19565255301339,
        85.1838128226144,
        85.17259870256696,
        85.16198621477399,
        85.15193939208984,
        85.1403339930943,
        85.13109915597099,
        85.12355586460659,
        85.11665562220982,
        85.11112758091518,
        85.10666220528739,
        85.10309600830078,
        85.1004638671875,
        85.09872654506138
    ],