{
    "testproblem": "quadratic_deep",
    "batch_size": 128,
    "num_epochs": 100,
    "random_seed": 42,
    "l2_reg": null,
    "optimizer_name": "NAG",
    "optimizer_hyperparams": {
        "learning_rate": 0.0010842262717330158,
        "momentum": 0.955322471820261,
        "use_locking": false,
        "use_nesterov": true
    },
    "training_params": {
        "lr_sched_epochs": null,
        "lr_sched_factors": null
    },
    "train_losses": [
        355.276114327567,
        109.34744153703961,
        163.6044921875,
        105.68826293945312,
        111.52109963553292,
        98.90953281947544,
        96.96208190917969,
        93.4611325945173,
        91.62448120117188,
        90.13118525913784,
        89.19696153913226,
        88.33251953125,
        87.78627341134208,
        87.312746320452,
        86.99973951067243,
        86.71005031040737,
        86.48639133998326,
        86.3032978602818,
        86.15209415980748,
        86.01891980852399,
        85.90223257882255,
        85.80291094098773,
        85.7164546421596,
        85.63971274239677,
        85.5718994140625,
        85.5126222882952,
        85.46063995361328,
        85.41460636683873,
        85.37388283865792,
        85.33792550223214,
        85.30607060023716,
        85.27771868024554,
        85.25243595668248,
        85.22984967912946,
        85.20959581647601,
        85.19137464250836,
        85.17494092668805,
        85.16009194510323,
        85.14662715366909,
        85.13437979561942,
        85.12322017124721,
        85.11303601946149,
        85.10370744977679,
        85.09514617919922,
        85.08727155412946,
        85.08001055036273,
        85.07330867222377,
        85.06710161481585,
        85.06134251185826,
        85.05598994663784,
        85.05100468226841,
        85.04635075160435,
        85.04199872698102,
        85.03792245047433,
        85.03410012381417,
        85.03050449916294,
        85.02712140764508,
        85.02393014090401,
        85.02091326032367,
        85.01806749616351,
        85.01536778041294,
        85.01280866350446,
        85.0103781563895,
        85.00806535993304,
        85.00586591448102,
        85.00377219063895,
        85.00177437918526,
        84.99986594063895,
        84.99803815569196,
        84.99629538399833,
        84.994626726423,
        84.99302128383091,
        84.99148777553013,
        84.9900142124721,
        84.98859623500279,
        84.98723384312221,
        84.98592594691685,
        84.98466055733817,
        84.9834474836077,
        84.9822769165039,
        84.98114558628627,
        84.98005894252232,
        84.979006086077,
        84.97798701695034,
        84.9770039149693,
        84.97605242047992,
        84.97513144356864,
        84.97424207414899,
        84.97337995256696,
        84.97254180908203,
        84.97173309326172,
        84.970945085798,
        84.97018541608539,
        84.96944427490234,
        84.9687260219029,
        84.96802629743304,
        84.96734946114677,
        84.96669006347656,
        84.96604810442243,
        84.96542358398438,
        84.96481650216239
    ],
    "valid_losses": [
        353.8127659388951,
        110.38525281633649,
        165.20153590611048,
        106.00548880440849,
        111.8010493687221,
        99.82244873046875,
        97.78466905866351,
        93.99305180140904,
        92.26539502825055,
        90.91627175467355,
        89.91265651157924,
        88.9871106828962,
        88.48895699637276,
        88.05069296700614,
        87.71914672851562,
        87.41765485491071,
        87.20552062988281,
        87.03095136369977,
        86.87915693010602,
        86.74567413330078,
        86.63044193812779,
        86.53225381033761,
        86.44722202845982,
        86.37191881452289,
        86.3043212890625,
        86.24475860595703,
        86.19319370814732,
        86.14787946428571,
        86.10730634416852,
        86.07107979910714,
        86.0390875680106,
        86.01075962611607,
        85.98541695731026,
        85.9626214163644,
        85.94211033412388,
        85.92363739013672,
        85.90697697230748,
        85.89188711983817,
        85.87814549037388,
        85.86560821533203,
        85.85416521344867,
        85.84370640345982,
        85.8341064453125,
        85.8252705165318,
        85.81712123325893,
        85.80960300990513,
        85.80264282226562,
        85.79618617466518,
        85.79018293108258,
        85.7845938546317,
        85.77938079833984,
        85.77450670514789,
        85.7699454171317,
        85.76566096714565,
        85.76164027622768,
        85.75785609654018,
        85.75428553989956,
        85.75091661725726,
        85.74773406982422,
        85.74471609933036,
        85.74185943603516,
        85.73914446149554,
        85.73656463623047,
        85.73411342075893,
        85.73177555629185,
        85.72954559326172,
        85.7274169921875,
        85.72538539341518,
        85.72344098772321,
        85.72157941545758,
        85.71979522705078,
        85.71808188302177,
        85.71644374302456,
        85.7148677280971,
        85.7133538382394,
        85.71189553397042,
        85.71049063546317,
        85.70914241245815,
        85.7078388759068,
        85.70658547537667,
        85.7053724016462,
        85.70420401436942,
        85.7030770438058,
        85.70198713030133,
        85.700929914202,
        85.69991193498883,
        85.69892338344029,
        85.69796861921039,
        85.69704110281808,
        85.69613974434989,
        85.69527108328683,
        85.69442531040737,
        85.69361005510602,
        85.69281114850726,
        85.69203839983258,
        85.69128853934151,
        85.69056156703404,
        85.68985530308315,
        85.68916538783482,
        85.68849400111607,
        85.68784005301339
    ],