{
    "testproblem": "quadratic_deep",
    "batch_size": 128,
    "num_epochs": 100,
    "random_seed": 43,
    "l2_reg": null,
    "optimizer_name": "AdaBeliefOptimizer",
    "optimizer_hyperparams": {
        "learning_rate": 0.001,
        "beta1": 0.9,
        "beta2": 0.999,
        "epsilon": 1e-14
    },
    "training_params": {
        "lr_sched_epochs": null,
        "lr_sched_factors": null
    },
    "train_losses": [
        353.2813415527344,
        256.3398982456752,
        255.78019278390067,
        254.78592572893416,
        253.36200387137276,
        251.51623317173548,
        249.26245335170202,
        246.61922127859933,
        243.6091809953962,
        240.25784519740515,
        236.59361921037947,
        232.646968296596,
        228.449951171875,
        224.0358646937779,
        219.4386487688337,
        214.69248744419642,
        209.83134024483817,
        204.88856506347656,
        199.89671543666296,
        194.88702174595423,
        189.8891339983259,
        184.93087332589286,
        180.03805541992188,
        175.23430960518974,
        170.5409415108817,
        165.9768785749163,
        161.55857631138392,
        157.3000946044922,
        153.21304975237166,
        149.3066864013672,
        145.58802141462053,
        142.06187438964844,
        138.73108128138952,
        135.5965794154576,
        132.65758187430245,
        129.91175515311105,
        127.35538918631417,
        124.98357500348773,
        122.79034750802177,
        120.7689187186105,
        118.91176387241909,
        117.2108176095145,
        115.6576396397182,
        114.24352264404297,
        112.95958273751395,
        111.79694584437779,
        110.7468032836914,
        109.8004891531808,
        108.94957188197544,
        108.18591417585101,
        107.50171661376953,
        106.88956233433315,
        106.34244319370815,
        105.8537848336356,
        105.41744450160435,
        105.0277350289481,
        104.67940957205636,
        104.3676507132394,
        104.08806937081474,
        103.83669063023159,
        103.60990796770368,
        103.40450177873883,
        103.21758379255023,
        103.04659162248883,
        102.88925061907086,
        102.74356624058315,
        102.60777936662946,
        102.4803717476981,
        102.3600104195731,
        102.24554988316127,
        102.1360113961356,
        102.03054373604911,
        101.92843518938336,
        101.82907322474888,
        101.73194994245257,
        101.63663155691964,
        101.54276602608817,
        101.4500481741769,
        101.35824040004185,
        101.2671388898577,
        101.17658233642578,
        101.08644104003906,
        100.99660164969308,
        100.90699114118304,
        100.81753649030414,
        100.7281962803432,
        100.63892691476005,
        100.54970877511161,
        100.46051352364677,
        100.37133026123047,
        100.28214808872768,
        100.19297463553292,
        100.10379791259766,
        100.01462881905692,
        99.92546844482422,
        99.83632114955357,
        99.7471923828125,
        99.65809740339007,
        99.5690416608538,
        99.4800295148577,
        99.39107077462333
    ],
    "valid_losses": [
        353.8127659388951,
        257.07066127232144,
        256.5133536202567,
        255.5231715611049,
        254.10494777134485,
        252.26642063685827,
        250.02134704589844,
        247.38816397530692,
        244.38938903808594,
        241.05040196010046,
        237.3994358607701,
        233.4668186732701,
        229.2844521658761,
        224.88548496791296,
        220.3036891392299,
        215.57311357770647,
        210.7275674002511,
        205.80029078892298,
        200.82369777134485,
        195.82891627720423,
        190.8454851422991,
        185.90114266531808,
        181.02162606375558,
        176.2304970877511,
        171.54900469098772,
        166.99603925432478,
        162.58802795410156,
        158.33900669642858,
        154.2605743408203,
        150.36199733189173,
        146.65027727399553,
        143.13026428222656,
        139.8048139299665,
        136.6748984200614,
        133.73975481305803,
        130.9970942905971,
        128.44324820382255,
        126.07334899902344,
        123.88148607526507,
        121.8609117780413,
        120.00413622174945,
        118.30317034040179,
        116.74959782191685,
        115.33475276402065,
        114.04981776646206,
        112.88594491141183,
        111.83435821533203,
        110.88644627162388,
        110.03379167829242,
        109.268308367048,
        108.58221653529576,
        107.96812547956195,
        107.41905321393695,
        106.9284417288644,
        106.49017551967076,
        106.09857722691127,
        105.74840763636998,
        105.43487766810826,
        105.15359388078961,
        104.9005857195173,
        104.67226954868862,
        104.46542140415737,
        104.27715301513672,
        104.10490417480469,
        103.94640241350446,
        103.79965100969586,
        103.66289738246373,
        103.53461020333427,
        103.41346304757255,
        103.29829951695034,
        103.18814522879464,
        103.08213697160993,
        102.9795641217913,
        102.87981523786273,
        102.7823715209961,
        102.68679700578961,
        102.59273311070034,
        102.49987139020648,
        102.40797206333706,
        102.31682695661273,
        102.2262714930943,
        102.13616616385323,
        102.0464106968471,
        101.95691244942802,
        101.8676038469587,
        101.7784402029855,
        101.68937138148716,
        101.60037340436664,
        101.51142120361328,
        101.42250061035156,
        101.33360290527344,
        101.24472481863839,
        101.15586199079242,
        101.06701333182198,
        100.97818538120815,
        100.8893814086914,
        100.80060577392578,
        100.71187046595982,
        100.62318093436105,
        100.53454262869698,
        100.44596099853516
    ],