{
    "testproblem": "quadratic_deep",
    "batch_size": 128,
    "num_epochs": 100,
    "random_seed": 51,
    "l2_reg": null,
    "optimizer_name": "AdaBeliefOptimizer",
    "optimizer_hyperparams": {
        "learning_rate": 0.06796578090758151,
        "beta1": 0.5072091521946193,
        "beta2": 0.9923553226446393,
        "epsilon": 1e-14
    },
    "training_params": {
        "lr_sched_epochs": [
            1,
            2,
            3,
            4,
            5,
            6,
            7,
            8,
            9,
            10,
            11,
            12,
            13,
            14,
            15,
            16,
            17,
            18,
            19,
            20,
            21,
            22,
            23,
            24,
            25,
            26,
            27,
            28,
            29,
            30,
            31,
            32,
            33,
            34,
            35,
            36,
            37,
            38,
            39,
            40,
            41,
            42,
            43,
            44,
            45,
            46,
            47,
            48,
            49,
            50,
            51,
            52,
            53,
            54,
            55,
            56,
            57,
            58,
            59,
            60,
            61,
            62,
            63,
            64,
            65,
            66,
            67,
            68,
            69,
            70,
            71,
            72,
            73,
            74,
            75,
            76,
            77,
            78,
            79,
            80,
            81,
            82,
            83,
            84,
            85,
            86,
            87,
            88,
            89,
            90,
            91,
            92,
            93,
            94,
            95,
            96,
            97,
            98,
            99,
            100
        ],
        "lr_sched_factors": [
            0.9755282581475768,
            0.9045084971874737,
            0.7938926261462366,
            0.6545084971874737,
            0.5,
            0.34549150281252633,
            0.2061073738537635,
            0.09549150281252633,
            0.024471741852423234,
            1.0,
            0.9938441702975689,
            0.9755282581475768,
            0.9455032620941839,
            0.9045084971874737,
            0.8535533905932737,
            0.7938926261462366,
            0.7269952498697734,
            0.6545084971874737,
            0.5782172325201155,
            0.5,
            0.42178276747988447,
            0.34549150281252633,
            0.2730047501302266,
            0.2061073738537635,
            0.14644660940672627,
            0.09549150281252633,
            0.054496737905816106,
            0.024471741852423234,
            0.00615582970243117,
            1.0,
            0.998458666866564,
            0.9938441702975689,
            0.9861849601988383,
            0.9755282581475768,
            0.9619397662556434,
            0.9455032620941839,
            0.9263200821770461,
            0.9045084971874737,
            0.8802029828000155,
            0.8535533905932737,
            0.8247240241650917,
            0.7938926261462366,
            0.7612492823579744,
            0.7269952498697734,
            0.6913417161825449,
            0.6545084971874737,
            0.6167226819279528,
            0.5782172325201155,
            0.5392295478639225,
            0.5,
            0.4607704521360776,
            0.42178276747988447,
            0.38327731807204746,
            0.34549150281252633,
            0.30865828381745514,
            0.2730047501302266,
            0.2387507176420256,
            0.2061073738537635,
            0.17527597583490823,
            0.14644660940672627,
            0.11979701719998453,
            0.09549150281252633,
            0.07367991782295391,
            0.054496737905816106,
            0.03806023374435663,
            0.024471741852423234,
            0.013815039801161721,
            0.00615582970243117,
            0.001541333133436018,
            1.0,
            0.9996145181203615,
            0.998458666866564,
            0.9965342284774632,
            0.9938441702975689,
            0.9903926402016152,
            0.9861849601988383,
            0.9812276182268236,
            0.9755282581475768,
            0.9690956679612421,
            0.9619397662556434,
            0.9540715869125407,
            0.9455032620941839,
            0.9362480035363986,
            0.9263200821770461,
            0.9157348061512727,
            0.9045084971874737,
            0.8926584654403724,
            0.8802029828000155,
            0.8671612547178428,
            0.8535533905932737,
            0.839400372766471,
            0.8247240241650917,
            0.8095469746549171,
            0.7938926261462366,
            0.7777851165098011,
            0.7612492823579744,
            0.7443106207484775,
            0.7269952498697734,
            0.7093298687687141,
            0.6913417161825449
        ]
    },
    "train_losses": [
        354.7630615234375,
        176.13960702078683,
        167.081547328404,
        149.29557364327567,
        130.54962703159876,
        116.56252070835659,
        108.3087136404855,
        104.11715153285435,
        102.20050702776227,
        101.45086996895927,
        101.27072361537388,
        96.8394524710519,
        96.38016619001117,
        96.22250475202289,
        95.4351076398577,
        94.69898550851005,
        94.23216465541294,
        93.8529554094587,
        93.48502676827567,
        93.15294647216797,
        92.86971718924386,
        92.62983703613281,
        92.42814200265067,
        92.26241084507534,
        92.13063594273159,
        92.03011540004185,
        91.95760890415737,
        91.90939440046039,
        91.88122449602399,
        91.86822727748326,
        91.86486707414899,
        91.3225566319057,
        90.81475939069476,
        90.34712873186383,
        89.92251368931362,
        89.53902653285435,
        89.19280133928571,
        88.8804441179548,
        88.59873853410993,
        88.34437997000558,
        88.11449541364398,
        87.90662711007255,
        87.71853528703961,
        87.54825374058315,
        87.39410073416573,
        87.25456128801618,
        87.12829916817802,
        87.01413290841239,
        86.91101619175502,
        86.81800624302456,
        86.73426600864956,
        86.65903799874442,
        86.59164755684989,
        86.53147779192243,
        86.47796957833427,
        86.43061937604632,
        86.38895525251117,
        86.35255105154855,
        86.32100568498883,
        86.29395076206752,
        86.27102552141461,
        86.25188882010323,
        86.23621477399554,
        86.22367640904018,
        86.21394566127232,
        86.20668574741909,
        86.20157732282367,
        86.19825308663505,
        86.19635336739677,
        86.19549560546875,
        86.19527871268136,
        86.06201062883649,
        85.93106079101562,
        85.81227547781808,
        85.70715223039899,
        85.60888998849052,
        85.52189200265067,
        85.44240897042411,
        85.37057168143136,
        85.30558231898716,
        85.24645233154297,
        85.19288744245257,
        85.14412798200335,
        85.09978703090123,
        85.05941336495536,
        85.02262006487165,
        84.98905508858817,
        84.9584241594587,
        84.93043082101005,
        84.90483638218471,
        84.88142395019531,
        84.85997663225446,
        84.84031895228794,
        84.82228633335659,
        84.80573272705078,
        84.79051644461495,
        84.77652631487165,
        84.76364462716239,
        84.75177764892578,
        84.74083818708148,
        84.73074013846261
    ],