{
    "testproblem": "quadratic_deep",
    "batch_size": 128,
    "num_epochs": 100,
    "random_seed": 49,
    "l2_reg": null,
    "optimizer_name": "AdaBeliefOptimizer",
    "optimizer_hyperparams": {
        "learning_rate": 0.06796578090758151,
        "beta1": 0.5072091521946193,
        "beta2": 0.9923553226446393,
        "epsilon": 1e-14
    },
    "training_params": {
        "lr_sched_epochs": [
            1,
            2,
            3,
            4,
            5,
            6,
            7,
            8,
            9,
            10,
            11,
            12,
            13,
            14,
            15,
            16,
            17,
            18,
            19,
            20,
            21,
            22,
            23,
            24,
            25,
            26,
            27,
            28,
            29,
            30,
            31,
            32,
            33,
            34,
            35,
            36,
            37,
            38,
            39,
            40,
            41,
            42,
            43,
            44,
            45,
            46,
            47,
            48,
            49,
            50,
            51,
            52,
            53,
            54,
            55,
            56,
            57,
            58,
            59,
            60,
            61,
            62,
            63,
            64,
            65,
            66,
            67,
            68,
            69,
            70,
            71,
            72,
            73,
            74,
            75,
            76,
            77,
            78,
            79,
            80,
            81,
            82,
            83,
            84,
            85,
            86,
            87,
            88,
            89,
            90,
            91,
            92,
            93,
            94,
            95,
            96,
            97,
            98,
            99,
            100
        ],
        "lr_sched_factors": [
            0.9755282581475768,
            0.9045084971874737,
            0.7938926261462366,
            0.6545084971874737,
            0.5,
            0.34549150281252633,
            0.2061073738537635,
            0.09549150281252633,
            0.024471741852423234,
            1.0,
            0.9938441702975689,
            0.9755282581475768,
            0.9455032620941839,
            0.9045084971874737,
            0.8535533905932737,
            0.7938926261462366,
            0.7269952498697734,
            0.6545084971874737,
            0.5782172325201155,
            0.5,
            0.42178276747988447,
            0.34549150281252633,
            0.2730047501302266,
            0.2061073738537635,
            0.14644660940672627,
            0.09549150281252633,
            0.054496737905816106,
            0.024471741852423234,
            0.00615582970243117,
            1.0,
            0.998458666866564,
            0.9938441702975689,
            0.9861849601988383,
            0.9755282581475768,
            0.9619397662556434,
            0.9455032620941839,
            0.9263200821770461,
            0.9045084971874737,
            0.8802029828000155,
            0.8535533905932737,
            0.8247240241650917,
            0.7938926261462366,
            0.7612492823579744,
            0.7269952498697734,
            0.6913417161825449,
            0.6545084971874737,
            0.6167226819279528,
            0.5782172325201155,
            0.5392295478639225,
            0.5,
            0.4607704521360776,
            0.42178276747988447,
            0.38327731807204746,
            0.34549150281252633,
            0.30865828381745514,
            0.2730047501302266,
            0.2387507176420256,
            0.2061073738537635,
            0.17527597583490823,
            0.14644660940672627,
            0.11979701719998453,
            0.09549150281252633,
            0.07367991782295391,
            0.054496737905816106,
            0.03806023374435663,
            0.024471741852423234,
            0.013815039801161721,
            0.00615582970243117,
            0.001541333133436018,
            1.0,
            0.9996145181203615,
            0.998458666866564,
            0.9965342284774632,
            0.9938441702975689,
            0.9903926402016152,
            0.9861849601988383,
            0.9812276182268236,
            0.9755282581475768,
            0.9690956679612421,
            0.9619397662556434,
            0.9540715869125407,
            0.9455032620941839,
            0.9362480035363986,
            0.9263200821770461,
            0.9157348061512727,
            0.9045084971874737,
            0.8926584654403724,
            0.8802029828000155,
            0.8671612547178428,
            0.8535533905932737,
            0.839400372766471,
            0.8247240241650917,
            0.8095469746549171,
            0.7938926261462366,
            0.7777851165098011,
            0.7612492823579744,
            0.7443106207484775,
            0.7269952498697734,
            0.7093298687687141,
            0.6913417161825449
        ]
    },
    "train_losses": [
        353.03431919642856,
        163.27407836914062,
        155.5934579031808,
        140.50621250697546,
        124.7408425467355,
        113.13238634381976,
        106.38541194370815,
        103.00752694266183,
        101.4792949131557,
        100.88534436907086,
        100.74308558872768,
        97.2536152430943,
        96.85121263776507,
        96.63246808733258,
        95.92609623500279,
        95.27850341796875,
        94.83805629185268,
        94.46390751429966,
        94.1073739188058,
        93.7881110055106,
        93.51332637241909,
        93.27848379952567,
        93.08025796072823,
        92.91705649239677,
        92.7870614188058,
        92.68775394984654,
        92.61604527064732,
        92.5683343069894,
        92.54044124058315,
        92.52757590157645,
        92.5242429460798,
        91.9868632725307,
        91.48228890555245,
        91.01619611467633,
        90.59107208251953,
        90.20579528808594,
        89.85719626290458,
        89.54222978864398,
        89.2576174054827,
        89.00011771065849,
        88.76711818150112,
        88.55628967285156,
        88.3653804234096,
        88.19242095947266,
        88.03575788225446,
        87.89390019008091,
        87.76548985072544,
        87.64935302734375,
        87.54443359375,
        87.44977678571429,
        87.36454119001117,
        87.28795950753349,
        87.21934727260044,
        87.1580788748605,
        87.10359191894531,
        87.0553697858538,
        87.01293836321149,
        86.97586495535714,
        86.94373866489956,
        86.9161878313337,
        86.89284079415458,
        86.8733629499163,
        86.85740334647042,
        86.84463718959263,
        86.83473859514508,
        86.82735552106585,
        86.82215336390904,
        86.8187724522182,
        86.81684112548828,
        86.81597028459821,
        86.8157490321568,
        86.6836907523019,
        86.55272129603794,
        86.42921992710659,
        86.32096535818917,
        86.22289712088448,
        86.13337053571429,
        86.0510744367327,
        85.97835976736886,
        85.91117422921317,
        85.85012599400112,
        85.79490334647042,
        85.74437822614398,
        85.69830649239677,
        85.6562249319894,
        85.61784362792969,
        85.58265577043805,
        85.55047389439174,
        85.52099936349052,
        85.49395424979073,
        85.46914672851562,
        85.4463631766183,
        85.42541939871651,
        85.4061508178711,
        85.38842119489398,
        85.37207685198102,
        85.35700988769531,
        85.34311022077289,
        85.33026994977679,
        85.31840515136719,
        85.30743190220424
    ],