{
    "testproblem": "quadratic_deep",
    "batch_size": 128,
    "num_epochs": 100,
    "random_seed": 42,
    "l2_reg": null,
    "optimizer_name": "AdadeltaOptimizer",
    "optimizer_hyperparams": {
        "learning_rate": 0.00013726318898045866,
        "rho": 0.5662079302509064,
        "epsilon": 1e-08,
        "use_locking": false
    },
    "training_params": {
        "lr_sched_epochs": [
            1,
            2,
            3,
            4,
            5,
            6,
            7,
            8,
            9,
            10,
            11,
            12,
            13,
            14,
            15,
            16,
            17,
            18,
            19,
            20,
            21,
            22,
            23,
            24,
            25,
            26,
            27,
            28,
            29,
            30,
            31,
            32,
            33,
            34,
            35,
            36,
            37,
            38,
            39,
            40,
            41,
            42,
            43,
            44,
            45,
            46,
            47,
            48,
            49,
            50,
            51,
            52,
            53,
            54,
            55,
            56,
            57,
            58,
            59,
            60,
            61,
            62,
            63,
            64,
            65,
            66,
            67,
            68,
            69,
            70,
            71,
            72,
            73,
            74,
            75,
            76,
            77,
            78,
            79,
            80,
            81,
            82,
            83,
            84,
            85,
            86,
            87,
            88,
            89,
            90,
            91,
            92,
            93,
            94,
            95,
            96,
            97,
            98,
            99,
            100
        ],
        "lr_sched_factors": [
            0.1,
            0.2,
            0.3,
            0.4,
            0.5,
            0.6,
            0.7,
            0.8,
            0.9,
            1.0,
            1.0,
            1.0,
            1.0,
            1.0,
            1.0,
            1.0,
            1.0,
            1.0,
            1.0,
            1.0,
            1.0,
            1.0,
            1.0,
            1.0,
            1.0,
            1.0,
            1.0,
            1.0,
            1.0,
            1.0,
            1.0,
            1.0,
            1.0,
            1.0,
            1.0,
            1.0,
            1.0,
            1.0,
            1.0,
            1.0,
            1.0,
            1.0,
            1.0,
            1.0,
            1.0,
            1.0,
            1.0,
            1.0,
            1.0,
            1.0,
            1.0,
            1.0,
            1.0,
            1.0,
            1.0,
            1.0,
            1.0,
            1.0,
            1.0,
            1.0,
            1.0,
            1.0,
            1.0,
            1.0,
            1.0,
            1.0,
            1.0,
            1.0,
            1.0,
            1.0,
            1.0,
            1.0,
            1.0,
            1.0,
            1.0,
            1.0,
            1.0,
            1.0,
            1.0,
            1.0,
            1.0,
            1.0,
            1.0,
            1.0,
            1.0,
            1.0,
            1.0,
            1.0,
            1.0,
            1.0,
            0.9090909090909091,
            0.8181818181818181,
            0.7272727272727273,
            0.6363636363636364,
            0.5454545454545454,
            0.4545454545454546,
            0.36363636363636365,
            0.2727272727272727,
            0.18181818181818177,
            0.09090909090909094
        ]
    },
    "train_losses": [
        355.276114327567,
        355.2760271344866,
        355.2760271344866,
        355.2760271344866,
        355.2760271344866,
        355.2760271344866,
        355.2758353097098,
        355.27547781808033,
        355.27510724748885,
        355.2747235979353,
        355.27408272879467,
        355.2734636579241,
        355.27283150809154,
        355.27221243722096,
        355.27140154157365,
        355.270499093192,
        355.2695617675781,
        355.2685982840402,
        355.2676478794643,
        355.2666669573103,
        355.2656903948103,
        355.2647269112723,
        355.2637677873884,
        355.26277814592635,
        355.2618146623884,
        355.2608337402344,
        355.25985281808033,
        355.2588675362723,
        355.2578909737723,
        355.25689697265625,
        355.25592041015625,
        355.25494384765625,
        355.25396728515625,
        355.25296892438615,
        355.25199236188615,
        355.2510070800781,
        355.25001307896207,
        355.2490234375,
        355.24804251534596,
        355.2470136369978,
        355.2459455217634,
        355.2448076520647,
        355.2436261858259,
        355.24243600027904,
        355.24121529715404,
        355.239981515067,
        355.23873029436385,
        355.23748779296875,
        355.2362147739955,
        355.2349548339844,
        355.2336861746652,
        355.2324000767299,
        355.2311226981027,
        355.2298366001674,
        355.2285592215402,
        355.2272513253348,
        355.22596958705356,
        355.22467041015625,
        355.2233581542969,
        355.22204153878346,
        355.22066824776783,
        355.2193167550223,
        355.2179434640067,
        355.216552734375,
        355.2151532854353,
        355.2137451171875,
        355.21234130859375,
        355.2109113420759,
        355.20946829659596,
        355.20804268973217,
        355.2066083635603,
        355.2051522391183,
        355.2037048339844,
        355.20225742885043,
        355.20080130440846,
        355.19933646065846,
        355.19785853794644,
        355.19639369419644,
        355.1949244907924,
        355.1934160505022,
        355.19189017159596,
        355.19034249441967,
        355.18878173828125,
        355.1871817452567,
        355.1855730329241,
        355.1839599609375,
        355.1823250906808,
        355.1806902204241,
        355.1790204729353,
        355.1773594447545,
        355.1756853376116,
        355.1739981515067,
        355.17256818498885,
        355.17126028878346,
        355.17008318219865,
        355.16912841796875,
        355.16820853097096,
        355.16734095982144,
        355.1667785644531,
        355.1663513183594,
        355.1660417829241
    ],