{
    "testproblem": "quadratic_deep",
    "batch_size": 128,
    "num_epochs": 100,
    "random_seed": 49,
    "l2_reg": null,
    "optimizer_name": "GradientDescentOptimizer",
    "optimizer_hyperparams": {
        "learning_rate": 0.01
    },
    "training_params": {
        "lr_sched_epochs": [],
        "lr_sched_factors": []
    },
    "train_losses": [
        350.30335780552457,
        102.18456377301898,
        100.72446768624442,
        99.51713453020368,
        98.4128668648856,
        97.40410614013672,
        96.4821275983538,
        95.63888549804688,
        94.86710357666016,
        94.1602063860212,
        93.51226588657924,
        92.91791098458427,
        92.37229265485492,
        91.8710218157087,
        91.4101333618164,
        90.98602294921875,
        90.59544481549945,
        90.23544093540737,
        89.90334211077008,
        89.59672328404018,
        89.31338065011161,
        89.05132075718471,
        88.80872344970703,
        88.58394949776786,
        88.37549264090401,
        88.18199375697544,
        88.00221797398159,
        87.83502742222377,
        87.67940521240234,
        87.53440638950893,
        87.39918191092355,
        87.27295248849052,
        87.15500313895089,
        87.04469626290458,
        86.94142477852958,
        86.8446546282087,
        86.75389099121094,
        86.6686771937779,
        86.58859361921039,
        86.51327187674386,
        86.44235338483539,
        86.37552097865513,
        86.31248256138393,
        86.25296674455915,
        86.19672502790179,
        86.1435307094029,
        86.09317888532367,
        86.04546901157924,
        86.00022343226841,
        85.95728193010602,
        85.91649300711495,
        85.87771824428013,
        85.84082576206752,
        85.80569131033761,
        85.772218976702,
        85.74029758998326,
        85.70983014787946,
        85.68073381696429,
        85.65292467389789,
        85.62633187430245,
        85.6008780343192,
        85.57650320870536,
        85.55314418247768,
        85.53074972970145,
        85.50925554547992,
        85.48862893240792,
        85.46880885532924,
        85.44975825718471,
        85.4314433506557,
        85.413820539202,
        85.3968527657645,
        85.38051060267857,
        85.36476244245257,
        85.34957994733539,
        85.3349358694894,
        85.32080623081752,
        85.30716596330915,
        85.2939921787807,
        85.28125980922154,
        85.26895795549665,
        85.25705936976841,
        85.24555206298828,
        85.23441641671317,
        85.223634992327,
        85.21319907052177,
        85.20308467320034,
        85.19328962053571,
        85.18379429408482,
        85.1745856148856,
        85.16565486363002,
        85.15699223109654,
        85.1485835484096,
        85.14042336600167,
        85.13250296456474,
        85.1248049054827,
        85.11733027866909,
        85.11006818498883,
        85.10300881522042,
        85.09614562988281,
        85.08946990966797,
        85.08297838483539
    ],
    "valid_losses": [
        354.48441423688615,
        104.81673540387835,
        103.35913630894252,
        102.14552634102958,
        101.03382764543805,
        100.01792689732143,
        99.0892094203404,
        98.23960331508091,
        97.46181815011161,
        96.74926430838448,
        96.09597669328961,
        95.496584211077,
        94.94621276855469,
        94.4404536655971,
        93.97533525739398,
        93.54723467145648,
        93.15288870675224,
        92.78933279854911,
        92.45388466971261,
        92.14409855433873,
        91.85777500697544,
        91.5928955078125,
        91.34764862060547,
        91.12036459786552,
        90.90955025809151,
        90.71382359095982,
        90.53194645472935,
        90.36277226039341,
        90.20528520856585,
        90.05852399553571,
        89.92163739885602,
        89.79384068080357,
        89.6744155883789,
        89.56271362304688,
        89.45812552315849,
        89.36011941092355,
        89.2681884765625,
        89.18187713623047,
        89.1007559640067,
        89.02445983886719,
        88.95262037004743,
        88.88492257254464,
        88.8210688999721,
        88.76078469412667,
        88.70381927490234,
        88.64994485037667,
        88.59894670758929,
        88.55063302176339,
        88.50481959751674,
        88.46134621756417,
        88.42005157470703,
        88.38080596923828,
        88.34346444266183,
        88.30791909354073,
        88.2740478515625,
        88.24175916399274,
        88.21094512939453,
        88.18152291434151,
        88.15340641566685,
        88.12652478899274,
        88.10080392020089,
        88.07617296491351,
        88.05257960728237,
        88.02996063232422,
        88.00826372419085,
        87.98743329729352,
        87.96743665422711,
        87.9482171194894,
        87.92973872593471,
        87.91196550641742,
        87.89485713413784,
        87.87838854108539,
        87.86251613071987,
        87.84722028459821,
        87.83247375488281,
        87.81824602399554,
        87.80451093401227,
        87.79125322614398,
        87.77844565255302,
        87.76606968470982,
        87.75410461425781,
        87.7425297328404,
        87.73133959089007,
        87.72050476074219,
        87.71002088274274,
        87.69986070905414,
        87.69002205984933,
        87.68048422677177,
        87.67124611990792,
        87.6622815813337,
        87.6535895211356,
        87.64515468052456,
        87.63697378976005,
        87.6290261404855,
        87.62130846296039,
        87.6138196672712,
        87.6065434047154,
        87.59946659633091,
        87.59259142194476,
        87.58591025216239,
        87.57940673828125
    ],