{
    "testproblem": "quadratic_deep",
    "batch_size": 128,
    "num_epochs": 100,
    "random_seed": 42,
    "l2_reg": null,
    "optimizer_name": "AdaBeliefOptimizer",
    "optimizer_hyperparams": {
        "learning_rate": 0.08076642449393846,
        "beta1": 0.8210860943186267,
        "beta2": 0.8445129714974928,
        "epsilon": 1e-14
    },
    "training_params": {
        "lr_sched_epochs": [
            1,
            2,
            3,
            4,
            5,
            6,
            7,
            8,
            9,
            10,
            11,
            12,
            13,
            14,
            15,
            16,
            17,
            18,
            19,
            20,
            21,
            22,
            23,
            24,
            25,
            26,
            27,
            28,
            29,
            30,
            31,
            32,
            33,
            34,
            35,
            36,
            37,
            38,
            39,
            40,
            41,
            42,
            43,
            44,
            45,
            46,
            47,
            48,
            49,
            50,
            51,
            52,
            53,
            54,
            55,
            56,
            57,
            58,
            59,
            60,
            61,
            62,
            63,
            64,
            65,
            66,
            67,
            68,
            69,
            70,
            71,
            72,
            73,
            74,
            75,
            76,
            77,
            78,
            79,
            80,
            81,
            82,
            83,
            84,
            85,
            86,
            87,
            88,
            89,
            90,
            91,
            92,
            93,
            94,
            95,
            96,
            97,
            98,
            99,
            100
        ],
        "lr_sched_factors": [
            0.9755282581475768,
            0.9045084971874737,
            0.7938926261462366,
            0.6545084971874737,
            0.5,
            0.34549150281252633,
            0.2061073738537635,
            0.09549150281252633,
            0.024471741852423234,
            1.0,
            0.9938441702975689,
            0.9755282581475768,
            0.9455032620941839,
            0.9045084971874737,
            0.8535533905932737,
            0.7938926261462366,
            0.7269952498697734,
            0.6545084971874737,
            0.5782172325201155,
            0.5,
            0.42178276747988447,
            0.34549150281252633,
            0.2730047501302266,
            0.2061073738537635,
            0.14644660940672627,
            0.09549150281252633,
            0.054496737905816106,
            0.024471741852423234,
            0.00615582970243117,
            1.0,
            0.998458666866564,
            0.9938441702975689,
            0.9861849601988383,
            0.9755282581475768,
            0.9619397662556434,
            0.9455032620941839,
            0.9263200821770461,
            0.9045084971874737,
            0.8802029828000155,
            0.8535533905932737,
            0.8247240241650917,
            0.7938926261462366,
            0.7612492823579744,
            0.7269952498697734,
            0.6913417161825449,
            0.6545084971874737,
            0.6167226819279528,
            0.5782172325201155,
            0.5392295478639225,
            0.5,
            0.4607704521360776,
            0.42178276747988447,
            0.38327731807204746,
            0.34549150281252633,
            0.30865828381745514,
            0.2730047501302266,
            0.2387507176420256,
            0.2061073738537635,
            0.17527597583490823,
            0.14644660940672627,
            0.11979701719998453,
            0.09549150281252633,
            0.07367991782295391,
            0.054496737905816106,
            0.03806023374435663,
            0.024471741852423234,
            0.013815039801161721,
            0.00615582970243117,
            0.001541333133436018,
            1.0,
            0.9996145181203615,
            0.998458666866564,
            0.9965342284774632,
            0.9938441702975689,
            0.9903926402016152,
            0.9861849601988383,
            0.9812276182268236,
            0.9755282581475768,
            0.9690956679612421,
            0.9619397662556434,
            0.9540715869125407,
            0.9455032620941839,
            0.9362480035363986,
            0.9263200821770461,
            0.9157348061512727,
            0.9045084971874737,
            0.8926584654403724,
            0.8802029828000155,
            0.8671612547178428,
            0.8535533905932737,
            0.839400372766471,
            0.8247240241650917,
            0.8095469746549171,
            0.7938926261462366,
            0.7777851165098011,
            0.7612492823579744,
            0.7443106207484775,
            0.7269952498697734,
            0.7093298687687141,
            0.6913417161825449
        ]
    },
    "train_losses": [
        355.276114327567,
        606.0017787388393,
        570.3022896902902,
        496.6494620186942,
        409.2316632952009,
        330.9418029785156,
        273.0788835797991,
        236.08857945033483,
        215.51190839494978,
        206.26068987165178,
        203.8441663469587,
        127.61200714111328,
        99.39892905099052,
        96.39551326206752,
        97.96183667864118,
        97.45670754568917,
        95.79222324916294,
        94.49619947160993,
        93.8385750906808,
        93.51539611816406,
        93.28949410574776,
        93.08850424630302,
        92.9108407156808,
        92.76315089634487,
        92.64635358537946,
        92.5579103742327,
        92.49442509242466,
        92.45229884556362,
        92.42770494733539,
        92.41636112758091,
        92.41342599051339,
        91.94009399414062,
        91.49522290910993,
        91.0782448904855,
        90.69493865966797,
        90.34590802873883,
        90.02735028948102,
        89.73636300223214,
        89.47149985177177,
        89.23040662493024,
        89.01051330566406,
        88.80996486118862,
        88.62716783796039,
        88.46046774727958,
        88.30843026297433,
        88.16986628941127,
        88.04367501395089,
        87.92884390694755,
        87.82448904854911,
        87.72981371198382,
        87.64410291399274,
        87.5667005266462,
        87.49701363699776,
        87.43450382777623,
        87.37866755894252,
        87.32905578613281,
        87.28524235316685,
        87.24682726178851,
        87.21343885149274,
        87.1847174508231,
        87.16032191685268,
        87.1399165562221,
        87.12317003522601,
        87.10974775041852,
        87.0993172781808,
        87.09153747558594,
        87.08604213169643,
        87.08246721540179,
        87.08042471749442,
        87.07950156075614,
        87.07926504952567,
        86.94025639125279,
        86.79961722237724,
        86.66319383893695,
        86.55020032610211,
        86.43659101213727,
        86.33685847691127,
        86.2451651436942,
        86.15933227539062,
        86.08223724365234,
        86.010009765625,
        85.94403839111328,
        85.8831536429269,
        85.82677023751395,
        85.77490779331752,
        85.72680337088448,
        85.68238612583706,
        85.64123208182198,
        85.60310472760882,
        85.56778063092914,
        85.5349862234933,
        85.50456237792969,
        85.47629983084542,
        85.45003400530133,
        85.42561558314732,
        85.40288543701172,
        85.3817367553711,
        85.36202784946987,
        85.34366934640067,
        85.32655116489956,
        85.31058393205915
    ],