{
    "testproblem": "quadratic_deep",
    "batch_size": 128,
    "num_epochs": 100,
    "random_seed": 42,
    "l2_reg": null,
    "optimizer_name": "AdaBoundOptimizer",
    "optimizer_hyperparams": {
        "learning_rate": 0.0014421346497969485,
        "final_lr": 0.0027235556545490776,
        "beta1": 0.9515666733432182,
        "beta2": 0.9573249396037167,
        "gamma": 0.00794714742465374,
        "epsilon": 1e-08,
        "amsbound": false,
        "use_locking": false
    },
    "training_params": {
        "lr_sched_epochs": [],
        "lr_sched_factors": []
    },
    "train_losses": [
        312.37255859375,
        301.6227329799107,
        287.22301810128346,
        262.74339076450894,
        229.35311889648438,
        192.80982753208704,
        159.5854274204799,
        134.48267473493303,
        119.36226654052734,
        113.14086042131696,
        112.81917136056083,
        114.94346727643695,
        116.84332057407924,
        117.22222246442523,
        116.05952780587333,
        114.07090105329242,
        112.09042358398438,
        110.64996446881976,
        109.85919298444476,
        109.52658081054688,
        109.36758313860211,
        109.16956656319755,
        108.85423060825893,
        108.45005471365792,
        108.02543531145368,
        107.63305773053851,
        107.28849574497768,
        106.97843279157367,
        106.68013109479632,
        106.37743704659599,
        106.06584167480469,
        105.74908883231026,
        105.4332515171596,
        105.12233516148159,
        104.81698608398438,
        104.51600864955357,
        104.2181396484375,
        103.92291695731026,
        103.63062068394252,
        103.34178052629743,
        103.05674961635044,
        102.77559661865234,
        102.49822126116071,
        102.22454289027623,
        101.95458112444196,
        101.68844713483539,
        101.42626299176898,
        101.16811915806362,
        100.91405596051898,
        100.66408211844308,
        100.41817474365234,
        100.17631094796317,
        99.93846457345145,
        99.70461818150112,
        99.47474234444755,
        99.24880981445312,
        99.02679661342076,
        98.80866459437779,
        98.59438759940011,
        98.38393075125558,
        98.17726462227958,
        97.97435215541294,
        97.77516610281808,
        97.57965959821429,
        97.3877923148019,
        97.19952392578125,
        97.0148206438337,
        96.8336410522461,
        96.65594482421875,
        96.48171016148159,
        96.31088583809989,
        96.14344678606305,
        95.9793461390904,
        95.8185315813337,
        95.66095842633929,
        95.50657326834542,
        95.35531834193638,
        95.20714351109096,
        95.06199754987445,
        94.91983904157367,
        94.78062220982143,
        94.64430018833706,
        94.51082284109933,
        94.38016945975167,
        94.25231279645648,
        94.12721579415458,
        94.0048337663923,
        93.88512093680245,
        93.76803915841239,
        93.65353393554688,
        93.54155731201172,
        93.43205915178571,
        93.32498386928013,
        93.22028023856026,
        93.11790793282645,
        93.01780700683594,
        92.91993822370257,
        92.82425362723214,
        92.73070090157645,
        92.63924080984933,
        92.54982430594308
    ],
    "valid_losses": [
        311.279061453683,
        300.563223702567,
        286.2105625697545,
        261.8082798549107,
        228.53020368303572,
        192.12885175432478,
        159.06495448521204,
        134.12772042410714,
        119.1641867501395,
        113.07975551060268,
        112.86687578473773,
        115.06777736118862,
        117.01260266985211,
        117.40928213936942,
        116.24366542271206,
        114.23854064941406,
        112.23467799595424,
        110.76958901541573,
        109.95702689034599,
        109.60775865827289,
        109.43805040631976,
        109.2346420288086,
        108.91776929582868,
        108.51417868477958,
        108.09066881452289,
        107.6985844203404,
        107.35283551897321,
        107.04007829938617,
        106.7382093157087,
        106.43179975237165,
        106.1170676095145,
        105.7980466570173,
        105.48089599609375,
        105.16959817068917,
        104.86448124476841,
        104.56394849504743,
        104.26638575962612,
        103.97102900913784,
        103.67801993233817,
        103.3878642490932,
        103.10101318359375,
        102.81773921421596,
        102.53814370291573,
        102.26233346121651,
        101.99045889718192,
        101.72266387939453,
        101.45905521937779,
        101.19966888427734,
        100.9444601876395,
        100.69336264474052,
        100.44629015241351,
        100.2031969342913,
        99.96404593331474,
        99.72883605957031,
        99.49755532400948,
        99.27021135602679,
        99.0467997959682,
        98.8272955758231,
        98.61168016706195,
        98.39991215297154,
        98.19195447649274,
        97.98776136125836,
        97.78729684012276,
        97.59051404680524,
        97.3973639351981,
        97.20782470703125,
        97.02184731619698,
        96.83939361572266,
        96.66043962751117,
        96.48495592389789,
        96.31290326799665,
        96.14425114222935,
        95.97895159040179,
        95.8169664655413,
        95.65824672154018,
        95.50273895263672,
        95.35038539341518,
        95.2011239188058,
        95.0549065726144,
        94.9116712297712,
        94.77135685511998,
        94.63392312186105,
        94.49933406284877,
        94.36756569998605,
        94.23861694335938,
        94.1124507359096,
        93.98903002057757,
        93.86830030168805,
        93.75023542131696,
        93.63480050223214,
        93.52193668910435,
        93.41158948625836,
        93.30369349888393,
        93.19818551199776,
        93.09501429966518,
        92.99412100655692,
        92.89546421595982,
        92.7989981515067,
        92.70467376708984,
        92.61245291573661,
        92.5222909109933
    ],