{
    "testproblem": "quadratic_deep",
    "batch_size": 128,
    "num_epochs": 100,
    "random_seed": 46,
    "l2_reg": null,
    "optimizer_name": "AMSGrad",
    "optimizer_hyperparams": {
        "learning_rate": 0.8862326508576248,
        "beta1": 0.8533233119824721,
        "beta2": 0.8361228684381321,
        "epsilon": 1e-08,
        "use_locking": false
    },
    "training_params": {
        "lr_sched_epochs": [
            1,
            2,
            3,
            4,
            5,
            6,
            7,
            8,
            9,
            10,
            11,
            12,
            13,
            14,
            15,
            16,
            17,
            18,
            19,
            20,
            21,
            22,
            23,
            24,
            25,
            26,
            27,
            28,
            29,
            30,
            31,
            32,
            33,
            34,
            35,
            36,
            37,
            38,
            39,
            40,
            41,
            42,
            43,
            44,
            45,
            46,
            47,
            48,
            49,
            50,
            51,
            52,
            53,
            54,
            55,
            56,
            57,
            58,
            59,
            60,
            61,
            62,
            63,
            64,
            65,
            66,
            67,
            68,
            69,
            70,
            71,
            72,
            73,
            74,
            75,
            76,
            77,
            78,
            79,
            80,
            81,
            82,
            83,
            84,
            85,
            86,
            87,
            88,
            89,
            90,
            91,
            92,
            93,
            94,
            95,
            96,
            97,
            98,
            99,
            100
        ],
        "lr_sched_factors": [
            0.9755282581475768,
            0.9045084971874737,
            0.7938926261462366,
            0.6545084971874737,
            0.5,
            0.34549150281252633,
            0.2061073738537635,
            0.09549150281252633,
            0.024471741852423234,
            1,
            0.9938441702975689,
            0.9755282581475768,
            0.9455032620941839,
            0.9045084971874737,
            0.8535533905932737,
            0.7938926261462366,
            0.7269952498697734,
            0.6545084971874737,
            0.5782172325201155,
            0.5,
            0.42178276747988447,
            0.34549150281252633,
            0.2730047501302266,
            0.2061073738537635,
            0.14644660940672627,
            0.09549150281252633,
            0.054496737905816106,
            0.024471741852423234,
            0.00615582970243117,
            1,
            0.998458666866564,
            0.9938441702975689,
            0.9861849601988383,
            0.9755282581475768,
            0.9619397662556434,
            0.9455032620941839,
            0.9263200821770461,
            0.9045084971874737,
            0.8802029828000155,
            0.8535533905932737,
            0.8247240241650917,
            0.7938926261462366,
            0.7612492823579744,
            0.7269952498697734,
            0.6913417161825449,
            0.6545084971874737,
            0.6167226819279528,
            0.5782172325201155,
            0.5392295478639225,
            0.5,
            0.4607704521360776,
            0.42178276747988447,
            0.38327731807204746,
            0.34549150281252633,
            0.30865828381745514,
            0.2730047501302266,
            0.2387507176420256,
            0.2061073738537635,
            0.17527597583490823,
            0.14644660940672627,
            0.11979701719998453,
            0.09549150281252633,
            0.07367991782295391,
            0.054496737905816106,
            0.03806023374435663,
            0.024471741852423234,
            0.013815039801161721,
            0.00615582970243117,
            0.001541333133436018,
            1,
            0.9996145181203615,
            0.998458666866564,
            0.9965342284774632,
            0.9938441702975689,
            0.9903926402016152,
            0.9861849601988383,
            0.9812276182268236,
            0.9755282581475768,
            0.9690956679612421,
            0.9619397662556434,
            0.9540715869125407,
            0.9455032620941839,
            0.9362480035363986,
            0.9263200821770461,
            0.9157348061512727,
            0.9045084971874737,
            0.8926584654403724,
            0.8802029828000155,
            0.8671612547178428,
            0.8535533905932737,
            0.839400372766471,
            0.8247240241650917,
            0.8095469746549171,
            0.7938926261462366,
            0.7777851165098011,
            0.7612492823579744,
            0.7443106207484775,
            0.7269952498697734,
            0.7093298687687141,
            0.6913417161825449
        ]
    },
    "train_losses": [
        383.0386701311384,
        143.91735185895647,
        129.78888048444475,
        108.25447082519531,
        100.56445421491351,
        97.23861367361886,
        97.43244280133929,
        96.70679037911552,
        96.21896471296039,
        96.13275146484375,
        96.12574550083706,
        97.15522766113281,
        98.68386622837612,
        99.11552211216518,
        99.19608306884766,
        98.9249736240932,
        98.11688559395927,
        96.91223689488002,
        95.98037719726562,
        95.70856584821429,
        95.89769199916294,
        96.44966779436383,
        95.76061030796596,
        95.1780035836356,
        95.18932233537946,
        95.1516363961356,
        95.13805498395648,
        95.12796347481864,
        95.12563650948661,
        95.12440708705357,
        95.12406812395368,
        96.1995108468192,
        97.89742933000836,
        98.59811292375836,
        98.9144036429269,
        99.10774230957031,
        99.13861301967076,
        98.9963139125279,
        98.71731349400112,
        98.31938825334821,
        97.8104967389788,
        97.22456577845982,
        96.65875898088727,
        96.22372654506138,
        95.93048313685826,
        95.6885757446289,
        95.46385955810547,
        95.37891278948102,
        95.61057717459542,
        96.0689697265625,
        96.29409899030414,
        95.9597647530692,
        95.4089845929827,
        95.1273422241211,
        95.07462746756417,
        95.05353110177177,
        95.00711277553013,
        94.98282405308315,
        94.9690933227539,
        94.95645141601562,
        94.94931248256138,
        94.94364057268415,
        94.94008200509208,
        94.93760790143695,
        94.93600899832589,
        94.93501281738281,
        94.9344231741769,
        94.93409293038505,
        94.93392508370536,
        94.93385750906808,
        94.93383680071149,
        95.96937016078404,
        97.6631840297154,
        98.43414306640625,
        98.80195617675781,
        99.07528904506138,
        99.23179299490792,
        99.26766749790737,
        99.24478476388114,
        99.19912283761161,
        99.13233402797154,
        99.04016767229352,
        98.92173440115792,
        98.77596936907086,
        98.60063825334821,
        98.39462389264789,
        98.15952845982143,
        97.90007781982422,
        97.62421090262276,
        97.33993639264789,
        97.06055559430804,
        96.80568586077008,
        96.58643123081752,
        96.40543365478516,
        96.25764901297433,
        96.13086918422154,
        96.00953238351005,
        95.88021523611886,
        95.73592376708984,
        95.58473532540458,
        95.45534188406808
    ],