{"testproblem": "fmnist_2c2d", "batch_size": 128, "num_epochs": 100, "random_seed": 45, "weight_decay": null, "optimizer_name": "SGD", "optimizer_hyperparams": {"lr": 0.1}, "train_losses": [2.395985334347456, 0.3868423337355638, 0.31430657628255015, 0.26324703124089116, 0.2469342515254632, 0.23886055843188211, 0.2294112138259105, 0.2107619262085511, 0.18329405861023146, 0.17225555263650724, 0.14669307760703257, 0.14468408633883184, 0.1720673167743744, 0.13541296391915053, 0.1373486272417582, 0.09696587356619346, 0.09789340709073421, 0.10113125103406417, 0.0898482298048643, 0.0685702903339496, 0.05838943148652712, 0.05014906073801029, 0.07090459023721707, 0.043625181827407614, 0.040164501334612183, 0.03589939961257654, 0.03912733184794585, 0.023772462390554257, 0.0359905291444216, 0.017565633624027938, 0.013860006171923418, 0.01628433196590497, 0.012819922362000514, 0.008684580381482076, 0.02068950508076411, 0.004949016257738456, 0.0035403731923836926, 0.005630829299871738, 0.0016841490108233232, 0.0015540730494719285, 0.0015129597905354623, 0.0010244382115510793, 0.0009766509517645224, 0.0010541749115173633, 0.0007873964615357228, 0.000773493773662127, 0.0007263491742121867, 0.0006851812776846763, 0.0006286234427721072, 0.000538043391246062, 0.0005646633605162302, 0.0005012463109615522, 0.0004996900948194357, 0.0004805283477673164, 0.00045914336656912777, 0.0004080842511776166, 0.0004147937855659387, 0.0003905741450114128, 0.00035136651534300583, 0.0003728637328514686, 0.00036805810836645274, 0.00032195916924721154, 0.00030454544302744744, 0.00032266439535678964, 0.0002939714453159234, 0.0002882004930422856, 0.0003008937988525782, 0.0002976192686802302, 0.00027972966050490353, 0.00025722355796740606, 0.00027177750300138426, 0.00023949423279517735, 0.00024336519149633555, 0.0002598250523591653, 0.00022911595610471873, 0.0002229160223251734, 0.00021894572254938958, 0.00022188497659487603, 0.0002103316096159128, 0.0002144478643551851, 0.00021642322341601053, 0.0002033654122780531, 0.0002060416035163097, 0.0001967680186797411, 0.0001997962976113344, 0.00018318561025154896, 0.00018130644009663508, 0.00017794336263950056, 0.00017057626675336788, 0.00017877142780866378, 0.0001733938279824379, 0.0001746647250957978, 0.0001684590601004087, 0.00016364665367664435, 0.00015163918336232504, 0.00016434452472588955, 0.0001455900760797354, 0.000151088317999473, 0.00014193403797271923, 0.00014831440953107981, 0.0001439546736387106], "test_losses": [2.3915776167160425, 0.41943321625391644, 0.3479414062622266, 0.31164317979262424, 0.29492548146308994, 0.28294685368354505, 0.29989395347925335, 0.2829300772685271, 0.2722707192103068, 0.2647373611346269, 0.2530327882522192, 0.2574936342545045, 0.27900300518824506, 0.27127445995425564, 0.28228329370419186, 0.25768428983596653, 0.26273438334465027, 0.29085808562544674, 0.29042722256137776, 0.2682943174090141, 0.2691105362505485, 0.2865234241844752, 0.3325569484478388, 0.2997452141955877, 0.3190665800028887, 0.31811613713701564, 0.3292514331256732, 0.3289877389294979, 0.3548022370116833, 0.34965209424113614, 0.34707659272811353, 0.3691224097632445, 0.3744213016560444, 0.3707501967556966, 0.3838364788546012, 0.398034420915139, 0.4048202729377991, 0.415720642472689, 0.4179339020107037, 0.4270843447018892, 0.43442319438625604, 0.43908640856926257, 0.44577397740422153, 0.4510529316388644, 0.45500030225286114, 0.4569079118470351, 0.4617666396766137, 0.4661463870643041, 0.46909159880418044, 0.4721764108309379, 0.47671554648341274, 0.4809236709888165, 0.48341302105631584, 0.48513659462332726, 0.48725381092383313, 0.48834601732400745, 0.4915169373345681, 0.4932550679032619, 0.4978323832918436, 0.4964964408905078, 0.5005345694147624, 0.5026997100466337, 0.5041987595076745, 0.5050464849441479, 0.5070772399313939, 0.5098984315036199, 0.5111665047514133, 0.5146078391908071, 0.5144845652274597, 0.5180319155064913, 0.5183459188884649, 0.5187496004196314, 0.5206045333582622, 0.5221925012003152, 0.5236846037591115, 0.5250292994464055, 0.5275474545092155, 0.5275298154506928, 0.5296129668370272, 0.5306761015493137, 0.5326362493901681, 0.5331449824839066, 0.5342126928078823, 0.5368734552310064, 0.5370518860335534, 0.5374315578777057, 0.5387599079463726, 0.5403535247613223, 0.541760750210438, 0.5423973500728607, 0.543964494115267, 0.5452700167512282, 0.5459615349387511, 0.5470173872816257, 0.5484093665503539, 0.5483927197563343, 0.5505221961782529, 0.5510770933559308, 0.5524267981258723, 0.5528178106133754, 0.5537586824443096], "train_accuracies": [0.09915865384615384, 0.8622796474358975, 0.8865184294871795, 0.9049479166666666, 0.9082532051282052, 0.9141626602564102, 0.9190705128205128, 0.9206730769230769, 0.9344951923076923, 0.9382011217948718, 0.9467147435897436, 0.948417467948718, 0.9311899038461539, 0.9491185897435898, 0.9485176282051282, 0.9649439102564102, 0.9657451923076923, 0.9623397435897436, 0.9678485576923077, 0.9766626602564102, 0.9823717948717948, 0.9850761217948718, 0.9761618589743589, 0.9867788461538461, 0.9864783653846154, 0.9887820512820513, 0.985176282051282, 0.9934895833333334, 0.987479967948718, 0.9949919871794872, 0.9972956730769231, 0.9944911858974359, 0.9962940705128205, 0.9982972756410257, 0.9943910256410257, 0.9992988782051282, 0.9995993589743589, 0.9990985576923077, 1.0, 0.9997996794871795, 1.0, 1.0, 1.0, 1.0, 1.0, 1.0, 1.0, 1.0, 1.0, 1.0, 1.0, 1.0, 1.0, 1.0, 1.0, 1.0, 1.0, 1.0, 1.0, 1.0, 1.0, 1.0, 1.0, 1.0, 1.0, 1.0, 1.0, 1.0, 1.0, 1.0, 1.0, 1.0, 1.0, 1.0, 1.0, 1.0, 1.0, 1.0, 1.0, 1.0, 1.0, 1.0, 1.0, 1.0, 1.0, 1.0, 1.0, 1.0, 1.0, 1.0, 1.0, 1.0, 1.0, 1.0, 1.0, 1.0, 1.0, 1.0, 1.0, 1.0, 1.0], "test_accuracies": [0.0999599358974359, 0.8451522435897436, 0.8739983974358975, 0.8883213141025641, 0.8911258012820513, 0.8973357371794872, 0.8907251602564102, 0.8957331730769231, 0.9040464743589743, 0.9028445512820513, 0.9103565705128205, 0.910957532051282, 0.8980368589743589, 0.9082532051282052, 0.9053485576923077, 0.9130608974358975, 0.9151642628205128, 0.9106570512820513, 0.9058493589743589, 0.9138621794871795, 0.9195713141025641, 0.9195713141025641, 0.9140625, 0.9201722756410257, 0.9165665064102564, 0.9167668269230769, 0.9149639423076923, 0.9167668269230769, 0.9118589743589743, 0.9194711538461539, 0.9197716346153846, 0.9204727564102564, 0.9212740384615384, 0.9212740384615384, 0.9151642628205128, 0.9224759615384616, 0.9209735576923077, 0.9199719551282052, 0.9258814102564102, 0.9246794871794872, 0.9242788461538461, 0.9235777243589743, 0.9244791666666666, 0.9243790064102564, 0.9253806089743589, 0.9244791666666666, 0.9245793269230769, 0.9247796474358975, 0.9246794871794872, 0.92578125, 0.9253806089743589, 0.9260817307692307, 0.92578125, 0.9252804487179487, 0.9247796474358975, 0.9246794871794872, 0.924979967948718, 0.9254807692307693, 0.9247796474358975, 0.9250801282051282, 0.924979967948718, 0.924979967948718, 0.9246794871794872, 0.9244791666666666, 0.924979967948718, 0.9246794871794872, 0.9247796474358975, 0.9250801282051282, 0.9243790064102564, 0.9250801282051282, 0.9248798076923077, 0.9244791666666666, 0.9250801282051282, 0.9246794871794872, 0.9244791666666666, 0.9247796474358975, 0.924979967948718, 0.9246794871794872, 0.9248798076923077, 0.924979967948718, 0.9244791666666666, 0.9250801282051282, 0.9243790064102564, 0.9246794871794872, 0.924979967948718, 0.9241786858974359, 0.9244791666666666, 0.9245793269230769, 0.924979967948718, 0.9247796474358975, 0.9246794871794872, 0.924979967948718, 0.9245793269230769, 0.9242788461538461, 0.9247796474358975, 0.9246794871794872, 0.9250801282051282, 0.924979967948718, 0.9245793269230769, 0.9245793269230769, 0.9251802884615384], "analyzable_training_params": {"lr_sched_epochs": null, "lr_sched_factors": null}, "training_params": {}}