{
    "testproblem": "quadratic_deep",
    "batch_size": 128,
    "num_epochs": 100,
    "random_seed": 45,
    "l2_reg": null,
    "optimizer_name": "NAGOptimizer",
    "optimizer_hyperparams": {
        "learning_rate": 0.0016480446427978967,
        "momentum": 0.9874389562999865,
        "use_locking": false,
        "use_nesterov": true
    },
    "training_params": {
        "lr_sched_epochs": [
            1,
            2,
            3,
            4,
            5,
            6,
            7,
            8,
            9,
            10,
            11,
            12,
            13,
            14,
            15,
            16,
            17,
            18,
            19,
            20,
            21,
            22,
            23,
            24,
            25,
            26,
            27,
            28,
            29,
            30,
            31,
            32,
            33,
            34,
            35,
            36,
            37,
            38,
            39,
            40,
            41,
            42,
            43,
            44,
            45,
            46,
            47,
            48,
            49,
            50,
            51,
            52,
            53,
            54,
            55,
            56,
            57,
            58,
            59,
            60,
            61,
            62,
            63,
            64,
            65,
            66,
            67,
            68,
            69,
            70,
            71,
            72,
            73,
            74,
            75,
            76,
            77,
            78,
            79,
            80,
            81,
            82,
            83,
            84,
            85,
            86,
            87,
            88,
            89,
            90,
            91,
            92,
            93,
            94,
            95,
            96,
            97,
            98,
            99,
            100
        ],
        "lr_sched_factors": [
            0.9755282581475768,
            0.9045084971874737,
            0.7938926261462366,
            0.6545084971874737,
            0.5,
            0.34549150281252633,
            0.2061073738537635,
            0.09549150281252633,
            0.024471741852423234,
            1.0,
            0.9938441702975689,
            0.9755282581475768,
            0.9455032620941839,
            0.9045084971874737,
            0.8535533905932737,
            0.7938926261462366,
            0.7269952498697734,
            0.6545084971874737,
            0.5782172325201155,
            0.5,
            0.42178276747988447,
            0.34549150281252633,
            0.2730047501302266,
            0.2061073738537635,
            0.14644660940672627,
            0.09549150281252633,
            0.054496737905816106,
            0.024471741852423234,
            0.00615582970243117,
            1.0,
            0.998458666866564,
            0.9938441702975689,
            0.9861849601988383,
            0.9755282581475768,
            0.9619397662556434,
            0.9455032620941839,
            0.9263200821770461,
            0.9045084971874737,
            0.8802029828000155,
            0.8535533905932737,
            0.8247240241650917,
            0.7938926261462366,
            0.7612492823579744,
            0.7269952498697734,
            0.6913417161825449,
            0.6545084971874737,
            0.6167226819279528,
            0.5782172325201155,
            0.5392295478639225,
            0.5,
            0.4607704521360776,
            0.42178276747988447,
            0.38327731807204746,
            0.34549150281252633,
            0.30865828381745514,
            0.2730047501302266,
            0.2387507176420256,
            0.2061073738537635,
            0.17527597583490823,
            0.14644660940672627,
            0.11979701719998453,
            0.09549150281252633,
            0.07367991782295391,
            0.054496737905816106,
            0.03806023374435663,
            0.024471741852423234,
            0.013815039801161721,
            0.00615582970243117,
            0.001541333133436018,
            1.0,
            0.9996145181203615,
            0.998458666866564,
            0.9965342284774632,
            0.9938441702975689,
            0.9903926402016152,
            0.9861849601988383,
            0.9812276182268236,
            0.9755282581475768,
            0.9690956679612421,
            0.9619397662556434,
            0.9540715869125407,
            0.9455032620941839,
            0.9362480035363986,
            0.9263200821770461,
            0.9157348061512727,
            0.9045084971874737,
            0.8926584654403724,
            0.8802029828000155,
            0.8671612547178428,
            0.8535533905932737,
            0.839400372766471,
            0.8247240241650917,
            0.8095469746549171,
            0.7938926261462366,
            0.7777851165098011,
            0.7612492823579744,
            0.7443106207484775,
            0.7269952498697734,
            0.7093298687687141,
            0.6913417161825449
        ]
    },
    "train_losses": [
        355.9654976981027,
        154.36661420549666,
        126.7979485648019,
        126.00977434430804,
        100.24930790492466,
        99.42650495256696,
        92.43025643484933,
        91.62467302594867,
        89.90692465645927,
        88.7690200805664,
        88.48221806117466,
        97.95433480398995,
        87.66236441476005,
        88.07969447544643,
        88.4894300188337,
        88.4065671648298,
        88.7753154209682,
        88.78997693743024,
        88.52249363490513,
        88.11248452322823,
        87.62715584891183,
        87.14617374965123,
        86.77858407156808,
        86.43906075613839,
        86.19144439697266,
        86.0257317679269,
        85.90635899135044,
        85.82535988943917,
        85.77846309116909,
        85.75714329310826,
        85.7516359601702,
        85.20522853306362,
        84.94435337611607,
        85.10090964181083,
        85.40128980364118,
        85.73838479178292,
        85.97421700613839,
        86.06775011335101,
        85.99976130894252,
        85.81564222063336,
        85.56912449428013,
        85.31407165527344,
        85.08880288260323,
        84.91902596609933,
        84.80843244280133,
        84.74794551304409,
        84.72214181082589,
        84.71588243756976,
        84.71580832345145,
        84.71282305036273,
        84.70246233258929,
        84.6839850289481,
        84.65896715436664,
        84.62989698137555,
        84.59936959402901,
        84.56956263950893,
        84.54200962611607,
        84.51759665352958,
        84.4966812133789,
        84.47920989990234,
        84.46493094308036,
        84.45347050258091,
        84.44442422049386,
        84.43743351527623,
        84.43216378348214,
        84.42832292829242,
        84.4256569998605,
        84.4239480154855,
        84.42297690255302,
        84.42253875732422,
        84.42243085588727,
        84.37772260393415,
        84.37029375348773,
        84.3837890625,
        84.42203194754464,
        84.46280561174665,
        84.49146597726005,
        84.5070070539202,
        84.5064228602818,
        84.49067796979632,
        84.46620505196708,
        84.43880244663784,
        84.41312081473214,
        84.39295741489956,
        84.3798577444894,
        84.37331172398159,
        84.37178366524833,
        84.37319619315011,
        84.37538037981305,
        84.37671770368304,
        84.37633296421596,
        84.37403869628906,
        84.37014552525112,
        84.36529867989677,
        84.36024366106305,
        84.35560607910156,
        84.35179901123047,
        84.34900447300502,
        84.34720066615513,
        84.34620993477958,
        84.3457750592913
    ],