{
    "testproblem": "quadratic_deep",
    "batch_size": 128,
    "num_epochs": 100,
    "random_seed": 42,
    "l2_reg": null,
    "optimizer_name": "GradientDescentOptimizer",
    "optimizer_hyperparams": {
        "learning_rate": 0.0006290644294586146
    },
    "training_params": {
        "lr_sched_epochs": [],
        "lr_sched_factors": []
    },
    "train_losses": [
        347.13721139090404,
        275.21839686802457,
        224.69396318708147,
        189.0593719482422,
        163.8318634033203,
        145.90718514578683,
        133.12599182128906,
        123.9798093523298,
        117.41070338657924,
        112.67397199358258,
        109.24362400599888,
        106.74697984967914,
        104.91920362200055,
        103.57162475585938,
        102.56949288504464,
        101.81634630475726,
        101.24299839564732,
        100.79972730364118,
        100.45074135916573,
        100.17023141043526,
        99.93955884660993,
        99.74524470738002,
        99.57752227783203,
        99.42932673863002,
        99.29551260811942,
        99.17234366280692,
        99.05711037772042,
        98.94783346993583,
        98.84306880405971,
        98.74175698416573,
        98.6431383405413,
        98.54664938790458,
        98.45186941964286,
        98.3584965297154,
        98.26631273542132,
        98.17514910016742,
        98.0848890032087,
        97.99543980189732,
        97.90673065185547,
        97.81871468680245,
        97.73135484967914,
        97.64462171282086,
        97.55849020821708,
        97.4729472569057,
        97.38797651018415,
        97.30356706891742,
        97.21971130371094,
        97.13639613560268,
        97.05362374441964,
        96.97137887137276,
        96.88966478620257,
        96.80847603934151,
        96.72780391148159,
        96.64764731270927,
        96.56799643380302,
        96.48885781424386,
        96.41022164481026,
        96.33208465576172,
        96.2544424874442,
        96.17729187011719,
        96.10063062395368,
        96.02445438929966,
        95.94875989641461,
        95.87354823521206,
        95.79880632672992,
        95.72454398018974,
        95.65074593680245,
        95.5774165562221,
        95.50455256870815,
        95.43214089529855,
        95.36019134521484,
        95.2886984688895,
        95.21764809744698,
        95.14705221993583,
        95.07689557756696,
        95.00718252999442,
        94.93790653773716,
        94.86907087053571,
        94.8006613595145,
        94.7326910836356,
        94.66514260428292,
        94.59801810128349,
        94.53131430489677,
        94.46502903529576,
        94.39915793282645,
        94.33370099748883,
        94.26865495954242,
        94.20401327950614,
        94.13977813720703,
        94.07594735281808,
        94.01250893729073,
        93.94947052001953,
        93.88682883126395,
        93.82457188197544,
        93.76270512172154,
        93.70122419084821,
        93.64013235909599,
        93.57941654750279,
        93.51907784598214,
        93.45911516462054,
        93.39952632359096
    ],
    "valid_losses": [
        349.22410365513394,
        277.04207938058033,
        226.2736554827009,
        190.4158434186663,
        164.98617117745536,
        146.8799329485212,
        133.9368155343192,
        124.64705221993583,
        117.95126233782086,
        113.1032213483538,
        109.57544599260602,
        106.99378967285156,
        105.09204864501953,
        103.68028041294643,
        102.622560773577,
        101.82137516566685,
        101.2065909249442,
        100.72764151436942,
        100.34797014508929,
        100.04111807686942,
        99.78785269601005,
        99.57419150216239,
        99.38991873604911,
        99.22758265904018,
        99.08170209612165,
        98.94825199672154,
        98.82426234654018,
        98.7075435093471,
        98.59645516531808,
        98.48978969029018,
        98.38663482666016,
        98.28630937848773,
        98.18830217633929,
        98.0922110421317,
        97.99775150844029,
        97.9046859741211,
        97.81283569335938,
        97.72206769670758,
        97.63228171212333,
        97.54337746756417,
        97.45530264718192,
        97.3679951259068,
        97.28141566685268,
        97.19552176339286,
        97.11029052734375,
        97.02569580078125,
        96.94172123500279,
        96.85834394182477,
        96.77554866245815,
        96.69332667759487,
        96.61166599818638,
        96.53055790492466,
        96.44998931884766,
        96.36995370047433,
        96.29044995989118,
        96.21146283830915,
        96.13299342564174,
        96.05503191266742,
        95.97757284981864,
        95.90061841692243,
        95.82415662493024,
        95.74818529401507,
        95.67269788469586,
        95.59769657679966,
        95.52317483084542,
        95.44912610735211,
        95.37554495675224,
        95.30243791852679,
        95.2297864641462,
        95.15760258265904,
        95.08587319510323,
        95.01460266113281,
        94.9437735421317,
        94.87339891706195,
        94.803466796875,
        94.73397391183036,
        94.6649191720145,
        94.59630366734096,
        94.52811976841518,
        94.46036747523716,
        94.39303261893136,
        94.32612827845982,
        94.25964246477399,
        94.19357517787388,
        94.12791878836495,
        94.06267874581474,
        93.99784524100167,
        93.93341936383929,
        93.86939566476005,
        93.80577523367745,
        93.74255262102399,
        93.67972782679966,
        93.61729104178292,
        93.5552477155413,
        93.49358912876674,
        93.43231419154576,
        93.37142617361886,
        93.31091744559151,
        93.2507825578962,
        93.19102696010044,
        93.13164302280971
    ],