{
    "testproblem": "quadratic_deep",
    "batch_size": 128,
    "num_epochs": 100,
    "random_seed": 42,
    "l2_reg": null,
    "optimizer_name": "AdamOptimizer",
    "optimizer_hyperparams": {
        "learning_rate": 0.00036618192203924285,
        "beta1": 0.871196950380484,
        "beta2": 0.8133770242960744,
        "epsilon": 1e-08,
        "use_locking": false
    },
    "training_params": {
        "lr_sched_epochs": [
            1,
            2,
            3,
            4,
            5,
            6,
            7,
            8,
            9,
            10,
            11,
            12,
            13,
            14,
            15,
            16,
            17,
            18,
            19,
            20,
            21,
            22,
            23,
            24,
            25,
            26,
            27,
            28,
            29,
            30,
            31,
            32,
            33,
            34,
            35,
            36,
            37,
            38,
            39,
            40,
            41,
            42,
            43,
            44,
            45,
            46,
            47,
            48,
            49,
            50,
            51,
            52,
            53,
            54,
            55,
            56,
            57,
            58,
            59,
            60,
            61,
            62,
            63,
            64,
            65,
            66,
            67,
            68,
            69,
            70,
            71,
            72,
            73,
            74,
            75,
            76,
            77,
            78,
            79,
            80,
            81,
            82,
            83,
            84,
            85,
            86,
            87,
            88,
            89,
            90,
            91,
            92,
            93,
            94,
            95,
            96,
            97,
            98,
            99,
            100
        ],
        "lr_sched_factors": [
            0.1,
            0.2,
            0.3,
            0.4,
            0.5,
            0.6,
            0.7,
            0.8,
            0.9,
            1.0,
            1.0,
            1.0,
            1.0,
            1.0,
            1.0,
            1.0,
            1.0,
            1.0,
            1.0,
            1.0,
            1.0,
            1.0,
            1.0,
            1.0,
            1.0,
            1.0,
            1.0,
            1.0,
            1.0,
            1.0,
            1.0,
            1.0,
            1.0,
            1.0,
            1.0,
            1.0,
            1.0,
            1.0,
            1.0,
            1.0,
            1.0,
            1.0,
            1.0,
            1.0,
            1.0,
            1.0,
            1.0,
            1.0,
            1.0,
            1.0,
            1.0,
            1.0,
            1.0,
            1.0,
            1.0,
            1.0,
            1.0,
            1.0,
            1.0,
            1.0,
            1.0,
            1.0,
            1.0,
            1.0,
            1.0,
            1.0,
            1.0,
            1.0,
            1.0,
            1.0,
            1.0,
            1.0,
            1.0,
            1.0,
            1.0,
            1.0,
            1.0,
            1.0,
            1.0,
            1.0,
            1.0,
            1.0,
            1.0,
            1.0,
            1.0,
            1.0,
            1.0,
            1.0,
            1.0,
            1.0,
            0.9090909090909091,
            0.8181818181818181,
            0.7272727272727273,
            0.6363636363636364,
            0.5454545454545454,
            0.4545454545454546,
            0.36363636363636365,
            0.2727272727272727,
            0.18181818181818177,
            0.09090909090909094
        ]
    },
    "train_losses": [
        312.37255859375,
        309.6276550292969,
        309.3545401436942,
        308.8090297154018,
        307.99231392996654,
        306.90614100864957,
        305.55284336635043,
        303.93543788364957,
        302.0575256347656,
        299.92335728236606,
        297.537841796875,
        294.9064505440848,
        292.2953534807478,
        289.7047903878348,
        287.1348789760045,
        284.5856628417969,
        282.05709402901783,
        279.5491245814732,
        277.0617152622768,
        274.5948181152344,
        272.14830235072543,
        269.72215053013394,
        267.3162536621094,
        264.9305332728795,
        262.56494140625,
        260.21936471121654,
        257.89372689383373,
        255.58794730050224,
        253.3019539969308,
        251.03568812779017,
        248.78907993861608,
        246.56208147321428,
        244.35464477539062,
        242.16672842843192,
        239.99828447614397,
        237.8492889404297,
        235.71970912388392,
        233.6095188685826,
        231.51867457798548,
        229.44716099330358,
        227.3949432373047,
        225.36201695033483,
        223.34832763671875,
        221.35386439732142,
        219.37859671456474,
        217.42248753138952,
        215.48553248814173,
        213.5676727294922,
        211.6688973563058,
        209.78918675013952,
        207.9285125732422,
        206.08684430803572,
        204.26414925711495,
        202.46038164411272,
        200.6755131312779,
        198.9095197405134,
        197.16236659458704,
        195.43399047851562,
        193.72434997558594,
        192.0333469935826,
        190.36090741838728,
        188.70697457449776,
        187.07147216796875,
        185.45437622070312,
        183.8556649344308,
        182.27529907226562,
        180.71325901576452,
        179.16951424734933,
        177.64405386788505,
        176.1368647984096,
        174.64791434151786,
        173.17718505859375,
        171.72466823032923,
        170.29034641810827,
        168.87420872279577,
        167.4762224469866,
        166.0963854108538,
        164.73467363630022,
        163.3910675048828,
        162.0655517578125,
        160.75814383370536,
        159.46880231584822,
        158.19751848493303,
        156.94427054268974,
        155.70906720842635,
        154.49188450404577,
        153.29271153041296,
        152.1115439278739,
        150.94837079729353,
        149.8031747000558,
        148.67595781598772,
        147.56669398716517,
        146.5739266531808,
        145.69334847586495,
        144.92098345075334,
        144.25326538085938,
        143.6869855608259,
        143.21940176827567,
        142.8481903076172,
        142.57149396623885,
        142.38785443987166
    ],