{
    "testproblem": "quadratic_deep",
    "batch_size": 128,
    "num_epochs": 100,
    "random_seed": 42,
    "l2_reg": null,
    "optimizer_name": "RMSPropOptimizer",
    "optimizer_hyperparams": {
        "learning_rate": 0.04562022131492798,
        "decay": 0.9969351500246143,
        "momentum": 0.0,
        "epsilon": 1e-10,
        "use_locking": false,
        "centered": false
    },
    "training_params": {
        "lr_sched_epochs": null,
        "lr_sched_factors": null
    },
    "train_losses": [
        355.276114327567,
        101.81317247663226,
        96.83306230817523,
        94.09900774274554,
        92.10794503348214,
        90.74844360351562,
        89.7393297467913,
        88.98953792027065,
        88.41843087332589,
        87.97586495535714,
        87.62735748291016,
        87.34878649030414,
        87.12315586635044,
        86.9382574898856,
        86.78513554164341,
        86.65716552734375,
        86.54933820452008,
        86.4578377859933,
        86.37967790876117,
        86.31254250662667,
        86.25456891741071,
        86.20427594866071,
        86.16045379638672,
        86.12212807791573,
        86.08847263881138,
        86.05881936209542,
        86.03261130196708,
        86.00937216622489,
        85.98870849609375,
        85.97027696881976,
        85.95379856654576,
        85.93901824951172,
        85.92573983328683,
        85.91377694266183,
        85.90297480991909,
        85.89319937569755,
        85.88433619907924,
        85.87628827776227,
        85.86895751953125,
        85.86227199009487,
        85.85616738455636,
        85.8505859375,
        85.84546988351005,
        85.84077671595982,
        85.83646828787667,
        85.83250209263393,
        85.828859601702,
        85.82549721854073,
        85.82240077427456,
        85.81954302106585,
        85.81690652029855,
        85.81446838378906,
        85.81221989222935,
        85.81014142717633,
        85.80821990966797,
        85.80644880022321,
        85.8048095703125,
        85.8032956804548,
        85.80189732142857,
        85.8006090436663,
        85.79942212785993,
        85.79833003452846,
        85.79731968470982,
        85.79639652797154,
        85.79554639543805,
        85.79477364676339,
        85.79405103410993,
        85.79342324393136,
        85.7927987234933,
        85.79233006068638,
        85.79170772007534,
        85.79155949183873,
        85.79054151262555,
        85.79160853794643,
        85.7882319859096,
        85.7960183279855,
        85.78159986223493,
        85.84806278773716,
        85.87618037632534,
        86.80266353062221,
        87.10797991071429,
        86.75862121582031,
        85.91407012939453,
        85.84495435442243,
        85.75880868094308,
        85.76552363804409,
        85.75546591622489,
        85.75831930977958,
        85.75755092075893,
        85.75883047921317,
        85.75947897774833,
        85.76044682094029,
        85.7612555367606,
        85.76219177246094,
        85.76293182373047,
        85.76389421735492,
        85.76451328822544,
        85.76552472795758,
        85.76599666050502,
        85.76708875383649,
        85.76736777169364
    ],
    "valid_losses": [
        353.8127659388951,
        102.65947941371373,
        97.55331311907086,
        94.87754494803292,
        92.88586752755302,
        91.54785592215401,
        90.54353441510882,
        89.80520193917411,
        89.23947252546039,
        88.80378723144531,
        88.45990426199776,
        88.18590327671596,
        87.96385519845145,
        87.78216334751674,
        87.63169751848493,
        87.50602286202567,
        87.4001214163644,
        87.31024932861328,
        87.23346383231026,
        87.16747283935547,
        87.11045837402344,
        87.06095668247768,
        87.01778411865234,
        86.97997937883649,
        86.94674355643136,
        86.91742597307477,
        86.89147295270648,
        86.86842346191406,
        86.84789385114398,
        86.82955605643136,
        86.81312779017857,
        86.79837690080915,
        86.78509412493024,
        86.77310180664062,
        86.7622538975307,
        86.75242287772042,
        86.74348885672433,
        86.73535592215401,
        86.72794124058315,
        86.72116524832589,
        86.71496473039899,
        86.7092786516462,
        86.70406341552734,
        86.69926997593471,
        86.69485800606864,
        86.69078935895648,
        86.68704223632812,
        86.68357849121094,
        86.68038177490234,
        86.67742374965123,
        86.67468697684151,
        86.67215183803013,
        86.66980416434151,
        86.66762869698661,
        86.66561344691685,
        86.66373988560268,
        86.66200692313058,
        86.66039712088448,
        86.65890611921039,
        86.65752192905971,
        86.65623692103794,
        86.65505000523159,
        86.65394701276507,
        86.65292576381138,
        86.6519775390625,
        86.65111214773995,
        86.65028381347656,
        86.64956556047711,
        86.64882223946708,
        86.64828709193638,
        86.64749690464565,
        86.64738246372768,
        86.64596993582589,
        86.64755140032086,
        86.64266313825335,
        86.65359497070312,
        86.63129098074776,
        86.71662357875279,
        86.69754464285714,
        87.73114885602679,
        87.85015651157924,
        87.69554029192243,
        86.70467485700335,
        86.7227554321289,
        86.5875985281808,
        86.6217019217355,
        86.59672001429966,
        86.60830906459263,
        86.60282352992466,
        86.60718972342355,
        86.6062752859933,
        86.6084965297154,
        86.60877336774554,
        86.61032540457589,
        86.61089542933873,
        86.61222839355469,
        86.61279950823102,
        86.61408342633929,
        86.61453683035714,
        86.61587306431362,
        86.61610630580357
    ],