{
    "testproblem": "quadratic_deep",
    "batch_size": 128,
    "num_epochs": 100,
    "random_seed": 42,
    "l2_reg": null,
    "optimizer_name": "AdagradOptimizer",
    "optimizer_hyperparams": {
        "learning_rate": 0.29154431891537524,
        "initial_accumulator_value": 0.1,
        "use_locking": false
    },
    "training_params": {
        "lr_sched_epochs": [],
        "lr_sched_factors": []
    },
    "train_losses": [
        481.1281433105469,
        117.62459782191685,
        113.67344774518695,
        110.9629156930106,
        108.92334856305804,
        107.330324445452,
        106.05523790631976,
        105.01558794294085,
        104.15515027727399,
        103.43407004220145,
        102.82325526646206,
        102.30096108572823,
        101.85064043317523,
        101.45948791503906,
        101.11745234898159,
        100.81655883789062,
        100.55039978027344,
        100.31376647949219,
        100.10242135184151,
        99.91285269601005,
        99.74214390345982,
        99.58785792759487,
        99.44794464111328,
        99.32065037318638,
        99.20450483049665,
        99.09823281424386,
        99.00074223109654,
        98.91108921595982,
        98.82845306396484,
        98.75211443219867,
        98.68145533970424,
        98.61592102050781,
        98.5550286429269,
        98.4983411516462,
        98.44549451555524,
        98.39613887241909,
        98.3499755859375,
        98.30674089704242,
        98.2661852155413,
        98.22809382847377,
        98.19226837158203,
        98.15853881835938,
        98.12674168178013,
        98.0967298235212,
        98.06837572370257,
        98.0415518624442,
        98.0161623273577,
        97.99209267752511,
        97.96926770891461,
        97.94759041922433,
        97.92698342459542,
        97.90738786969867,
        97.88873291015625,
        97.87095533098493,
        97.85400935581752,
        97.83783067975726,
        97.82238115583148,
        97.807619367327,
        97.79349953787667,
        97.77998679024833,
        97.76704733712333,
        97.75464739118304,
        97.74275534493583,
        97.73134286063058,
        97.7203859601702,
        97.7098617553711,
        97.69974517822266,
        97.6900133405413,
        97.68065098353794,
        97.67163412911552,
        97.66294860839844,
        97.65457589285714,
        97.64650072370257,
        97.63870784214565,
        97.63119070870536,
        97.62392752511161,
        97.61691066196987,
        97.61012268066406,
        97.60356794084821,
        97.59721374511719,
        97.59107099260602,
        97.58512333461216,
        97.57935769217355,
        97.57377188546317,
        97.56835610525948,
        97.56310708182198,
        97.55800519670758,
        97.55305916922433,
        97.54825701032367,
        97.54359218052456,
        97.53906141008649,
        97.53465053013393,
        97.53036281040737,
        97.52619171142578,
        97.52213832310268,
        97.51818520682198,
        97.51434326171875,
        97.51059940883091,
        97.50695255824498,
        97.50339617047992,
        97.49993242536273
    ],
    "valid_losses": [
        482.8491995675223,
        113.32562473842076,
        109.30582754952567,
        106.5748269217355,
        104.52994537353516,
        102.93666185651507,
        101.66312626429966,
        100.6255874633789,
        99.76733507428851,
        99.04830278669085,
        98.43932451520648,
        97.91864885602679,
        97.46973746163505,
        97.07979583740234,
        96.73881094796317,
        96.43881552559989,
        96.17343248639789,
        95.9374749319894,
        95.7267096383231,
        95.5376477922712,
        95.36737932477679,
        95.21348244803292,
        95.07390594482422,
        94.94691467285156,
        94.83104378836495,
        94.72501373291016,
        94.62774985177177,
        94.53829956054688,
        94.45584978376117,
        94.3796877179827,
        94.30919429234096,
        94.24381474086216,
        94.18307386125836,
        94.12653568812779,
        94.07382420131138,
        94.02460697719029,
        93.97857775006976,
        93.9354716709682,
        93.89504568917411,
        93.85708291190011,
        93.82138933454242,
        93.78778403145927,
        93.75611441476005,
        93.72622789655414,
        93.69800240652901,
        93.67130824497768,
        93.6460429600307,
        93.62210736955915,
        93.59940447126117,
        93.5778579711914,
        93.55738721575055,
        93.53792245047433,
        93.51939501081195,
        93.50174931117466,
        93.48493194580078,
        93.46888841901507,
        93.45357295445034,
        93.4389419555664,
        93.42495945521763,
        93.41158294677734,
        93.39876883370536,
        93.38650076729911,
        93.37474714006696,
        93.36346544538226,
        93.35264369419643,
        93.34225245884487,
        93.33226776123047,
        93.32266671316964,
        93.31343732561383,
        93.30454908098493,
        93.29599434988839,
        93.28775569370815,
        93.2798091343471,
        93.27215140206474,
        93.26476069859096,
        93.25762721470424,
        93.25073678152901,
        93.24408503941127,
        93.2376480102539,
        93.23143114362445,
        93.2254148210798,
        93.21958705357143,
        93.21395111083984,
        93.20848955426898,
        93.20319475446429,
        93.1980699811663,
        93.19308907645089,
        93.18826838902065,
        93.18358285086495,
        93.17904009137835,
        93.17462158203125,
        93.17033386230469,
        93.1661616734096,
        93.16211373465401,
        93.15817151750836,
        93.15433938162667,
        93.1506118774414,
        93.14698028564453,
        93.14344569614956,
        93.14000265938895,
        93.1366468157087
    ],