{
    "testproblem": "quadratic_deep",
    "batch_size": 128,
    "num_epochs": 100,
    "random_seed": 46,
    "l2_reg": null,
    "optimizer_name": "RAdamOptimizer",
    "optimizer_hyperparams": {
        "learning_rate": 0.024637685958997447,
        "beta1": 0.9464283452816183,
        "beta2": 0.8158998845429736,
        "epsilon": 1e-07
    },
    "training_params": {
        "lr_sched_epochs": [
            1,
            2,
            3,
            4,
            5,
            6,
            7,
            8,
            9,
            10,
            11,
            12,
            13,
            14,
            15,
            16,
            17,
            18,
            19,
            20,
            21,
            22,
            23,
            24,
            25,
            26,
            27,
            28,
            29,
            30,
            31,
            32,
            33,
            34,
            35,
            36,
            37,
            38,
            39,
            40,
            41,
            42,
            43,
            44,
            45,
            46,
            47,
            48,
            49,
            50,
            51,
            52,
            53,
            54,
            55,
            56,
            57,
            58,
            59,
            60,
            61,
            62,
            63,
            64,
            65,
            66,
            67,
            68,
            69,
            70,
            71,
            72,
            73,
            74,
            75,
            76,
            77,
            78,
            79,
            80,
            81,
            82,
            83,
            84,
            85,
            86,
            87,
            88,
            89,
            90,
            91,
            92,
            93,
            94,
            95,
            96,
            97,
            98,
            99,
            100
        ],
        "lr_sched_factors": [
            0.1,
            0.2,
            0.3,
            0.4,
            0.5,
            0.6,
            0.7,
            0.8,
            0.9,
            1.0,
            1.0,
            1.0,
            1.0,
            1.0,
            1.0,
            1.0,
            1.0,
            1.0,
            1.0,
            1.0,
            1.0,
            1.0,
            1.0,
            1.0,
            1.0,
            1.0,
            1.0,
            1.0,
            1.0,
            1.0,
            1.0,
            1.0,
            1.0,
            1.0,
            1.0,
            1.0,
            1.0,
            1.0,
            1.0,
            1.0,
            1.0,
            1.0,
            1.0,
            1.0,
            1.0,
            1.0,
            1.0,
            1.0,
            1.0,
            1.0,
            1.0,
            1.0,
            1.0,
            1.0,
            1.0,
            1.0,
            1.0,
            1.0,
            1.0,
            1.0,
            1.0,
            1.0,
            1.0,
            1.0,
            1.0,
            1.0,
            1.0,
            1.0,
            1.0,
            1.0,
            1.0,
            1.0,
            1.0,
            1.0,
            1.0,
            1.0,
            1.0,
            1.0,
            1.0,
            1.0,
            1.0,
            1.0,
            1.0,
            1.0,
            1.0,
            1.0,
            1.0,
            1.0,
            1.0,
            1.0,
            0.9090909090909091,
            0.8181818181818181,
            0.7272727272727273,
            0.6363636363636364,
            0.5454545454545454,
            0.4545454545454546,
            0.36363636363636365,
            0.2727272727272727,
            0.18181818181818177,
            0.09090909090909094
        ]
    },
    "train_losses": [
        354.0567539760045,
        112.68299974714007,
        111.75176130022321,
        107.75189099993024,
        102.61615317208427,
        102.4069322858538,
        105.24466051374164,
        102.20951734270368,
        97.63701411655971,
        98.21934400285993,
        96.82536206926618,
        93.43368857247489,
        93.15810285295758,
        91.52893938337054,
        90.28624289376395,
        89.40852464948382,
        88.72493634905133,
        87.73221915108817,
        87.6262697492327,
        86.68262372698102,
        86.65159388950893,
        86.04102434430804,
        86.0254636492048,
        85.60186876569476,
        85.55447605678013,
        85.30526733398438,
        85.22634451729911,
        85.09378705705915,
        85.01491982596261,
        84.9143796648298,
        84.86494990757534,
        84.8111092703683,
        84.75867353166852,
        84.71695818219867,
        84.69444274902344,
        84.66413879394531,
        84.63527461460659,
        84.62191990443638,
        84.60407366071429,
        84.58834838867188,
        84.57601274762835,
        84.56531306675502,
        84.55602155412946,
        84.54731096540179,
        84.53881944928851,
        84.53267015729632,
        84.52712576729911,
        84.5202157156808,
        84.51559884207589,
        84.51146806989398,
        84.50640978131976,
        84.502683367048,
        84.49914005824498,
        84.49538748604911,
        84.49246978759766,
        84.4893569946289,
        84.48633793422154,
        84.4840327671596,
        84.48137991768974,
        84.47886439732143,
        84.47689383370536,
        84.47468784877232,
        84.4726082938058,
        84.47083173479352,
        84.46897561209542,
        84.4672600882394,
        84.46567099434989,
        84.4640622820173,
        84.46261596679688,
        84.46121978759766,
        84.45982142857143,
        84.45856584821429,
        84.45734078543526,
        84.45613534109933,
        84.45502035958427,
        84.45393807547433,
        84.45289829799107,
        84.45190865652901,
        84.4509506225586,
        84.45003945486886,
        84.44916207449776,
        84.4483141217913,
        84.44750867571149,
        84.4467272077288,
        84.44597407749721,
        84.44525800432477,
        84.44455936976841,
        84.44389343261719,
        84.44324929373605,
        84.442626953125,
        84.44202859061105,
        84.44145202636719,
        84.44020298549107,
        84.43891034807477,
        84.43815067836216,
        84.43750544956752,
        84.43686131068638,
        84.43631417410714,
        84.43589237758091,
        84.43558502197266,
        84.43537902832031
    ],