{
    "testproblem": "quadratic_deep",
    "batch_size": 128,
    "num_epochs": 100,
    "random_seed": 42,
    "l2_reg": null,
    "optimizer_name": "GradientDescentOptimizer",
    "optimizer_hyperparams": {
        "learning_rate": 0.0017654048052495065
    },
    "training_params": {
        "lr_sched_epochs": [],
        "lr_sched_factors": []
    },
    "train_losses": [
        238.50169372558594,
        154.05388532366072,
        128.03248160226005,
        119.61489650181362,
        116.63819013323102,
        115.39259883335659,
        114.71739196777344,
        114.23914555140904,
        113.83400181361607,
        113.45949990408761,
        113.10051836286273,
        112.75143868582589,
        112.41004071916852,
        112.07538059779576,
        111.74700164794922,
        111.4246335710798,
        111.10809871128627,
        110.79725646972656,
        110.49198041643415,
        110.19215720040458,
        109.89767674037388,
        109.60844094412667,
        109.32434517996651,
        109.04529353550502,
        108.77118573869977,
        108.5019291469029,
        108.23743220738002,
        107.97760445731026,
        107.72235979352679,
        107.4716055733817,
        107.22526114327567,
        106.98324584960938,
        106.74547467912946,
        106.51187242780414,
        106.2823508126395,
        106.05684334891183,
        105.83527047293526,
        105.61756025041852,
        105.4036374773298,
        105.1934313092913,
        104.98687635149274,
        104.78390066964286,
        104.58444104875836,
        104.38843100411552,
        104.195798601423,
        104.00649152483258,
        103.82044219970703,
        103.6375972202846,
        103.4578857421875,
        103.28125980922154,
        103.10765402657645,
        102.93701607840401,
        102.76929691859654,
        102.60443660191127,
        102.44237954275948,
        102.28308214460101,
        102.12648446219308,
        101.97254725864956,
        101.82121276855469,
        101.6724363054548,
        101.52617536272321,
        101.3823732648577,
        101.24099840436664,
        101.10199410574776,
        100.96532549176898,
        100.83094678606305,
        100.69881439208984,
        100.56889016287667,
        100.44113595145089,
        100.31550925118583,
        100.1919675554548,
        100.07048034667969,
        99.95100838797433,
        99.83351135253906,
        99.71796090262276,
        99.60431235177177,
        99.49253845214844,
        99.38260541643415,
        99.27447509765625,
        99.16812351771763,
        99.06350816999164,
        98.96060725620815,
        98.85938153948102,
        98.75980704171317,
        98.66185651506696,
        98.56548963274274,
        98.47069113595145,
        98.37742723737445,
        98.28567068917411,
        98.19539097377232,
        98.10657174246651,
        98.01917920793805,
        97.93318830217633,
        97.84857613699776,
        97.76532200404576,
        97.68339538574219,
        97.60277339390346,
        97.523439679827,
        97.44536481584821,
        97.36853463309151,
        97.29291207449776
    ],
    "valid_losses": [
        236.8025883265904,
        153.89744785853796,
        128.63563101632255,
        120.59054674421039,
        117.79560089111328,
        116.63818359375,
        116.00547354561942,
        115.54757145472935,
        115.1521497453962,
        114.78231375558036,
        114.42564065115792,
        114.0777838570731,
        113.7371346609933,
        113.40301186697823,
        113.07508741106305,
        112.75313132149833,
        112.43700735909599,
        112.12656838553292,
        111.82169886997768,
        111.52227674211774,
        111.22819410051618,
        110.93935176304409,
        110.65564618791852,
        110.3769771030971,
        110.1032464163644,
        109.83436366489956,
        109.57023184640067,
        109.31077030726841,
        109.05588204520089,
        108.80548749651227,
        108.55949183872768,
        108.31781441824776,
        108.08038221086774,
        107.84711347307477,
        107.61792319161552,
        107.39273943219867,
        107.17148699079242,
        106.95409066336495,
        106.74047742571149,
        106.53057970319476,
        106.32433101109096,
        106.12165287562779,
        105.92248208182198,
        105.72676195417132,
        105.53441510881696,
        105.34539249965123,
        105.1596189226423,
        104.97704751150948,
        104.797605242048,
        104.62124415806362,
        104.4478999546596,
        104.27752358572823,
        104.1100572858538,
        103.94544328962054,
        103.78363800048828,
        103.62458038330078,
        103.46822466169085,
        103.31452069963727,
        103.16342054094586,
        103.01487186976841,
        102.86883871895927,
        102.72526332310268,
        102.58410099574498,
        102.44531576974052,
        102.3088618687221,
        102.17469242640904,
        102.04276602608817,
        101.91304452078683,
        101.78548867361886,
        101.6600592476981,
        101.53671591622489,
        101.41541944231305,
        101.29613603864398,
        101.17882428850446,
        101.06345476422992,
        100.94999149867466,
        100.83839198521206,
        100.72863333565849,
        100.6206784929548,
        100.51449366978237,
        100.41004943847656,
        100.30730983189174,
        100.20624542236328,
        100.10683223179409,
        100.00903647286552,
        99.91282871791294,
        99.81818062918526,
        99.72506495884487,
        99.63345663888114,
        99.54332188197544,
        99.45464760916573,
        99.36739458356585,
        99.2815410069057,
        99.19706726074219,
        99.11394500732422,
        99.03214917864118,
        98.95166015625,
        98.87245614188058,
        98.79450334821429,
        98.71779414585659,
        98.64229583740234
    ],