{
    "testproblem": "quadratic_deep",
    "batch_size": 128,
    "num_epochs": 100,
    "random_seed": 42,
    "l2_reg": null,
    "optimizer_name": "MomentumOptimizer",
    "optimizer_hyperparams": {
        "learning_rate": 0.0021066486017042195,
        "momentum": 0.0015512259126484742,
        "use_locking": false,
        "use_nesterov": false
    },
    "training_params": {
        "lr_sched_epochs": [
            1,
            2,
            3,
            4,
            5,
            6,
            7,
            8,
            9,
            10,
            11,
            12,
            13,
            14,
            15,
            16,
            17,
            18,
            19,
            20,
            21,
            22,
            23,
            24,
            25,
            26,
            27,
            28,
            29,
            30,
            31,
            32,
            33,
            34,
            35,
            36,
            37,
            38,
            39,
            40,
            41,
            42,
            43,
            44,
            45,
            46,
            47,
            48,
            49,
            50,
            51,
            52,
            53,
            54,
            55,
            56,
            57,
            58,
            59,
            60,
            61,
            62,
            63,
            64,
            65,
            66,
            67,
            68,
            69,
            70,
            71,
            72,
            73,
            74,
            75,
            76,
            77,
            78,
            79,
            80,
            81,
            82,
            83,
            84,
            85,
            86,
            87,
            88,
            89,
            90,
            91,
            92,
            93,
            94,
            95,
            96,
            97,
            98,
            99,
            100
        ],
        "lr_sched_factors": [
            0.1,
            0.2,
            0.3,
            0.4,
            0.5,
            0.6,
            0.7,
            0.8,
            0.9,
            1.0,
            1.0,
            1.0,
            1.0,
            1.0,
            1.0,
            1.0,
            1.0,
            1.0,
            1.0,
            1.0,
            1.0,
            1.0,
            1.0,
            1.0,
            1.0,
            1.0,
            1.0,
            1.0,
            1.0,
            1.0,
            1.0,
            1.0,
            1.0,
            1.0,
            1.0,
            1.0,
            1.0,
            1.0,
            1.0,
            1.0,
            1.0,
            1.0,
            1.0,
            1.0,
            1.0,
            1.0,
            1.0,
            1.0,
            1.0,
            1.0,
            1.0,
            1.0,
            1.0,
            1.0,
            1.0,
            1.0,
            1.0,
            1.0,
            1.0,
            1.0,
            1.0,
            1.0,
            1.0,
            1.0,
            1.0,
            1.0,
            1.0,
            1.0,
            1.0,
            1.0,
            1.0,
            1.0,
            1.0,
            1.0,
            1.0,
            1.0,
            1.0,
            1.0,
            1.0,
            1.0,
            1.0,
            1.0,
            1.0,
            1.0,
            1.0,
            1.0,
            1.0,
            1.0,
            1.0,
            1.0,
            0.9090909090909091,
            0.8181818181818181,
            0.7272727272727273,
            0.6363636363636364,
            0.5454545454545454,
            0.4545454545454546,
            0.36363636363636365,
            0.2727272727272727,
            0.18181818181818177,
            0.09090909090909094
        ]
    },
    "train_losses": [
        250.27088056291853,
        145.09367152622767,
        140.92723737444197,
        134.0550537109375,
        126.5757086617606,
        120.16153935023716,
        115.52780478341239,
        112.57285526820591,
        110.81985800606864,
        109.77721514020648,
        109.09179578508649,
        108.55720955984933,
        108.11139896937779,
        107.70177459716797,
        107.31043788364956,
        106.93102264404297,
        106.56111363002232,
        106.19969831194196,
        105.84628513881138,
        105.50055694580078,
        105.16229139055524,
        104.83129119873047,
        104.50737653459821,
        104.19037737165179,
        103.88013349260602,
        103.57648359026227,
        103.27927834647042,
        102.98836735316685,
        102.703611101423,
        102.42485918317523,
        102.1519753592355,
        101.88483428955078,
        101.62329428536552,
        101.36723000662667,
        101.11652483258929,
        100.8710457938058,
        100.63067735944476,
        100.39530399867466,
        100.1648178100586,
        99.93909999302456,
        99.71804809570312,
        99.50154985700335,
        99.28950827462333,
        99.08182743617466,
        98.87839835030692,
        98.67913055419922,
        98.4839335850307,
        98.29271153041294,
        98.10537610735211,
        97.92184775216239,
        97.74202837262835,
        97.56584821428571,
        97.39321572440011,
        97.22406114850726,
        97.05829620361328,
        96.89586203438895,
        96.73667253766742,
        96.58065795898438,
        96.42774745396206,
        96.27787671770368,
        96.13097817557198,
        95.98698207310268,
        95.84583064488002,
        95.70745631626674,
        95.57180677141461,
        95.43881225585938,
        95.30841718401227,
        95.18056815011161,
        95.05520956856864,
        94.93228912353516,
        94.81174904959542,
        94.69354139055524,
        94.5776116507394,
        94.4639173235212,
        94.35240827287946,
        94.24303654261998,
        94.13575199672154,
        94.03051866803851,
        93.92727879115513,
        93.82600620814732,
        93.72664533342633,
        93.62916673932757,
        93.53352900913784,
        93.43968963623047,
        93.34760066441127,
        93.25724356515067,
        93.16856493268695,
        93.08154405866351,
        92.99613952636719,
        92.91231645856585,
        92.83004106794085,
        92.74928283691406,
        92.67679813929966,
        92.61244528634208,
        92.55598449707031,
        92.50716509137835,
        92.46576145717076,
        92.43156215122768,
        92.40439714704242,
        92.3841312953404,
        92.37067195347377
    ],