{
    "testproblem": "quadratic_deep",
    "batch_size": 128,
    "num_epochs": 100,
    "random_seed": 42,
    "l2_reg": null,
    "optimizer_name": "LookaheadOptimizerMBGDMomentum",
    "optimizer_hyperparams": {
        "learning_rate": 0.028338500373647917,
        "momentum": 0.9833601747926645,
        "use_nesterov": false,
        "k": 10,
        "alpha": 0.1264359014962394,
        "use_locking": false
    },
    "training_params": {
        "lr_sched_epochs": [
            1,
            2,
            3,
            4,
            5,
            6,
            7,
            8,
            9,
            10,
            11,
            12,
            13,
            14,
            15,
            16,
            17,
            18,
            19,
            20,
            21,
            22,
            23,
            24,
            25,
            26,
            27,
            28,
            29,
            30,
            31,
            32,
            33,
            34,
            35,
            36,
            37,
            38,
            39,
            40,
            41,
            42,
            43,
            44,
            45,
            46,
            47,
            48,
            49,
            50,
            51,
            52,
            53,
            54,
            55,
            56,
            57,
            58,
            59,
            60,
            61,
            62,
            63,
            64,
            65,
            66,
            67,
            68,
            69,
            70,
            71,
            72,
            73,
            74,
            75,
            76,
            77,
            78,
            79,
            80,
            81,
            82,
            83,
            84,
            85,
            86,
            87,
            88,
            89,
            90,
            91,
            92,
            93,
            94,
            95,
            96,
            97,
            98,
            99,
            100
        ],
        "lr_sched_factors": [
            0.1,
            0.2,
            0.3,
            0.4,
            0.5,
            0.6,
            0.7,
            0.8,
            0.9,
            1.0,
            1.0,
            1.0,
            1.0,
            1.0,
            1.0,
            1.0,
            1.0,
            1.0,
            1.0,
            1.0,
            1.0,
            1.0,
            1.0,
            1.0,
            1.0,
            1.0,
            1.0,
            1.0,
            1.0,
            1.0,
            1.0,
            1.0,
            1.0,
            1.0,
            1.0,
            1.0,
            1.0,
            1.0,
            1.0,
            1.0,
            1.0,
            1.0,
            1.0,
            1.0,
            1.0,
            1.0,
            1.0,
            1.0,
            1.0,
            1.0,
            1.0,
            1.0,
            1.0,
            1.0,
            1.0,
            1.0,
            1.0,
            1.0,
            1.0,
            1.0,
            1.0,
            1.0,
            1.0,
            1.0,
            1.0,
            1.0,
            1.0,
            1.0,
            1.0,
            1.0,
            1.0,
            1.0,
            1.0,
            1.0,
            1.0,
            1.0,
            1.0,
            1.0,
            1.0,
            1.0,
            1.0,
            1.0,
            1.0,
            1.0,
            1.0,
            1.0,
            1.0,
            1.0,
            1.0,
            1.0,
            0.9090909090909091,
            0.8181818181818181,
            0.7272727272727273,
            0.6363636363636364,
            0.5454545454545454,
            0.4545454545454546,
            0.36363636363636365,
            0.2727272727272727,
            0.18181818181818177,
            0.09090909090909094
        ]
    },
    "train_losses": [
        355.276114327567,
        182.45604596819197,
        135.42527553013392,
        224.58793204171317,
        417.1375427246094,
        153.47157505580358,
        219.0871342250279,
        197.29681614467077,
        353.90506853376115,
        155.98880876813615,
        192.35184151785714,
        165.7098148890904,
        112.43226405552456,
        104.74888392857143,
        119.92062595912388,
        121.8647962297712,
        123.21437290736607,
        91.97057015555245,
        104.73034994942802,
        97.03525216238839,
        100.05003356933594,
        101.28511919294085,
        92.43384878976005,
        88.60915701729911,
        97.58563995361328,
        94.96254076276507,
        92.52040100097656,
        87.528806413923,
        91.82393210274833,
        91.21449933733258,
        95.24790845598493,
        97.50439453125,
        88.37245178222656,
        85.92369297572544,
        102.12052045549665,
        100.8921138218471,
        96.36154283796039,
        87.26717812674386,
        90.95767756870815,
        92.17822156633649,
        95.0165514264788,
        95.14149366106305,
        87.69466182163784,
        85.27342551095145,
        100.547609601702,
        97.90399605887276,
        92.92191205705915,
        87.50572095598493,
        89.85312870570591,
        91.50792694091797,
        94.66904994419643,
        94.72365025111607,
        87.46863773890904,
        85.09511348179409,
        101.6671382359096,
        99.00640106201172,
        93.70293317522321,
        87.67846352713448,
        89.8624267578125,
        91.76776994977679,
        85.04859161376953,
        92.40100533621651,
        90.8995612008231,
        88.66060856410435,
        87.34781973702567,
        88.88929312569755,
        90.93533761160714,
        95.78627232142857,
        95.46533857073102,
        87.58746664864677,
        85.06131199428013,
        103.33062090192523,
        100.86392211914062,
        95.29098183768136,
        87.7566168648856,
        90.23434339250836,
        92.20127759660993,
        85.01676940917969,
        92.40945543561664,
        90.57294355119977,
        88.2006345476423,
        87.38865007672992,
        88.74172755650112,
        90.84078870500836,
        95.87153734479632,
        95.5346450805664,
        87.60816083635602,
        85.05226353236607,
        103.6776875087193,
        101.24688611711774,
        95.60919407435826,
        87.78347996303013,
        93.5005874633789,
        97.12799726213727,
        89.83715166364398,
        94.05758558000836,
        86.99225180489677,
        84.97025517054966,
        85.98417336600167,
        85.95636313302177,
        85.05978502546039
    ],