{"testproblem": "fmnist_2c2d", "batch_size": 128, "num_epochs": 100, "random_seed": 47, "weight_decay": null, "optimizer_name": "SGD", "optimizer_hyperparams": {"lr": 1.0}, "train_losses": [2.3443398781311817, 2.305445502965878, 2.30433578368945, 2.3041180036006828, 2.3050366456692037, 2.304491712496831, 2.304692586263021, 2.3049709827472, 2.3040029421830788, 2.3047962463819065, 2.3044689282392845, 2.30319654635894, 2.3043739245488095, 2.304781510279729, 2.303577319169656, 2.303496091793745, 2.303432596035493, 2.3044899243574877, 2.303709720953917, 2.303921348009354, 2.3052831429701586, 2.3056305738595815, 2.3038789614652977, 2.304090071947147, 2.30365583835504, 2.3061581880618363, 2.303714773593805, 2.3029113090955295, 2.304929840259063, 2.305331129294175, 2.305485542003925, 2.3036607075960207, 2.3049343610421205, 2.30673755132235, 2.304311663676531, 2.305661210646996, 2.3044745860955653, 2.3041310157531347, 2.3038859428503575, 2.3032649602645483, 2.305129668651483, 2.307861728545947, 2.3036196323541493, 2.303404673551902, 2.3055032461117477, 2.3059790623493686, 2.3060695116336527, 2.30360894325452, 2.3051411494230614, 2.3041573426662345, 2.3040177699847098, 2.303481263992114, 2.303827560864962, 2.3040447601905236, 2.3050894920642557, 2.304320439314231, 2.3042639921873045, 2.3051385910083084, 2.3044266425646267, 2.3037506678165536, 2.3045798937479653, 2.3055351880880504, 2.3032705661578055, 2.3027617870232997, 2.3035207925698695, 2.3079305520424476, 2.3050847939955883, 2.304812954022334, 2.304258080629202, 2.3039403970424948, 2.303988056305127, 2.3054885222361636, 2.3036719805155044, 2.3037273364189343, 2.3037274067218485, 2.3046115025495872, 2.303586944555625, 2.3042635917663574, 2.302837203710507, 2.305071072700696, 2.3039345771838455, 2.3037702517631726, 2.3055415703700137, 2.3028422532937465, 2.304803655697749, 2.3037284582089157, 2.304529831959651, 2.304284456448677, 2.3054721294305263, 2.305513024330139, 2.3028711202817087, 2.3061121824460153, 2.303499386860774, 2.304014722506205, 2.3032826338058863, 2.3053468404672084, 2.3059476033235207, 2.3053046495486527, 2.306801743996449, 2.304730934974475, 2.30285155467498], "test_losses": [2.3461312911449332, 2.3057273718026967, 2.3037360723202047, 2.304282408494216, 2.305252331953782, 2.304694869579413, 2.3045912094605274, 2.3046031487293734, 2.3040138544180455, 2.3049717469093127, 2.3038953787241225, 2.303173685685182, 2.3044924369225135, 2.30456586373158, 2.303097990842966, 2.3039444929514175, 2.3040211536945443, 2.3048163530154104, 2.3036241072874803, 2.304740994404524, 2.3063750633826623, 2.3052529127169876, 2.304497608771691, 2.3045927866911278, 2.3035141107363577, 2.306446604239635, 2.303587164634313, 2.3031003383489757, 2.3047648943387546, 2.3048207270793424, 2.3054701578922763, 2.303502929516328, 2.3047099938759437, 2.3063632341531606, 2.304982689710764, 2.30465222016359, 2.3045200323447204, 2.304109362455515, 2.304065389510913, 2.3032780366066175, 2.304701465826768, 2.3069381530468283, 2.3033921321233115, 2.3031472976391134, 2.30536870773022, 2.304641014490372, 2.3050339741584582, 2.3032661645840378, 2.3059246998566847, 2.3039363714364858, 2.3043025854306345, 2.3040548990934324, 2.304297462487832, 2.3033592884357157, 2.3044843459740663, 2.304578796411172, 2.303342504379077, 2.3045157530368905, 2.3045308192571006, 2.304040254690708, 2.3050295542447996, 2.3049938403643093, 2.304056543570298, 2.3031699046110496, 2.3037446462191067, 2.3071002012644057, 2.3063189005240416, 2.304496453358577, 2.3042160669962564, 2.3046771318484573, 2.304421696907435, 2.3044340641070633, 2.304199903439253, 2.3033738258557444, 2.3040691155653734, 2.3044015138577194, 2.303657522568336, 2.304303380159231, 2.3031881161225147, 2.3050838189247327, 2.3041006357241898, 2.3037717158977804, 2.304174365141453, 2.30333533959511, 2.3050768100298367, 2.304367264111837, 2.3043120549275327, 2.306512478070381, 2.305735331315261, 2.3048279805061145, 2.3041135592338367, 2.3057372753436747, 2.3035312799307017, 2.304227229876396, 2.303023026539729, 2.305229202294961, 2.3053815915034366, 2.3043498198191323, 2.3063284831169324, 2.304776375110333, 2.30379520318447], "train_accuracies": [0.10226362179487179, 0.09745592948717949, 0.09615384615384616, 0.1015625, 0.1006610576923077, 0.10096153846153846, 0.09955929487179487, 0.09595352564102565, 0.10026041666666667, 0.09555288461538461, 0.10046073717948718, 0.10056089743589744, 0.09885817307692307, 0.10016025641025642, 0.09625400641025642, 0.1015625, 0.10266426282051282, 0.1006610576923077, 0.10256410256410256, 0.10136217948717949, 0.09845753205128205, 0.10076121794871795, 0.09945913461538461, 0.09635416666666667, 0.09935897435897435, 0.10326522435897435, 0.10086137820512821, 0.10086137820512821, 0.09955929487179487, 0.09745592948717949, 0.0967548076923077, 0.10036057692307693, 0.10216346153846154, 0.09665464743589744, 0.10076121794871795, 0.09705528846153846, 0.10016025641025642, 0.09895833333333333, 0.09915865384615384, 0.10186298076923077, 0.09755608974358974, 0.09745592948717949, 0.09665464743589744, 0.09815705128205128, 0.09705528846153846, 0.09625400641025642, 0.09825721153846154, 0.09595352564102565, 0.10336538461538461, 0.10036057692307693, 0.0999599358974359, 0.10496794871794872, 0.10046073717948718, 0.09645432692307693, 0.09825721153846154, 0.09775641025641026, 0.09625400641025642, 0.09875801282051282, 0.09835737179487179, 0.10276442307692307, 0.10186298076923077, 0.09635416666666667, 0.10186298076923077, 0.10196314102564102, 0.10436698717948718, 0.10346554487179487, 0.1024639423076923, 0.09825721153846154, 0.10206330128205128, 0.09935897435897435, 0.10256410256410256, 0.09505208333333333, 0.10106169871794872, 0.0967548076923077, 0.1024639423076923, 0.09415064102564102, 0.10046073717948718, 0.10126201923076923, 0.10216346153846154, 0.10256410256410256, 0.10086137820512821, 0.0992588141025641, 0.09865785256410256, 0.10526842948717949, 0.09815705128205128, 0.10496794871794872, 0.09845753205128205, 0.10346554487179487, 0.10436698717948718, 0.09645432692307693, 0.10376602564102565, 0.1015625, 0.10106169871794872, 0.10006009615384616, 0.09635416666666667, 0.0960536858974359, 0.10196314102564102, 0.09655448717948718, 0.09945913461538461, 0.09865785256410256, 0.10366586538461539],