{
    "testproblem": "quadratic_deep",
    "batch_size": 128,
    "num_epochs": 100,
    "random_seed": 50,
    "l2_reg": null,
    "optimizer_name": "GradientDescentOptimizer",
    "optimizer_hyperparams": {
        "learning_rate": 0.00292043384718141
    },
    "training_params": {
        "lr_sched_epochs": [
            1,
            2,
            3,
            4,
            5,
            6,
            7,
            8,
            9,
            10,
            11,
            12,
            13,
            14,
            15,
            16,
            17,
            18,
            19,
            20,
            21,
            22,
            23,
            24,
            25,
            26,
            27,
            28,
            29,
            30,
            31,
            32,
            33,
            34,
            35,
            36,
            37,
            38,
            39,
            40,
            41,
            42,
            43,
            44,
            45,
            46,
            47,
            48,
            49,
            50,
            51,
            52,
            53,
            54,
            55,
            56,
            57,
            58,
            59,
            60,
            61,
            62,
            63,
            64,
            65,
            66,
            67,
            68,
            69,
            70,
            71,
            72,
            73,
            74,
            75,
            76,
            77,
            78,
            79,
            80,
            81,
            82,
            83,
            84,
            85,
            86,
            87,
            88,
            89,
            90,
            91,
            92,
            93,
            94,
            95,
            96,
            97,
            98,
            99,
            100
        ],
        "lr_sched_factors": [
            0.9755282581475768,
            0.9045084971874737,
            0.7938926261462366,
            0.6545084971874737,
            0.5,
            0.34549150281252633,
            0.2061073738537635,
            0.09549150281252633,
            0.024471741852423234,
            1.0,
            0.9938441702975689,
            0.9755282581475768,
            0.9455032620941839,
            0.9045084971874737,
            0.8535533905932737,
            0.7938926261462366,
            0.7269952498697734,
            0.6545084971874737,
            0.5782172325201155,
            0.5,
            0.42178276747988447,
            0.34549150281252633,
            0.2730047501302266,
            0.2061073738537635,
            0.14644660940672627,
            0.09549150281252633,
            0.054496737905816106,
            0.024471741852423234,
            0.00615582970243117,
            1.0,
            0.998458666866564,
            0.9938441702975689,
            0.9861849601988383,
            0.9755282581475768,
            0.9619397662556434,
            0.9455032620941839,
            0.9263200821770461,
            0.9045084971874737,
            0.8802029828000155,
            0.8535533905932737,
            0.8247240241650917,
            0.7938926261462366,
            0.7612492823579744,
            0.7269952498697734,
            0.6913417161825449,
            0.6545084971874737,
            0.6167226819279528,
            0.5782172325201155,
            0.5392295478639225,
            0.5,
            0.4607704521360776,
            0.42178276747988447,
            0.38327731807204746,
            0.34549150281252633,
            0.30865828381745514,
            0.2730047501302266,
            0.2387507176420256,
            0.2061073738537635,
            0.17527597583490823,
            0.14644660940672627,
            0.11979701719998453,
            0.09549150281252633,
            0.07367991782295391,
            0.054496737905816106,
            0.03806023374435663,
            0.024471741852423234,
            0.013815039801161721,
            0.00615582970243117,
            0.001541333133436018,
            1.0,
            0.9996145181203615,
            0.998458666866564,
            0.9965342284774632,
            0.9938441702975689,
            0.9903926402016152,
            0.9861849601988383,
            0.9812276182268236,
            0.9755282581475768,
            0.9690956679612421,
            0.9619397662556434,
            0.9540715869125407,
            0.9455032620941839,
            0.9362480035363986,
            0.9263200821770461,
            0.9157348061512727,
            0.9045084971874737,
            0.8926584654403724,
            0.8802029828000155,
            0.8671612547178428,
            0.8535533905932737,
            0.839400372766471,
            0.8247240241650917,
            0.8095469746549171,
            0.7938926261462366,
            0.7777851165098011,
            0.7612492823579744,
            0.7443106207484775,
            0.7269952498697734,
            0.7093298687687141,
            0.6913417161825449
        ]
    },
    "train_losses": [
        354.67714146205356,
        139.67344229561942,
        110.67879704066685,
        105.89463806152344,
        104.68453543526786,
        104.16645268031529,
        103.86353519984654,
        103.67510223388672,
        103.56755937848773,
        103.51866040910993,
        103.50621468680245,
        103.0182625906808,
        102.55758884974888,
        102.12048230852399,
        101.70924377441406,
        101.32672773088727,
        100.9752175467355,
        100.65632084437779,
        100.3709226335798,
        100.11928340366909,
        99.9010740007673,
        99.71542467389789,
        99.56098284040179,
        99.43593270438058,
        99.33803994315011,
        99.26467023577008,
        99.21281106131417,
        99.17912183489118,
        99.15994044712612,
        99.15133449009487,
        99.149167742048,
        98.80498504638672,
        98.47079140799386,
        98.14736829485211,
        97.83551352364677,
        97.53577205113002,
        97.24850354875836,
        96.97394779750279,
        96.71224103655133,
        96.46344757080078,
        96.2275630405971,
        96.0045144217355,
        95.79418400355748,
        95.59640066964286,
        95.4109616960798,
        95.23761422293526,
        95.07609449114118,
        94.92610604422433,
        94.78731209891183,
        94.65939113071987,
        94.54197910853794,
        94.43470437186105,
        94.33718763078961,
        94.24903542654855,
        94.16983795166016,
        94.09918103899274,
        94.03664071219308,
        93.98178318568638,
        93.93414851597377,
        93.8932854788644,
        93.85872214181083,
        93.8299789428711,
        93.80655234200614,
        93.78793443952289,
        93.7736064365932,
        93.76302119663784,
        93.75564357212612,
        93.75090571812221,
        93.74822998046875,
        93.74703543526786,
        93.74673788888114,
        93.55768040248326,
        93.37334987095424,
        93.19371577671596,
        93.01906040736607,
        92.84948076520648,
        92.68499755859375,
        92.52557482038226,
        92.37114933558873,
        92.22164372035435,
        92.07699257986886,
        91.93709564208984,
        91.80187552315849,
        91.67123522077289,
        91.54507555280414,
        91.42331259591239,
        91.3058351789202,
        91.1925550188337,
        91.08336748395648,
        90.97817012241909,
        90.87687029157367,
        90.77936226981026,
        90.68554360525948,
        90.59533364432198,
        90.5086179460798,
        90.42530604771206,
        90.34530857631138,
        90.26852852957589,
        90.19487653459821,
        90.12426321847099,
        90.05659593854632
    ],