{"testproblem": "fmnist_2c2d", "batch_size": 128, "num_epochs": 100, "random_seed": 50, "weight_decay": null, "optimizer_name": "SGD", "optimizer_hyperparams": {"lr": 1.584893192461114}, "train_losses": [2.3791951155051208, 2.3036847420227833, 2.3054770903709607, 2.3054108130626187, 2.306761873074067, 2.3073438436557083, 2.303918007092598, 2.3066106942983775, 2.3069936709526258, 2.3052218296588998, 2.3041517642828135, 2.307379884597583, 2.3050835866194506, 2.308053915317242, 2.305987624021677, 2.3070743083953857, 2.309960560920911, 2.306829266059093, 2.307716498008141, 2.305264460734832, 2.3067359588085075, 2.304769809429462, 2.3042530585557985, 2.3058970066217275, 2.3046695666435437, 2.3032280848576474, 2.3058996811891213, 2.3061001759309034, 2.3030354976654053, 2.3046288398595958, 2.3043955075435147, 2.3055473871720142, 2.3063569496839476, 2.307566612194746, 2.3044702242582273, 2.3081733905352078, 2.3068244487811356, 2.305202636963282, 2.3061208174778867, 2.3076581893823085, 2.3035933818572607, 2.3070332453801083, 2.306567234870715, 2.304239728511908, 2.3041742887252417, 2.30412771151616, 2.3081730879270115, 2.303234360156915, 2.304760828996316, 2.3045061887838902, 2.3040756598497047, 2.3050508896509805, 2.3064595491458206, 2.3051274923177867, 2.3040765737875915, 2.305168717335432, 2.305187906974401, 2.3031069743327603, 2.3048832966731143, 2.306579644863422, 2.303868305988801, 2.304797044167152, 2.3035570963835106, 2.306358340458992, 2.303683476570325, 2.304164421864045, 2.30431622113937, 2.3051519118822537, 2.303698555017129, 2.3053614237369637, 2.3072561545249743, 2.3054425013371005, 2.3058416018119225, 2.3065319061279297, 2.3054203314658923, 2.3047897020975747, 2.307112883298825, 2.3031581273445716, 2.305570510717539, 2.3063219755123825, 2.3040014505386353, 2.3065711443240824, 2.3074439397225013, 2.3053312515601134, 2.3051517132001047, 2.3051679806831555, 2.3086518232639017, 2.3034451619172707, 2.3053630926670174, 2.303798253719623, 2.3066271604635777, 2.307415619874612, 2.303663593072158, 2.3078695291127915, 2.3046061259049635, 2.305315476197463, 2.3052025727736645, 2.3039296926596227, 2.3066084384918213, 2.305837191068209, 2.3063397162999864], "test_losses": [2.375075031549503, 2.3043859769136477, 2.305518871698624, 2.3054236876658902, 2.306569667962881, 2.3072062577956762, 2.304264945861621, 2.3059662611056595, 2.3071659803390503, 2.3052481474020543, 2.304222605167291, 2.3070385670050597, 2.305491496355106, 2.3078578741122513, 2.305608767729539, 2.3074836333592734, 2.3094681287423158, 2.306467496431791, 2.3060821233651576, 2.304441369496859, 2.306542625794044, 2.3046496495222435, 2.3040180634229612, 2.3059975795256786, 2.304216048656366, 2.3034609128267336, 2.3069797601455297, 2.305568502499507, 2.3035092842884555, 2.3065136732199254, 2.303747091537867, 2.305367946624756, 2.306236459658696, 2.306855336213723, 2.305199017891517, 2.3069042700987596, 2.307341841550974, 2.306490448805002, 2.3051799474618373, 2.306331775127313, 2.303531298270592, 2.3081350204272146, 2.3068098593980837, 2.3044502307207155, 2.3050017723670373, 2.3054185677797365, 2.3079125055899987, 2.304004525526976, 2.305525697194613, 2.303834453607217, 2.3038782339829664, 2.304623698576903, 2.305697554197067, 2.3057202253586206, 2.305599799522987, 2.305347736065204, 2.304880197231586, 2.303200837893364, 2.304261647737943, 2.3068458422636375, 2.304135499856411, 2.3048012959651456, 2.304874145067655, 2.3069895872702966, 2.3039356072743735, 2.303977688153585, 2.305277726589105, 2.3053026291040273, 2.3042907959375625, 2.3045178040480003, 2.3074424144549246, 2.304593327717903, 2.305649613722777, 2.307235375428811, 2.3052004392330465, 2.30483816525875, 2.3057927015500193, 2.304300231811328, 2.305700189028031, 2.305725167959164, 2.304361416743352, 2.3061112471115894, 2.306452521911034, 2.3047153705205674, 2.304952948521345, 2.305323166724963, 2.3084170665496435, 2.303491635200305, 2.3048816338563576, 2.303636541733375, 2.3074586727680306, 2.306220531463623, 2.3049415135994935, 2.3091731316004043, 2.3046993414560952, 2.3048038482666016, 2.3044989781501966, 2.3039564138803725, 2.306758782802484, 2.3071197240780563, 2.3056503412051077], "train_accuracies": [0.09565304487179487, 0.09975961538461539, 0.09835737179487179, 0.10076121794871795, 0.09825721153846154, 0.0992588141025641, 0.09985977564102565, 0.09735576923076923, 0.10096153846153846, 0.10126201923076923, 0.10236378205128205, 0.09835737179487179, 0.09975961538461539, 0.10096153846153846, 0.10086137820512821, 0.10286458333333333, 0.09785657051282051, 0.1015625, 0.0953525641025641, 0.09575320512820513, 0.09825721153846154, 0.09825721153846154, 0.09905849358974358, 0.10276442307692307, 0.0999599358974359, 0.1031650641025641, 0.0992588141025641, 0.10236378205128205, 0.10146233974358974, 0.10376602564102565, 0.09835737179487179, 0.09775641025641026, 0.09935897435897435, 0.09985977564102565, 0.10186298076923077, 0.10126201923076923, 0.09895833333333333, 0.10086137820512821, 0.09615384615384616, 0.09835737179487179, 0.09955929487179487, 0.10506810897435898, 0.10076121794871795, 0.10076121794871795, 0.1006610576923077, 0.10096153846153846, 0.10106169871794872, 0.09665464743589744, 0.10496794871794872, 0.10036057692307693, 0.0985576923076923, 0.09985977564102565, 0.09545272435897435, 0.10146233974358974, 0.10536858974358974, 0.09805689102564102, 0.10046073717948718, 0.09695512820512821, 0.09905849358974358, 0.10236378205128205, 0.09745592948717949, 0.10076121794871795, 0.10486778846153846, 0.10326522435897435, 0.10126201923076923, 0.10176282051282051, 0.10116185897435898, 0.1006610576923077, 0.09945913461538461, 0.09585336538461539, 0.10046073717948718, 0.09625400641025642, 0.10266426282051282, 0.10056089743589744, 0.10126201923076923, 0.10206330128205128, 0.09635416666666667, 0.10126201923076923, 0.09915865384615384, 0.09525240384615384, 0.10236378205128205, 0.09415064102564102, 0.09705528846153846, 0.09875801282051282, 0.09745592948717949, 0.09795673076923077, 0.10086137820512821, 0.10076121794871795, 0.09805689102564102, 0.10126201923076923, 0.10346554487179487, 0.09705528846153846, 0.10616987179487179, 0.1015625, 0.10076121794871795, 0.09645432692307693, 0.09334935897435898, 0.10146233974358974, 0.10446714743589744, 0.10727163461538461, 0.09955929487179487],