{
    "testproblem": "quadratic_deep",
    "batch_size": 128,
    "num_epochs": 100,
    "random_seed": 42,
    "l2_reg": null,
    "optimizer_name": "AdamOptimizer",
    "optimizer_hyperparams": {
        "learning_rate": 0.19931348922777847,
        "beta1": 0.5246361061651288,
        "beta2": 0.9131417417693044,
        "epsilon": 1e-08,
        "use_locking": false
    },
    "training_params": {
        "lr_sched_epochs": [
            1,
            2,
            3,
            4,
            5,
            6,
            7,
            8,
            9,
            10,
            11,
            12,
            13,
            14,
            15,
            16,
            17,
            18,
            19,
            20,
            21,
            22,
            23,
            24,
            25,
            26,
            27,
            28,
            29,
            30,
            31,
            32,
            33,
            34,
            35,
            36,
            37,
            38,
            39,
            40,
            41,
            42,
            43,
            44,
            45,
            46,
            47,
            48,
            49,
            50,
            51,
            52,
            53,
            54,
            55,
            56,
            57,
            58,
            59,
            60,
            61,
            62,
            63,
            64,
            65,
            66,
            67,
            68,
            69,
            70,
            71,
            72,
            73,
            74,
            75,
            76,
            77,
            78,
            79,
            80,
            81,
            82,
            83,
            84,
            85,
            86,
            87,
            88,
            89,
            90,
            91,
            92,
            93,
            94,
            95,
            96,
            97,
            98,
            99,
            100
        ],
        "lr_sched_factors": [
            0.9755282581475768,
            0.9045084971874737,
            0.7938926261462366,
            0.6545084971874737,
            0.5,
            0.34549150281252633,
            0.2061073738537635,
            0.09549150281252633,
            0.024471741852423234,
            1.0,
            0.9938441702975689,
            0.9755282581475768,
            0.9455032620941839,
            0.9045084971874737,
            0.8535533905932737,
            0.7938926261462366,
            0.7269952498697734,
            0.6545084971874737,
            0.5782172325201155,
            0.5,
            0.42178276747988447,
            0.34549150281252633,
            0.2730047501302266,
            0.2061073738537635,
            0.14644660940672627,
            0.09549150281252633,
            0.054496737905816106,
            0.024471741852423234,
            0.00615582970243117,
            1.0,
            0.998458666866564,
            0.9938441702975689,
            0.9861849601988383,
            0.9755282581475768,
            0.9619397662556434,
            0.9455032620941839,
            0.9263200821770461,
            0.9045084971874737,
            0.8802029828000155,
            0.8535533905932737,
            0.8247240241650917,
            0.7938926261462366,
            0.7612492823579744,
            0.7269952498697734,
            0.6913417161825449,
            0.6545084971874737,
            0.6167226819279528,
            0.5782172325201155,
            0.5392295478639225,
            0.5,
            0.4607704521360776,
            0.42178276747988447,
            0.38327731807204746,
            0.34549150281252633,
            0.30865828381745514,
            0.2730047501302266,
            0.2387507176420256,
            0.2061073738537635,
            0.17527597583490823,
            0.14644660940672627,
            0.11979701719998453,
            0.09549150281252633,
            0.07367991782295391,
            0.054496737905816106,
            0.03806023374435663,
            0.024471741852423234,
            0.013815039801161721,
            0.00615582970243117,
            0.001541333133436018,
            1.0,
            0.9996145181203615,
            0.998458666866564,
            0.9965342284774632,
            0.9938441702975689,
            0.9903926402016152,
            0.9861849601988383,
            0.9812276182268236,
            0.9755282581475768,
            0.9690956679612421,
            0.9619397662556434,
            0.9540715869125407,
            0.9455032620941839,
            0.9362480035363986,
            0.9263200821770461,
            0.9157348061512727,
            0.9045084971874737,
            0.8926584654403724,
            0.8802029828000155,
            0.8671612547178428,
            0.8535533905932737,
            0.839400372766471,
            0.8247240241650917,
            0.8095469746549171,
            0.7938926261462366,
            0.7777851165098011,
            0.7612492823579744,
            0.7443106207484775,
            0.7269952498697734,
            0.7093298687687141,
            0.6913417161825449
        ]
    },
    "train_losses": [
        355.276114327567,
        101.10952758789062,
        95.4013442993164,
        92.29970332554409,
        90.19538988385882,
        88.42553383963448,
        87.21965680803571,
        86.7014399937221,
        86.57441166469029,
        86.28141021728516,
        86.00358363560268,
        88.99744197300502,
        88.90384129115513,
        89.08119855608258,
        88.99436514718192,
        88.90052686418805,
        88.67381177629743,
        87.99151611328125,
        87.18317631312779,
        86.68134416852679,
        86.15673719133649,
        85.8052978515625,
        85.63011060442243,
        85.5154277256557,
        85.48344094412667,
        85.50801958356585,
        85.58200073242188,
        85.29490552629743,
        85.0508281162807,
        85.01193128313336,
        85.00400870186942,
        87.03030286516461,
        88.84822300502232,
        89.21161760602679,
        89.04688589913505,
        88.80233437674386,
        88.78795623779297,
        88.92397635323661,
        89.06226675851005,
        88.9822747366769,
        88.68238939557757,
        88.3763656616211,
        88.08435385567802,
        87.84788949148995,
        87.5902818952288,
        87.37149810791016,
        86.97040448869977,
        86.7132797241211,
        86.46577562604632,
        86.21439143589565,
        86.00562613351005,
        85.83415113176618,
        85.6984111240932,
        85.60514613560268,
        85.54471806117466,
        85.49805777413505,
        85.45962197440011,
        85.43397086007255,
        85.42680031912667,
        85.45228794642857,
        85.52516392299107,
        85.57347106933594,
        85.42960902622768,
        85.20540291922433,
        85.07820674351284,
        85.01265825544085,
        84.97627258300781,
        84.9575936453683,
        84.9488754272461,
        84.94541713169643,
        84.94454629080636,
        86.83481161934989,
        88.80718340192523,
        89.29404994419643,
        89.09708295549665,
        88.73695918491909,
        88.68979208809989,
        88.90205383300781,
        89.10378810337612,
        88.99207414899554,
        88.74467359270368,
        88.31035940987724,
        88.06153869628906,
        88.09560285295758,
        89.02830723353794,
        88.77794865199498,
        88.56656101771763,
        88.39002554757255,
        88.43790871756417,
        88.74621037074498,
        88.81148965018136,
        88.56603131975446,
        88.3031496320452,
        88.13196127755302,
        87.96319471086774,
        87.8571025303432,
        87.72410256522042,
        87.7269287109375,
        87.57255554199219,
        87.36576298304966,
        87.25440543038505
    ],