{
    "testproblem": "quadratic_deep",
    "batch_size": 128,
    "num_epochs": 100,
    "random_seed": 51,
    "l2_reg": null,
    "optimizer_name": "NadamOptimizer",
    "optimizer_hyperparams": {
        "learning_rate": 0.015375920235481748,
        "beta1": 0.5682791257938548,
        "beta2": 0.9922836352823,
        "epsilon": 1e-07
    },
    "training_params": {
        "lr_sched_epochs": [
            1,
            2,
            3,
            4,
            5,
            6,
            7,
            8,
            9,
            10,
            11,
            12,
            13,
            14,
            15,
            16,
            17,
            18,
            19,
            20,
            21,
            22,
            23,
            24,
            25,
            26,
            27,
            28,
            29,
            30,
            31,
            32,
            33,
            34,
            35,
            36,
            37,
            38,
            39,
            40,
            41,
            42,
            43,
            44,
            45,
            46,
            47,
            48,
            49,
            50,
            51,
            52,
            53,
            54,
            55,
            56,
            57,
            58,
            59,
            60,
            61,
            62,
            63,
            64,
            65,
            66,
            67,
            68,
            69,
            70,
            71,
            72,
            73,
            74,
            75,
            76,
            77,
            78,
            79,
            80,
            81,
            82,
            83,
            84,
            85,
            86,
            87,
            88,
            89,
            90,
            91,
            92,
            93,
            94,
            95,
            96,
            97,
            98,
            99,
            100
        ],
        "lr_sched_factors": [
            0.9755282581475768,
            0.9045084971874737,
            0.7938926261462366,
            0.6545084971874737,
            0.5,
            0.34549150281252633,
            0.2061073738537635,
            0.09549150281252633,
            0.024471741852423234,
            1.0,
            0.9938441702975689,
            0.9755282581475768,
            0.9455032620941839,
            0.9045084971874737,
            0.8535533905932737,
            0.7938926261462366,
            0.7269952498697734,
            0.6545084971874737,
            0.5782172325201155,
            0.5,
            0.42178276747988447,
            0.34549150281252633,
            0.2730047501302266,
            0.2061073738537635,
            0.14644660940672627,
            0.09549150281252633,
            0.054496737905816106,
            0.024471741852423234,
            0.00615582970243117,
            1.0,
            0.998458666866564,
            0.9938441702975689,
            0.9861849601988383,
            0.9755282581475768,
            0.9619397662556434,
            0.9455032620941839,
            0.9263200821770461,
            0.9045084971874737,
            0.8802029828000155,
            0.8535533905932737,
            0.8247240241650917,
            0.7938926261462366,
            0.7612492823579744,
            0.7269952498697734,
            0.6913417161825449,
            0.6545084971874737,
            0.6167226819279528,
            0.5782172325201155,
            0.5392295478639225,
            0.5,
            0.4607704521360776,
            0.42178276747988447,
            0.38327731807204746,
            0.34549150281252633,
            0.30865828381745514,
            0.2730047501302266,
            0.2387507176420256,
            0.2061073738537635,
            0.17527597583490823,
            0.14644660940672627,
            0.11979701719998453,
            0.09549150281252633,
            0.07367991782295391,
            0.054496737905816106,
            0.03806023374435663,
            0.024471741852423234,
            0.013815039801161721,
            0.00615582970243117,
            0.001541333133436018,
            1.0,
            0.9996145181203615,
            0.998458666866564,
            0.9965342284774632,
            0.9938441702975689,
            0.9903926402016152,
            0.9861849601988383,
            0.9812276182268236,
            0.9755282581475768,
            0.9690956679612421,
            0.9619397662556434,
            0.9540715869125407,
            0.9455032620941839,
            0.9362480035363986,
            0.9263200821770461,
            0.9157348061512727,
            0.9045084971874737,
            0.8926584654403724,
            0.8802029828000155,
            0.8671612547178428,
            0.8535533905932737,
            0.839400372766471,
            0.8247240241650917,
            0.8095469746549171,
            0.7938926261462366,
            0.7777851165098011,
            0.7612492823579744,
            0.7443106207484775,
            0.7269952498697734,
            0.7093298687687141,
            0.6913417161825449
        ]
    },
    "train_losses": [
        354.7630615234375,
        235.11719403948103,
        173.37766810825892,
        139.88971601213728,
        122.87639399937221,
        114.47841426304409,
        110.3111321585519,
        108.2146224975586,
        107.1859610421317,
        106.74925885881696,
        106.63809422084263,
        103.47340720040458,
        101.94611358642578,
        100.86697278703961,
        99.94452231270927,
        99.12158639090401,
        98.38645281110492,
        97.73468017578125,
        97.16241019112724,
        96.66548374720982,
        96.23943982805524,
        95.87961687360492,
        95.58124542236328,
        95.33946772984096,
        95.1492898123605,
        95.00553349086216,
        94.90271105085101,
        94.83489772251674,
        94.79559653145927,
        94.77761840820312,
        94.77300480433873,
        94.05099269321987,
        93.38077872140067,
        92.76836395263672,
        92.20883505684989,
        91.69804927280971,
        91.23209272112165,
        90.8072738647461,
        90.42015729631696,
        90.0675528390067,
        89.74648938860211,
        89.45427485874721,
        89.18841770717076,
        88.9466574532645,
        88.72693198067802,
        88.52736554827008,
        88.34626879010882,
        88.18209729875836,
        88.03346361432757,
        87.89910561697823,
        87.77788870675224,
        87.6687731061663,
        87.57083129882812,
        87.48321642194476,
        87.4051535470145,
        87.33593205043248,
        87.27490997314453,
        87.2214835030692,
        87.1750989641462,
        87.1352310180664,
        87.10137939453125,
        87.07306780133929,
        87.04983084542411,
        87.0312031337193,
        87.01671491350446,
        87.00589316231864,
        86.99825504847935,
        86.99327523367745,
        86.9904316493443,
        86.98914228166852,
        86.98880985804966,
        86.81956808907645,
        86.63392530168805,
        86.46808515276227,
        86.31834629603794,
        86.18292236328125,
        86.06023624965123,
        85.9489244733538,
        85.84777396065849,
        85.7557373046875,
        85.67188262939453,
        85.59538269042969,
        85.52550942557198,
        85.46161324637276,
        85.40311431884766,
        85.34949384416852,
        85.30029623849052,
        85.2551018851144,
        85.21354675292969,
        85.17529187883649,
        85.14004516601562,
        85.10752541678292,
        85.07750701904297,
        85.04975891113281,
        85.02408926827567,
        85.00031498500279,
        84.97828456333706,
        84.95785086495536,
        84.93887983049665,
        84.92125265938895,
        84.90486689976284
    ],