{
    "testproblem": "quadratic_deep",
    "batch_size": 128,
    "num_epochs": 100,
    "random_seed": 44,
    "l2_reg": null,
    "optimizer_name": "LookaheadOptimizerMBGDMomentum",
    "optimizer_hyperparams": {
        "learning_rate": 0.01,
        "momentum": 0.99,
        "use_nesterov": false,
        "k": 5,
        "alpha": 0.5,
        "use_locking": false
    },
    "training_params": {
        "lr_sched_epochs": [
            1,
            2,
            3,
            4,
            5,
            6,
            7,
            8,
            9,
            10,
            11,
            12,
            13,
            14,
            15,
            16,
            17,
            18,
            19,
            20,
            21,
            22,
            23,
            24,
            25,
            26,
            27,
            28,
            29,
            30,
            31,
            32,
            33,
            34,
            35,
            36,
            37,
            38,
            39,
            40,
            41,
            42,
            43,
            44,
            45,
            46,
            47,
            48,
            49,
            50,
            51,
            52,
            53,
            54,
            55,
            56,
            57,
            58,
            59,
            60,
            61,
            62,
            63,
            64,
            65,
            66,
            67,
            68,
            69,
            70,
            71,
            72,
            73,
            74,
            75,
            76,
            77,
            78,
            79,
            80,
            81,
            82,
            83,
            84,
            85,
            86,
            87,
            88,
            89,
            90,
            91,
            92,
            93,
            94,
            95,
            96,
            97,
            98,
            99,
            100
        ],
        "lr_sched_factors": [
            0.9755282581475768,
            0.9045084971874737,
            0.7938926261462366,
            0.6545084971874737,
            0.5,
            0.34549150281252633,
            0.2061073738537635,
            0.09549150281252633,
            0.024471741852423234,
            1,
            0.9938441702975689,
            0.9755282581475768,
            0.9455032620941839,
            0.9045084971874737,
            0.8535533905932737,
            0.7938926261462366,
            0.7269952498697734,
            0.6545084971874737,
            0.5782172325201155,
            0.5,
            0.42178276747988447,
            0.34549150281252633,
            0.2730047501302266,
            0.2061073738537635,
            0.14644660940672627,
            0.09549150281252633,
            0.054496737905816106,
            0.024471741852423234,
            0.00615582970243117,
            1,
            0.998458666866564,
            0.9938441702975689,
            0.9861849601988383,
            0.9755282581475768,
            0.9619397662556434,
            0.9455032620941839,
            0.9263200821770461,
            0.9045084971874737,
            0.8802029828000155,
            0.8535533905932737,
            0.8247240241650917,
            0.7938926261462366,
            0.7612492823579744,
            0.7269952498697734,
            0.6913417161825449,
            0.6545084971874737,
            0.6167226819279528,
            0.5782172325201155,
            0.5392295478639225,
            0.5,
            0.4607704521360776,
            0.42178276747988447,
            0.38327731807204746,
            0.34549150281252633,
            0.30865828381745514,
            0.2730047501302266,
            0.2387507176420256,
            0.2061073738537635,
            0.17527597583490823,
            0.14644660940672627,
            0.11979701719998453,
            0.09549150281252633,
            0.07367991782295391,
            0.054496737905816106,
            0.03806023374435663,
            0.024471741852423234,
            0.013815039801161721,
            0.00615582970243117,
            0.001541333133436018,
            1,
            0.9996145181203615,
            0.998458666866564,
            0.9965342284774632,
            0.9938441702975689,
            0.9903926402016152,
            0.9861849601988383,
            0.9812276182268236,
            0.9755282581475768,
            0.9690956679612421,
            0.9619397662556434,
            0.9540715869125407,
            0.9455032620941839,
            0.9362480035363986,
            0.9263200821770461,
            0.9157348061512727,
            0.9045084971874737,
            0.8926584654403724,
            0.8802029828000155,
            0.8671612547178428,
            0.8535533905932737,
            0.839400372766471,
            0.8247240241650917,
            0.8095469746549171,
            0.7938926261462366,
            0.7777851165098011,
            0.7612492823579744,
            0.7443106207484775,
            0.7269952498697734,
            0.7093298687687141,
            0.6913417161825449
        ]
    },
    "train_losses": [
        347.20138113839283,
        131.24134172712053,
        129.6869833809989,
        103.41621943882534,
        98.51869310651507,
        96.33751678466797,
        96.05329895019531,
        95.98441968645368,
        96.2295652117048,
        96.21489933558873,
        96.22425188337054,
        96.59087262834821,
        98.62209647042411,
        98.51770455496651,
        98.38227299281529,
        99.07091958182198,
        97.60923331124442,
        98.06836809430804,
        97.64053017752511,
        96.57343183244977,
        96.37734985351562,
        95.80753653390067,
        95.56360190255302,
        95.33408028738839,
        95.16381726946149,
        95.05810873849052,
        95.02212415422711,
        94.97241101946149,
        94.96129499162946,
        94.93587602887835,
        94.93643842424665,
        95.81902531215123,
        94.93599264962333,
        97.1760984148298,
        95.95710754394531,
        96.84413037981305,
        96.39840480259487,
        96.10625784737724,
        96.16534641810826,
        95.40676770891461,
        96.05584062848773,
        95.98221043178013,
        95.27904401506696,
        95.58824702671596,
        94.92062268938336,
        95.19957733154297,
        95.31547219412667,
        94.82984379359654,
        95.12931714739118,
        94.62168775285993,
        94.74994550432477,
        94.70655822753906,
        94.65640258789062,
        94.63718632289341,
        94.50525447300502,
        94.5424575805664,
        94.43056815011161,
        94.39928327287946,
        94.38282012939453,
        94.3556638445173,
        94.35765620640346,
        94.32683563232422,
        94.31263623918805,
        94.3084237234933,
        94.31159101213727,
        94.28999873570034,
        94.27979169573102,
        94.26682499476841,
        94.26545061383929,
        94.2626233782087,
        94.26234000069755,
        95.46102905273438,
        96.14567347935268,
        94.53417532784599,
        99.05545806884766,
        94.63158089773995,
        98.72803061349052,
        94.95638602120536,
        97.45908682686942,
        98.43711526053292,
        94.56225258963448,
        101.69373866489956,
        94.43154798235211,
        100.67122977120536,
        94.54031263078961,
        97.47683824811664,
        99.53742980957031,
        94.40964181082589,
        99.58886391775948,
        94.44182477678571,
        97.23761422293526,
        94.58502851213727,
        95.4116930280413,
        96.809326171875,
        94.3794446672712,
        95.37160382952008,
        95.26417650495257,
        94.46826062883649,
        94.86803872244698,
        94.2967758178711,
        94.6370097569057
    ],