{
    "testproblem": "fmnist_vae",
    "batch_size": 64,
    "num_epochs": 100,
    "random_seed": 42,
    "l2_reg": null,
    "optimizer_name": "LookaheadOptimizerMBGDMomentum",
    "optimizer_hyperparams": {
        "learning_rate": 0.7706343825607371,
        "momentum": 0.3521611738205426,
        "use_nesterov": false,
        "k": 5,
        "alpha": 0.017583640270008503,
        "use_locking": false
    },
    "training_params": {
        "lr_sched_epochs": [],
        "lr_sched_factors": []
    },
    "train_losses": [
        133.51027967990973,
        133.51027967990973,
        133.51027967990973,
        133.51027967990973,
        133.51027967990973,
        133.51027967990973,
        133.51027967990973,
        133.51027967990973,
        133.51027967990973,
        133.51027967990973,
        133.51027967990973,
        133.51027967990973,
        133.51027967990973,
        133.51027967990973,
        133.51027967990973,
        133.51027967990973,
        133.51027967990973,
        133.51027967990973,
        133.51027967990973,
        133.51027967990973,
        133.51027967990973,
        133.51027967990973,
        133.51027967990973,
        133.51027967990973,
        133.51027967990973,
        133.51027967990973,
        133.51027967990973,
        133.51027967990973,
        133.51027967990973,
        133.51027967990973,
        133.51027967990973,
        133.51027967990973,
        133.51027967990973,
        133.51027967990973,
        133.51027967990973,
        133.51027967990973,
        133.51027967990973,
        133.51027967990973,
        133.51027967990973,
        133.51027967990973,
        133.51027967990973,
        133.51027967990973,
        133.51027967990973,
        133.51027967990973,
        133.51027967990973,
        133.51027967990973,
        133.51027967990973,
        133.51027967990973,
        133.51027967990973,
        133.51027967990973,
        133.51027967990973,
        133.51027967990973,
        133.51027967990973,
        133.51027967990973,
        133.51027967990973,
        133.51027967990973,
        133.51027967990973,
        133.51027967990973,
        133.51027967990973,
        133.51027967990973,
        133.51027967990973,
        133.51027967990973,
        133.51027967990973,
        133.51027967990973,
        133.51027967990973,
        133.51027967990973,
        133.51027967990973,
        133.51027967990973,
        133.51027967990973,
        133.51027967990973,
        133.51027967990973,
        133.51027967990973,
        133.51027967990973,
        133.51027967990973,
        133.51027967990973,
        133.51027967990973,
        133.51027967990973,
        133.51027967990973,
        133.51027967990973,
        133.51027967990973,
        133.51027967990973,
        133.51027967990973,
        133.51027967990973,
        133.51027967990973,
        133.51027967990973,
        133.51027967990973,
        133.51027967990973,
        133.51027967990973,
        133.51027967990973,
        133.51027967990973,
        133.51027967990973,
        133.51027967990973,
        133.51027967990973,
        133.51027967990973,
        133.51027967990973,
        133.51027967990973,
        133.51027967990973,
        133.51027967990973,
        133.51027967990973,
        133.51027967990973,
        133.51027967990973
    ],
    "valid_losses": [
        134.0260835794302,
        134.0260835794302,
        134.0260835794302,
        134.0260835794302,
        134.0260835794302,
        134.0260835794302,
        134.0260835794302,
        134.0260835794302,
        134.0260835794302,
        134.0260835794302,
        134.0260835794302,
        134.0260835794302,
        134.0260835794302,
        134.0260835794302,
        134.0260835794302,
        134.0260835794302,
        134.0260835794302,
        134.0260835794302,
        134.0260835794302,
        134.0260835794302,
        134.0260835794302,
        134.0260835794302,
        134.0260835794302,
        134.0260835794302,
        134.0260835794302,
        134.0260835794302,
        134.0260835794302,
        134.0260835794302,
        134.0260835794302,
        134.0260835794302,
        134.0260835794302,
        134.0260835794302,
        134.0260835794302,
        134.0260835794302,
        134.0260835794302,
        134.0260835794302,
        134.0260835794302,
        134.0260835794302,
        134.0260835794302,
        134.0260835794302,
        134.0260835794302,
        134.0260835794302,
        134.0260835794302,
        134.0260835794302,
        134.0260835794302,
        134.0260835794302,
        134.0260835794302,
        134.0260835794302,
        134.0260835794302,
        134.0260835794302,
        134.0260835794302,
        134.0260835794302,
        134.0260835794302,
        134.0260835794302,
        134.0260835794302,
        134.0260835794302,
        134.0260835794302,
        134.0260835794302,
        134.0260835794302,
        134.0260835794302,
        134.0260835794302,
        134.0260835794302,
        134.0260835794302,
        134.0260835794302,
        134.0260835794302,
        134.0260835794302,
        134.0260835794302,
        134.0260835794302,
        134.0260835794302,
        134.0260835794302,
        134.0260835794302,
        134.0260835794302,
        134.0260835794302,
        134.0260835794302,
        134.0260835794302,
        134.0260835794302,
        134.0260835794302,
        134.0260835794302,
        134.0260835794302,
        134.0260835794302,
        134.0260835794302,
        134.0260835794302,
        134.0260835794302,
        134.0260835794302,
        134.0260835794302,
        134.0260835794302,
        134.0260835794302,
        134.0260835794302,
        134.0260835794302,
        134.0260835794302,
        134.0260835794302,
        134.0260835794302,
        134.0260835794302,
        134.0260835794302,
        134.0260835794302,
        134.0260835794302,
        134.0260835794302,
        134.0260835794302,
        134.0260835794302,
        134.0260835794302,
        134.0260835794302
    ],