{
    "testproblem": "quadratic_deep",
    "batch_size": 128,
    "num_epochs": 100,
    "random_seed": 42,
    "l2_reg": null,
    "optimizer_name": "NadamOptimizer",
    "optimizer_hyperparams": {
        "learning_rate": 0.07400499893346511,
        "beta1": 0.7403845879328977,
        "beta2": 0.8162548651000355,
        "epsilon": 1e-07
    },
    "training_params": {
        "lr_sched_epochs": [
            1,
            2,
            3,
            4,
            5,
            6,
            7,
            8,
            9,
            10,
            11,
            12,
            13,
            14,
            15,
            16,
            17,
            18,
            19,
            20,
            21,
            22,
            23,
            24,
            25,
            26,
            27,
            28,
            29,
            30,
            31,
            32,
            33,
            34,
            35,
            36,
            37,
            38,
            39,
            40,
            41,
            42,
            43,
            44,
            45,
            46,
            47,
            48,
            49,
            50,
            51,
            52,
            53,
            54,
            55,
            56,
            57,
            58,
            59,
            60,
            61,
            62,
            63,
            64,
            65,
            66,
            67,
            68,
            69,
            70,
            71,
            72,
            73,
            74,
            75,
            76,
            77,
            78,
            79,
            80,
            81,
            82,
            83,
            84,
            85,
            86,
            87,
            88,
            89,
            90,
            91,
            92,
            93,
            94,
            95,
            96,
            97,
            98,
            99,
            100
        ],
        "lr_sched_factors": [
            0.1,
            0.2,
            0.3,
            0.4,
            0.5,
            0.6,
            0.7,
            0.8,
            0.9,
            1.0,
            1.0,
            1.0,
            1.0,
            1.0,
            1.0,
            1.0,
            1.0,
            1.0,
            1.0,
            1.0,
            1.0,
            1.0,
            1.0,
            1.0,
            1.0,
            1.0,
            1.0,
            1.0,
            1.0,
            1.0,
            1.0,
            1.0,
            1.0,
            1.0,
            1.0,
            1.0,
            1.0,
            1.0,
            1.0,
            1.0,
            1.0,
            1.0,
            1.0,
            1.0,
            1.0,
            1.0,
            1.0,
            1.0,
            1.0,
            1.0,
            1.0,
            1.0,
            1.0,
            1.0,
            1.0,
            1.0,
            1.0,
            1.0,
            1.0,
            1.0,
            1.0,
            1.0,
            1.0,
            1.0,
            1.0,
            1.0,
            1.0,
            1.0,
            1.0,
            1.0,
            1.0,
            1.0,
            1.0,
            1.0,
            1.0,
            1.0,
            1.0,
            1.0,
            1.0,
            1.0,
            1.0,
            1.0,
            1.0,
            1.0,
            1.0,
            1.0,
            1.0,
            1.0,
            1.0,
            1.0,
            0.9090909090909091,
            0.8181818181818181,
            0.7272727272727273,
            0.6363636363636364,
            0.5454545454545454,
            0.4545454545454546,
            0.36363636363636365,
            0.2727272727272727,
            0.18181818181818177,
            0.09090909090909094
        ]
    },
    "train_losses": [
        355.276114327567,
        106.57625252859933,
        105.3261958530971,
        102.54220908028739,
        100.14868491036552,
        97.17933981759208,
        94.29747881208148,
        91.86414119175502,
        90.00221252441406,
        88.67965807233539,
        87.79140036446708,
        87.21482849121094,
        86.79073660714286,
        86.50443812779018,
        86.30003792898995,
        86.15005166190011,
        86.03782435825893,
        85.95252009800502,
        85.88680049351284,
        85.83555167061942,
        85.79514966692243,
        85.76297977992466,
        85.7371074131557,
        85.71611676897321,
        85.69894300188336,
        85.68477739606585,
        85.67300306047711,
        85.66314152308873,
        85.65482984270368,
        85.6477781023298,
        85.64175633021763,
        85.63659232003349,
        85.63213675362724,
        85.6282719203404,
        85.62490408761161,
        85.62196132114956,
        85.61937713623047,
        85.61709703717914,
        85.61508505684989,
        85.61329977852958,
        85.61171286446708,
        85.61030033656529,
        85.6090327671596,
        85.60790034702846,
        85.6068845476423,
        85.60597120012555,
        85.6051504952567,
        85.60440826416016,
        85.6037368774414,
        85.60313197544643,
        85.60258483886719,
        85.60208892822266,
        85.6016377040318,
        85.60123007638114,
        85.60086168561664,
        85.60052599225726,
        85.60022517613002,
        85.59994942801339,
        85.59969874790737,
        85.59947204589844,
        85.5992671421596,
        85.59908185686383,
        85.59891401018415,
        85.59876578194755,
        85.598630632673,
        85.59850965227399,
        85.59839957101005,
        85.59830801827567,
        85.5982164655413,
        85.59814562116351,
        85.59807586669922,
        85.5980202811105,
        85.5979734148298,
        85.59792981828961,
        85.59789385114398,
        85.59786878313336,
        85.59784371512276,
        85.5978262765067,
        85.59781537737165,
        85.59780883789062,
        85.59780447823661,
        85.59780556815011,
        85.59781210763114,
        85.59781755719867,
        85.59783172607422,
        85.59784371512276,
        85.59786115373883,
        85.59788295200893,
        85.59790475027901,
        85.5979254586356,
        85.59795597621373,
        85.59798213413784,
        85.53861672537667,
        85.50926644461495,
        85.5025144304548,
        85.51201847621373,
        85.50406101771763,
        85.42439814976284,
        85.28272792271206,
        85.15067945207868,
        85.05853053501674
    ],