{
    "testproblem": "quadratic_deep",
    "batch_size": 128,
    "num_epochs": 100,
    "random_seed": 49,
    "l2_reg": null,
    "optimizer_name": "NadamOptimizer",
    "optimizer_hyperparams": {
        "learning_rate": 0.001,
        "beta1": 0.9,
        "beta2": 0.999,
        "epsilon": 1e-07
    },
    "training_params": {
        "lr_sched_epochs": [
            1,
            2,
            3,
            4,
            5,
            6,
            7,
            8,
            9,
            10,
            11,
            12,
            13,
            14,
            15,
            16,
            17,
            18,
            19,
            20,
            21,
            22,
            23,
            24,
            25,
            26,
            27,
            28,
            29,
            30,
            31,
            32,
            33,
            34,
            35,
            36,
            37,
            38,
            39,
            40,
            41,
            42,
            43,
            44,
            45,
            46,
            47,
            48,
            49,
            50,
            51,
            52,
            53,
            54,
            55,
            56,
            57,
            58,
            59,
            60,
            61,
            62,
            63,
            64,
            65,
            66,
            67,
            68,
            69,
            70,
            71,
            72,
            73,
            74,
            75,
            76,
            77,
            78,
            79,
            80,
            81,
            82,
            83,
            84,
            85,
            86,
            87,
            88,
            89,
            90,
            91,
            92,
            93,
            94,
            95,
            96,
            97,
            98,
            99,
            100
        ],
        "lr_sched_factors": [
            0.9755282581475768,
            0.9045084971874737,
            0.7938926261462366,
            0.6545084971874737,
            0.5,
            0.34549150281252633,
            0.2061073738537635,
            0.09549150281252633,
            0.024471741852423234,
            1,
            0.9938441702975689,
            0.9755282581475768,
            0.9455032620941839,
            0.9045084971874737,
            0.8535533905932737,
            0.7938926261462366,
            0.7269952498697734,
            0.6545084971874737,
            0.5782172325201155,
            0.5,
            0.42178276747988447,
            0.34549150281252633,
            0.2730047501302266,
            0.2061073738537635,
            0.14644660940672627,
            0.09549150281252633,
            0.054496737905816106,
            0.024471741852423234,
            0.00615582970243117,
            1,
            0.998458666866564,
            0.9938441702975689,
            0.9861849601988383,
            0.9755282581475768,
            0.9619397662556434,
            0.9455032620941839,
            0.9263200821770461,
            0.9045084971874737,
            0.8802029828000155,
            0.8535533905932737,
            0.8247240241650917,
            0.7938926261462366,
            0.7612492823579744,
            0.7269952498697734,
            0.6913417161825449,
            0.6545084971874737,
            0.6167226819279528,
            0.5782172325201155,
            0.5392295478639225,
            0.5,
            0.4607704521360776,
            0.42178276747988447,
            0.38327731807204746,
            0.34549150281252633,
            0.30865828381745514,
            0.2730047501302266,
            0.2387507176420256,
            0.2061073738537635,
            0.17527597583490823,
            0.14644660940672627,
            0.11979701719998453,
            0.09549150281252633,
            0.07367991782295391,
            0.054496737905816106,
            0.03806023374435663,
            0.024471741852423234,
            0.013815039801161721,
            0.00615582970243117,
            0.001541333133436018,
            1,
            0.9996145181203615,
            0.998458666866564,
            0.9965342284774632,
            0.9938441702975689,
            0.9903926402016152,
            0.9861849601988383,
            0.9812276182268236,
            0.9755282581475768,
            0.9690956679612421,
            0.9619397662556434,
            0.9540715869125407,
            0.9455032620941839,
            0.9362480035363986,
            0.9263200821770461,
            0.9157348061512727,
            0.9045084971874737,
            0.8926584654403724,
            0.8802029828000155,
            0.8671612547178428,
            0.8535533905932737,
            0.839400372766471,
            0.8247240241650917,
            0.8095469746549171,
            0.7938926261462366,
            0.7777851165098011,
            0.7612492823579744,
            0.7443106207484775,
            0.7269952498697734,
            0.7093298687687141,
            0.6913417161825449
        ]
    },
    "train_losses": [
        479.5464869907924,
        465.4371032714844,
        454.6089128766741,
        445.0503365652902,
        436.90125819614957,
        430.3241271972656,
        425.3792724609375,
        422.00106375558033,
        420.00010463169644,
        419.07625906808033,
        418.8396432059152,
        409.2612827845982,
        399.95909336635043,
        391.06103951590404,
        382.6627633231027,
        374.8360072544643,
        367.63311767578125,
        361.08949497767856,
        355.22566877092635,
        350.0486755371094,
        345.553213936942,
        341.7229483468192,
        338.53138514927457,
        335.9426531110491,
        333.91212245396207,
        332.3869323730469,
        331.3064880371094,
        330.602774483817,
        330.2009931291853,
        330.0202854701451,
        329.9747096470424,
        322.6332571847098,
        315.48253086635043,
        308.5670863560268,
        301.9118129185268,
        295.53097098214283,
        289.432852608817,
        283.6217476981027,
        278.0993913922991,
        272.86546107700894,
        267.9179120744978,
        263.2534702845982,
        258.8676234654018,
        254.7549307686942,
        250.90912083217077,
        247.32325526646204,
        243.98986598423548,
        240.90105547223772,
        238.04859052385603,
        235.4239785330636,
        233.01853506905692,
        230.82344927106584,
        228.82982308523995,
        227.02869960239954,
        225.4110390799386,
        223.96776035853796,
        222.68977573939733,
        221.56788635253906,
        220.59284319196428,
        219.75523594447546,
        219.04557582310267,
        218.4541495186942,
        217.9710693359375,
        217.586177280971,
        217.28908211844308,
        217.06905691964286,
        216.91509573800224,
        216.8158438546317,
        216.75964573451452,
        216.7345254080636,
        216.72820172991072,
        212.67139761788505,
        208.73426818847656,
        204.93605041503906,
        201.28391592843192,
        197.77915736607142,
        194.4202662876674,
        191.20429120744978,
        188.1275591169085,
        185.18610273088728,
        182.37577383858817,
        179.6923348563058,
        177.1314937046596,
        174.68898228236608,
        172.36057608468192,
        170.14205496651786,
        168.0292510986328,
        166.01806858607702,
        164.10450744628906,
        162.2845916748047,
        160.55449785505022,
        158.9104483468192,
        157.34878540039062,
        155.86593409946985,
        154.4584721156529,
        153.12304469517298,
        151.85641479492188,
        150.65547616141183,
        149.51722499302454,
        148.4387664794922,
        147.4173344203404
    ],